{"type":"FeatureCollection","features":[{"type":"Feature","properties":{"k":"major","n":"Cardiff Lane"},"geometry":{"type":"LineString","coordinates":[[-6.24086,53.34416],[-6.24082,53.34433],[-6.24082,53.34434],[-6.24082,53.34436],[-6.24081,53.34439],[-6.24079,53.34449]]}},{"type":"Feature","properties":{"k":"major","n":"Parnell Square East"},"geometry":{"type":"LineString","coordinates":[[-6.26353,53.35453],[-6.26345,53.35446]]}},{"type":"Feature","properties":{"k":"minor","n":""},"geometry":{"type":"LineString","coordinates":[[-6.26261,53.33764],[-6.26195,53.33847],[-6.26179,53.3387]]}},{"type":"Feature","properties":{"k":"major","n":"St. Stephen's Green"},"geometry":{"type":"LineString","coordinates":[[-6.25645,53.33889],[-6.25586,53.33873],[-6.25559,53.33866],[-6.25551,53.33864],[-6.25529,53.33859]]}},{"type":"Feature","properties":{"k":"major","n":"Leeson Street Lower"},"geometry":{"type":"LineString","coordinates":[[-6.25402,53.33325],[-6.25404,53.33327],[-6.25418,53.33339],[-6.25473,53.33389],[-6.25517,53.33431],[-6.25523,53.33438],[-6.25526,53.3344]]}},{"type":"Feature","properties":{"k":"major","n":"Dawson Street"},"geometry":{"type":"LineString","coordinates":[[-6.25867,53.33947],[-6.25872,53.33949],[-6.25873,53.3395],[-6.25874,53.33952],[-6.25876,53.33954],[-6.25876,53.33957],[-6.25872,53.33964],[-6.25871,53.33968],[-6.25869,53.33973]]}},{"type":"Feature","properties":{"k":"major","n":"Kildare Street"},"geometry":{"type":"LineString","coordinates":[[-6.25453,53.34221],[-6.25458,53.34213],[-6.2546,53.3421],[-6.25492,53.3415]]}},{"type":"Feature","properties":{"k":"major","n":"Cuffe Street"},"geometry":{"type":"LineString","coordinates":[[-6.26579,53.33763],[-6.26567,53.33766],[-6.26547,53.33766]]}},{"type":"Feature","properties":{"k":"minor","n":""},"geometry":{"type":"LineString","coordinates":[[-6.26336,53.34099],[-6.2634,53.34088],[-6.2634,53.34084]]}},{"type":"Feature","properties":{"k":"major","n":"Pembroke Street Upper"},"geometry":{"type":"LineString","coordinates":[[-6.25343,53.33538],[-6.25352,53.33529],[-6.25373,53.33507],[-6.25381,53.33499],[-6.25385,53.33495],[-6.25389,53.33491],[-6.25452,53.33467],[-6.25511,53.33445],[-6.25526,53.3344]]}},{"type":"Feature","properties":{"k":"major","n":"Manor Street"},"geometry":{"type":"LineString","coordinates":[[-6.28321,53.35163],[-6.28334,53.35179],[-6.28341,53.35186],[-6.28367,53.35212],[-6.28381,53.35225],[-6.28384,53.35228],[-6.28387,53.35231],[-6.28392,53.35236],[-6.284,53.35244],[-6.28417,53.35259],[-6.28434,53.35272],[-6.28456,53.35287],[-6.28484,53.35302]]}},{"type":"Feature","properties":{"k":"major","n":"Blackhall Place"},"geometry":{"type":"LineString","coordinates":[[-6.28251,53.34688],[-6.28246,53.347],[-6.28237,53.34727],[-6.28234,53.34737],[-6.28233,53.3474],[-6.28232,53.34743],[-6.28229,53.34752],[-6.28216,53.34795],[-6.28208,53.34828],[-6.282,53.34858]]}},{"type":"Feature","properties":{"k":"minor","n":""},"geometry":{"type":"LineString","coordinates":[[-6.28391,53.34699],[-6.28389,53.34704],[-6.28377,53.34731]]}},{"type":"Feature","properties":{"k":"major","n":"Queen Street"},"geometry":{"type":"LineString","coordinates":[[-6.27955,53.34961],[-6.27961,53.34936],[-6.27967,53.34914]]}},{"type":"Feature","properties":{"k":"major","n":"Mellows Bridge"},"geometry":{"type":"LineString","coordinates":[[-6.28032,53.34663],[-6.28034,53.3466]]}},{"type":"Feature","properties":{"k":"minor","n":""},"geometry":{"type":"LineString","coordinates":[[-6.27209,53.34498],[-6.2721,53.34505]]}},{"type":"Feature","properties":{"k":"major","n":"Butt Bridge"},"geometry":{"type":"LineString","coordinates":[[-6.255,53.34745],[-6.255,53.34751]]}},{"type":"Feature","properties":{"k":"major","n":"Bridge of Dublin"},"geometry":{"type":"LineString","coordinates":[[-6.27587,53.34528],[-6.27584,53.34532]]}},{"type":"Feature","properties":{"k":"major","n":"George's Quay"},"geometry":{"type":"LineString","coordinates":[[-6.25183,53.34748],[-6.25188,53.34743],[-6.2519,53.34742]]}},{"type":"Feature","properties":{"k":"major","n":"Custom House Quay"},"geometry":{"type":"LineString","coordinates":[[-6.25275,53.34829],[-6.25214,53.34831],[-6.25205,53.34831]]}},{"type":"Feature","properties":{"k":"major","n":"O'Connell Bridge"},"geometry":{"type":"LineString","coordinates":[[-6.2591,53.34758],[-6.25905,53.3475]]}},{"type":"Feature","properties":{"k":"minor","n":""},"geometry":{"type":"LineString","coordinates":[[-6.25946,53.34766],[-6.25971,53.34823]]}},{"type":"Feature","properties":{"k":"major","n":"Eden Quay"},"geometry":{"type":"LineString","coordinates":[[-6.2591,53.34758],[-6.25897,53.34761]]}},{"type":"Feature","properties":{"k":"major","n":"Tara Street"},"geometry":{"type":"LineString","coordinates":[[-6.25502,53.34522],[-6.2551,53.34527],[-6.25514,53.34532],[-6.25515,53.34536],[-6.25515,53.34549]]}},{"type":"Feature","properties":{"k":"minor","n":""},"geometry":{"type":"LineString","coordinates":[[-6.26227,53.34878],[-6.26202,53.34882],[-6.26114,53.34893],[-6.26105,53.34894],[-6.26059,53.34901],[-6.26027,53.34906],[-6.26009,53.34909]]}},{"type":"Feature","properties":{"k":"minor","n":""},"geometry":{"type":"LineString","coordinates":[[-6.26044,53.34988],[-6.26094,53.35112]]}},{"type":"Feature","properties":{"k":"minor","n":""},"geometry":{"type":"LineString","coordinates":[[-6.26134,53.35256],[-6.26128,53.35242],[-6.2612,53.35223],[-6.26114,53.35209],[-6.26112,53.35205],[-6.26107,53.35194]]}},{"type":"Feature","properties":{"k":"minor","n":""},"geometry":{"type":"LineString","coordinates":[[-6.28172,53.35003],[-6.28155,53.35001],[-6.28041,53.34991],[-6.28007,53.34988]]}},{"type":"Feature","properties":{"k":"minor","n":""},"geometry":{"type":"LineString","coordinates":[[-6.27477,53.34801],[-6.27488,53.34802],[-6.27587,53.34801],[-6.27669,53.34801],[-6.27676,53.34801]]}},{"type":"Feature","properties":{"k":"minor","n":""},"geometry":{"type":"LineString","coordinates":[[-6.27656,53.3483],[-6.27653,53.34835],[-6.27626,53.34878]]}},{"type":"Feature","properties":{"k":"major","n":"Church Street"},"geometry":{"type":"LineString","coordinates":[[-6.27563,53.34581],[-6.27558,53.34588],[-6.27556,53.34593],[-6.27549,53.34605],[-6.27529,53.34644]]}},{"type":"Feature","properties":{"k":"minor","n":""},"geometry":{"type":"LineString","coordinates":[[-6.27297,53.34693],[-6.27302,53.34716],[-6.27303,53.34722],[-6.27305,53.34727],[-6.27306,53.34731],[-6.27324,53.34784],[-6.27326,53.34789],[-6.2733,53.34801],[-6.27332,53.34807]]}},{"type":"Feature","properties":{"k":"minor","n":""},"geometry":{"type":"LineString","coordinates":[[-6.2736,53.35016],[-6.27359,53.35006],[-6.27359,53.35003],[-6.27359,53.35001],[-6.27358,53.34987],[-6.27356,53.34968],[-6.27355,53.34957],[-6.27354,53.34944],[-6.27351,53.34927],[-6.27346,53.34888]]}},{"type":"Feature","properties":{"k":"minor","n":""},"geometry":{"type":"LineString","coordinates":[[-6.27221,53.34558],[-6.27222,53.3456],[-6.27223,53.34562],[-6.27236,53.34611],[-6.27245,53.34655],[-6.27246,53.3466],[-6.27263,53.34669]]}},{"type":"Feature","properties":{"k":"major","n":"North King Street"},"geometry":{"type":"LineString","coordinates":[[-6.27571,53.34995],[-6.2769,53.34983],[-6.27751,53.34977],[-6.27756,53.34977],[-6.27765,53.34976],[-6.27775,53.34975],[-6.27806,53.34972]]}},{"type":"Feature","properties":{"k":"major","n":"Arran Quay"},"geometry":{"type":"LineString","coordinates":[[-6.28032,53.34663],[-6.28025,53.34662],[-6.28014,53.3466]]}},{"type":"Feature","properties":{"k":"major","n":"Merchant's Quay"},"geometry":{"type":"LineString","coordinates":[[-6.2722,53.34498],[-6.27271,53.34502],[-6.2734,53.34507],[-6.27444,53.34515],[-6.27475,53.34517]]}},{"type":"Feature","properties":{"k":"major","n":"Ellis Quay"},"geometry":{"type":"LineString","coordinates":[[-6.28391,53.34699],[-6.28381,53.34698],[-6.28368,53.34697],[-6.28335,53.34695]]}},{"type":"Feature","properties":{"k":"major","n":"Gardiner Street Lower"},"geometry":{"type":"LineString","coordinates":[[-6.25373,53.34976],[-6.25386,53.34994]]}},{"type":"Feature","properties":{"k":"major","n":"Beresford Place"},"geometry":{"type":"LineString","coordinates":[[-6.25495,53.34838],[-6.25495,53.34853],[-6.25495,53.34864],[-6.25495,53.34866]]}},{"type":"Feature","properties":{"k":"major","n":"Frederick Street North"},"geometry":{"type":"LineString","coordinates":[[-6.26482,53.35567],[-6.26463,53.35551],[-6.2645,53.35539]]}},{"type":"Feature","properties":{"k":"minor","n":""},"geometry":{"type":"LineString","coordinates":[[-6.25211,53.3458],[-6.25214,53.34563],[-6.25221,53.34519],[-6.25225,53.34485],[-6.25226,53.34482],[-6.2523,53.3447]]}},{"type":"Feature","properties":{"k":"major","n":"Bachelors Walk"},"geometry":{"type":"LineString","coordinates":[[-6.26236,53.34682],[-6.26191,53.34693],[-6.26161,53.347],[-6.26133,53.34707]]}},{"type":"Feature","properties":{"k":"major","n":"Nassau Street"},"geometry":{"type":"LineString","coordinates":[[-6.25578,53.34248],[-6.25561,53.34244],[-6.25468,53.34224],[-6.25463,53.34223]]}},{"type":"Feature","properties":{"k":"major","n":"Clare Street"},"geometry":{"type":"LineString","coordinates":[[-6.25075,53.34117],[-6.25091,53.34122],[-6.25095,53.34124],[-6.251,53.34126],[-6.25154,53.34144],[-6.25213,53.34163],[-6.25216,53.34164]]}},{"type":"Feature","properties":{"k":"major","n":"Merrion Street Lower"},"geometry":{"type":"LineString","coordinates":[[-6.25034,53.34193],[-6.2503,53.34187],[-6.25028,53.34184],[-6.25027,53.34182],[-6.25026,53.34178],[-6.25026,53.34174]]}},{"type":"Feature","properties":{"k":"major","n":"Merrion Square North"},"geometry":{"type":"LineString","coordinates":[[-6.25075,53.34117],[-6.25057,53.3411],[-6.25042,53.34105],[-6.25006,53.34091],[-6.2492,53.34061],[-6.24785,53.34013],[-6.24774,53.34009],[-6.2475,53.34001]]}},{"type":"Feature","properties":{"k":"major","n":"Sandwith Street Lower"},"geometry":{"type":"LineString","coordinates":[[-6.24808,53.34537],[-6.24774,53.34524],[-6.24768,53.34521],[-6.24754,53.34515],[-6.24738,53.34508],[-6.24722,53.34494],[-6.24713,53.34484]]}},{"type":"Feature","properties":{"k":"major","n":"Lombard Street East"},"geometry":{"type":"LineString","coordinates":[[-6.24746,53.34673],[-6.24758,53.34672],[-6.24767,53.34671],[-6.24769,53.3467],[-6.24776,53.34668]]}},{"type":"Feature","properties":{"k":"minor","n":""},"geometry":{"type":"LineString","coordinates":[[-6.24625,53.34658],[-6.24626,53.34652],[-6.24644,53.34586],[-6.24661,53.34521],[-6.24661,53.3452],[-6.24663,53.34515]]}},{"type":"Feature","properties":{"k":"major","n":"Pearse Street"},"geometry":{"type":"LineString","coordinates":[[-6.24578,53.34343],[-6.24613,53.34346],[-6.24617,53.34347],[-6.24624,53.34349],[-6.24633,53.34351],[-6.24641,53.34353]]}},{"type":"Feature","properties":{"k":"major","n":"Aungier Street"},"geometry":{"type":"LineString","coordinates":[[-6.26609,53.3384],[-6.26611,53.33845],[-6.26611,53.33849],[-6.26611,53.33854]]}},{"type":"Feature","properties":{"k":"major","n":"Dame Street"},"geometry":{"type":"LineString","coordinates":[[-6.26445,53.34418],[-6.26425,53.34418],[-6.2638,53.34419],[-6.26372,53.3442],[-6.26334,53.34421]]}},{"type":"Feature","properties":{"k":"major","n":"Wellington Quay"},"geometry":{"type":"LineString","coordinates":[[-6.26302,53.34605],[-6.26339,53.34598]]}},{"type":"Feature","properties":{"k":"major","n":"Ormond Quay Lower"},"geometry":{"type":"LineString","coordinates":[[-6.2657,53.34626],[-6.26515,53.34631],[-6.26506,53.34632],[-6.26467,53.34636],[-6.26433,53.34639],[-6.26413,53.34643],[-6.26387,53.34648],[-6.26339,53.34659],[-6.26327,53.34661],[-6.2632,53.34663]]}},{"type":"Feature","properties":{"k":"minor","n":""},"geometry":{"type":"LineString","coordinates":[[-6.25544,53.3379],[-6.25527,53.33787],[-6.25433,53.33763],[-6.25423,53.3376],[-6.25416,53.33759]]}},{"type":"Feature","properties":{"k":"minor","n":""},"geometry":{"type":"LineString","coordinates":[[-6.25411,53.33758],[-6.25408,53.33759],[-6.25407,53.33761],[-6.25369,53.3381]]}},{"type":"Feature","properties":{"k":"major","n":"Merrion Row"},"geometry":{"type":"LineString","coordinates":[[-6.25485,53.33847],[-6.25467,53.33842],[-6.25433,53.33833],[-6.25432,53.33833],[-6.25431,53.33833],[-6.25418,53.33829],[-6.2538,53.33819],[-6.25375,53.33818],[-6.25363,53.33815]]}},{"type":"Feature","properties":{"k":"major","n":"Baggot Street Lower"},"geometry":{"type":"LineString","coordinates":[[-6.25363,53.33815],[-6.25291,53.33796],[-6.25246,53.33787],[-6.25223,53.33783],[-6.25199,53.33779],[-6.25157,53.3377]]}},{"type":"Feature","properties":{"k":"minor","n":""},"geometry":{"type":"LineString","coordinates":[[-6.2591,53.35679],[-6.25901,53.35686],[-6.25898,53.35688],[-6.25893,53.35691],[-6.25851,53.35706]]}},{"type":"Feature","properties":{"k":"major","n":"Mountjoy Square West"},"geometry":{"type":"LineString","coordinates":[[-6.25794,53.35564],[-6.25803,53.35574]]}},{"type":"Feature","properties":{"k":"minor","n":""},"geometry":{"type":"LineString","coordinates":[[-6.2559,53.35637],[-6.25599,53.35634],[-6.25607,53.35631],[-6.25777,53.3557],[-6.25784,53.35568],[-6.25794,53.35564]]}},{"type":"Feature","properties":{"k":"minor","n":""},"geometry":{"type":"LineString","coordinates":[[-6.2571,53.35753],[-6.25699,53.35743],[-6.25698,53.35742],[-6.25694,53.35739],[-6.25651,53.35697],[-6.25625,53.35672],[-6.25606,53.35652],[-6.256,53.35647]]}},{"type":"Feature","properties":{"k":"minor","n":""},"geometry":{"type":"LineString","coordinates":[[-6.2571,53.35753],[-6.25699,53.35753],[-6.2569,53.35754],[-6.25684,53.35755],[-6.2563,53.35775],[-6.25594,53.35788],[-6.25585,53.35791],[-6.25529,53.35812],[-6.25483,53.35829],[-6.25468,53.35835],[-6.2546,53.35839]]}},{"type":"Feature","properties":{"k":"minor","n":""},"geometry":{"type":"LineString","coordinates":[[-6.25803,53.35574],[-6.25814,53.35569],[-6.25847,53.35553],[-6.25886,53.35534],[-6.25974,53.35492]]}},{"type":"Feature","properties":{"k":"major","n":"Summerhill"},"geometry":{"type":"LineString","coordinates":[[-6.25457,53.35503],[-6.25465,53.35499],[-6.2556,53.35463],[-6.2567,53.35423],[-6.25689,53.35421]]}},{"type":"Feature","properties":{"k":"minor","n":""},"geometry":{"type":"LineString","coordinates":[[-6.26098,53.35581],[-6.26084,53.35588],[-6.26005,53.35627],[-6.25923,53.35667],[-6.25919,53.35669],[-6.2591,53.35679]]}},{"type":"Feature","properties":{"k":"major","n":"Parnell Street"},"geometry":{"type":"LineString","coordinates":[[-6.2609,53.35282],[-6.26118,53.35266],[-6.26134,53.35256]]}},{"type":"Feature","properties":{"k":"minor","n":""},"geometry":{"type":"LineString","coordinates":[[-6.26301,53.33409],[-6.26321,53.3346],[-6.26326,53.33487],[-6.26331,53.33517],[-6.26334,53.33536],[-6.26335,53.33543],[-6.26336,53.33559],[-6.26336,53.33605],[-6.26331,53.33637],[-6.26329,53.33644],[-6.26328,53.33654]]}},{"type":"Feature","properties":{"k":"minor","n":""},"geometry":{"type":"LineString","coordinates":[[-6.2501,53.33907],[-6.25002,53.33905],[-6.24918,53.33876],[-6.24814,53.33839],[-6.24786,53.33829],[-6.24781,53.33827],[-6.24771,53.33823]]}},{"type":"Feature","properties":{"k":"minor","n":""},"geometry":{"type":"LineString","coordinates":[[-6.25075,53.34117],[-6.25082,53.34108],[-6.25085,53.34105],[-6.25088,53.34102],[-6.25089,53.34101],[-6.251,53.34089]]}},{"type":"Feature","properties":{"k":"minor","n":""},"geometry":{"type":"LineString","coordinates":[[-6.24652,53.33942],[-6.247,53.33893],[-6.24701,53.33892],[-6.24762,53.33831],[-6.24771,53.33823]]}},{"type":"Feature","properties":{"k":"major","n":"Lincoln Place"},"geometry":{"type":"LineString","coordinates":[[-6.25254,53.34186],[-6.25247,53.34187],[-6.2524,53.34189],[-6.25234,53.34191],[-6.25218,53.34197],[-6.25196,53.34205],[-6.25169,53.34216],[-6.25163,53.34218],[-6.25156,53.34218]]}},{"type":"Feature","properties":{"k":"major","n":"Lincoln Place"},"geometry":{"type":"LineString","coordinates":[[-6.2504,53.34194],[-6.25034,53.34193]]}},{"type":"Feature","properties":{"k":"minor","n":""},"geometry":{"type":"LineString","coordinates":[[-6.24771,53.33823],[-6.24779,53.33814],[-6.24838,53.33757],[-6.24853,53.33742],[-6.24899,53.33695],[-6.24907,53.33686]]}},{"type":"Feature","properties":{"k":"major","n":"Hatch Street Upper"},"geometry":{"type":"LineString","coordinates":[[-6.26202,53.33404],[-6.26042,53.33394],[-6.26015,53.33393],[-6.25998,53.33393],[-6.25961,53.33391],[-6.2589,53.33387],[-6.25879,53.33387],[-6.25862,53.33386]]}},{"type":"Feature","properties":{"k":"minor","n":""},"geometry":{"type":"LineString","coordinates":[[-6.25862,53.33386],[-6.25849,53.33385],[-6.25842,53.33385],[-6.25834,53.33384],[-6.25786,53.33381],[-6.25769,53.33381],[-6.2576,53.33381],[-6.25746,53.33381],[-6.25737,53.33383],[-6.25727,53.33384],[-6.25695,53.3339],[-6.25646,53.33401],[-6.25622,53.33406],[-6.25596,53.33415]]}},{"type":"Feature","properties":{"k":"park","n":""},"geometry":{"type":"Polygon","coordinates":[[[-6.24777,53.3384],[-6.24781,53.3384],[-6.24785,53.3384],[-6.2491,53.33884],[-6.25042,53.33931],[-6.25169,53.33976],[-6.25172,53.33978],[-6.25173,53.3398],[-6.25172,53.33982],[-6.2517,53.33984],[-6.25149,53.34007],[-6.25147,53.34009],[-6.25145,53.34011],[-6.25124,53.34032],[-6.25113,53.34044],[-6.25088,53.34071],[-6.25086,53.34072],[-6.25085,53.34074],[-6.25079,53.34079],[-6.25074,53.34085],[-6.25066,53.34093],[-6.25064,53.34095],[-6.2506,53.34095],[-6.25056,53.34095],[-6.25052,53.34094],[-6.25016,53.34081],[-6.24984,53.3407],[-6.24931,53.34052],[-6.24929,53.34051],[-6.24927,53.3405],[-6.24796,53.34004],[-6.24794,53.34004],[-6.24792,53.34003],[-6.24665,53.33959],[-6.24663,53.33957],[-6.24662,53.33955],[-6.24662,53.33954],[-6.24663,53.33952],[-6.24715,53.33899],[-6.24717,53.33898],[-6.24718,53.33896],[-6.24771,53.33844],[-6.24773,53.33841],[-6.24777,53.3384]]]}},{"type":"Feature","properties":{"k":"major","n":"Kevin Street Lower"},"geometry":{"type":"LineString","coordinates":[[-6.2693,53.33815],[-6.269,53.33799],[-6.26863,53.33782],[-6.26847,53.33777],[-6.2683,53.33773]]}},{"type":"Feature","properties":{"k":"major","n":"Cuffe Street"},"geometry":{"type":"LineString","coordinates":[[-6.2627,53.33754],[-6.26282,53.33755],[-6.26293,53.33755],[-6.2637,53.33755]]}},{"type":"Feature","properties":{"k":"major","n":"Pearse Street"},"geometry":{"type":"LineString","coordinates":[[-6.25502,53.34522],[-6.25526,53.34526],[-6.25531,53.34527]]}},{"type":"Feature","properties":{"k":"major","n":"Amiens Street"},"geometry":{"type":"LineString","coordinates":[[-6.25104,53.34992],[-6.25102,53.34995],[-6.25102,53.34995],[-6.251,53.34998],[-6.25098,53.35],[-6.25098,53.35001],[-6.25092,53.35009],[-6.25089,53.35013],[-6.25082,53.35024],[-6.2507,53.35041]]}},{"type":"Feature","properties":{"k":"major","n":"Portland Row"},"geometry":{"type":"LineString","coordinates":[[-6.24977,53.35701],[-6.24965,53.35692],[-6.24961,53.35689],[-6.24904,53.35646],[-6.249,53.35643],[-6.24893,53.35638],[-6.2486,53.35614],[-6.24846,53.35604],[-6.24843,53.35601],[-6.24839,53.35598],[-6.24836,53.35596],[-6.248,53.35569],[-6.24795,53.35565]]}},{"type":"Feature","properties":{"k":"major","n":"North Strand Road"},"geometry":{"type":"LineString","coordinates":[[-6.24401,53.3567],[-6.24397,53.35673],[-6.24387,53.35679],[-6.24382,53.35682],[-6.24381,53.35683],[-6.24333,53.35715],[-6.24282,53.35748],[-6.24274,53.35753],[-6.24261,53.35762],[-6.24232,53.35781],[-6.24218,53.3579],[-6.24206,53.35799],[-6.2417,53.35824],[-6.24164,53.35829],[-6.24159,53.35832],[-6.24155,53.35835],[-6.24117,53.35863]]}},{"type":"Feature","properties":{"k":"minor","n":""},"geometry":{"type":"LineString","coordinates":[[-6.25735,53.34591],[-6.25718,53.3459],[-6.25715,53.3459],[-6.25706,53.3459],[-6.25699,53.34591]]}},{"type":"Feature","properties":{"k":"minor","n":""},"geometry":{"type":"LineString","coordinates":[[-6.2718,53.34295],[-6.27181,53.34305],[-6.27179,53.34315],[-6.27179,53.34323]]}},{"type":"Feature","properties":{"k":"major","n":"College Green"},"geometry":{"type":"LineString","coordinates":[[-6.25947,53.34448],[-6.25952,53.34444],[-6.25958,53.34441],[-6.25964,53.34439]]}},{"type":"Feature","properties":{"k":"minor","n":""},"geometry":{"type":"LineString","coordinates":[[-6.24663,53.34515],[-6.24655,53.34514],[-6.2465,53.34513],[-6.24646,53.34513],[-6.24639,53.34512],[-6.24589,53.34505],[-6.24567,53.34502],[-6.24529,53.34497],[-6.2447,53.34489],[-6.2439,53.3448]]}},{"type":"Feature","properties":{"k":"minor","n":""},"geometry":{"type":"LineString","coordinates":[[-6.2439,53.3448],[-6.24396,53.34475],[-6.24419,53.34417],[-6.2442,53.34413],[-6.24429,53.34391],[-6.24441,53.34358],[-6.24451,53.34331],[-6.24456,53.34318]]}},{"type":"Feature","properties":{"k":"major","n":"Sir John Rogerson's Quay"},"geometry":{"type":"LineString","coordinates":[[-6.24625,53.34658],[-6.24574,53.34654],[-6.24485,53.34647],[-6.24351,53.34638]]}},{"type":"Feature","properties":{"k":"minor","n":""},"geometry":{"type":"LineString","coordinates":[[-6.24644,53.34586],[-6.24556,53.34577],[-6.24503,53.34572],[-6.245,53.34578]]}},{"type":"Feature","properties":{"k":"major","n":"Memorial Road"},"geometry":{"type":"LineString","coordinates":[[-6.25138,53.34956],[-6.25124,53.34967],[-6.2512,53.3497],[-6.25118,53.34971],[-6.25115,53.34975],[-6.25114,53.34977],[-6.25111,53.34981]]}},{"type":"Feature","properties":{"k":"major","n":"Gardiner Street Lower"},"geometry":{"type":"LineString","coordinates":[[-6.25373,53.34976],[-6.25359,53.34963],[-6.25353,53.34957],[-6.2535,53.34953],[-6.25347,53.3495],[-6.25342,53.34945],[-6.25339,53.34942]]}},{"type":"Feature","properties":{"k":"major","n":"Dorset Street Lower"},"geometry":{"type":"LineString","coordinates":[[-6.26386,53.35754],[-6.26323,53.35805],[-6.26274,53.35845],[-6.26219,53.35892],[-6.26204,53.35903]]}},{"type":"Feature","properties":{"k":"major","n":"Granby Row"},"geometry":{"type":"LineString","coordinates":[[-6.26543,53.35351],[-6.2656,53.35362],[-6.26563,53.35364],[-6.26599,53.35388],[-6.26603,53.3539],[-6.26604,53.3539]]}},{"type":"Feature","properties":{"k":"major","n":"Western Way"},"geometry":{"type":"LineString","coordinates":[[-6.27198,53.35519],[-6.27187,53.35523],[-6.27171,53.35527],[-6.27149,53.3553],[-6.27125,53.3553],[-6.27101,53.35528],[-6.27071,53.35523],[-6.26984,53.35507],[-6.26963,53.35503],[-6.26939,53.35499],[-6.2693,53.35497]]}},{"type":"Feature","properties":{"k":"major","n":"Western Way"},"geometry":{"type":"LineString","coordinates":[[-6.2688,53.35475],[-6.2693,53.35497]]}},{"type":"Feature","properties":{"k":"minor","n":""},"geometry":{"type":"LineString","coordinates":[[-6.2693,53.35497],[-6.26877,53.35492],[-6.26864,53.35491]]}},{"type":"Feature","properties":{"k":"major","n":"Saint Mary's Place"},"geometry":{"type":"LineString","coordinates":[[-6.26692,53.35421],[-6.26707,53.35427],[-6.26712,53.35429],[-6.26752,53.35444]]}},{"type":"Feature","properties":{"k":"minor","n":""},"geometry":{"type":"LineString","coordinates":[[-6.26752,53.35444],[-6.26769,53.35454],[-6.26782,53.35462],[-6.26785,53.35464],[-6.26786,53.35467],[-6.26789,53.35473],[-6.26793,53.35477],[-6.26796,53.3548],[-6.26842,53.35493],[-6.26847,53.35495],[-6.26859,53.35497]]}},{"type":"Feature","properties":{"k":"major","n":"Berkeley Road"},"geometry":{"type":"LineString","coordinates":[[-6.2698,53.35924],[-6.26981,53.35916],[-6.26981,53.35908],[-6.2698,53.359],[-6.26976,53.35893],[-6.26962,53.35875],[-6.26943,53.35854],[-6.26939,53.35849],[-6.26907,53.35815],[-6.26904,53.35811],[-6.26901,53.35808],[-6.26899,53.35805],[-6.26877,53.35783],[-6.2687,53.35774],[-6.2686,53.35763]]}},{"type":"Feature","properties":{"k":"minor","n":""},"geometry":{"type":"LineString","coordinates":[[-6.26964,53.35718],[-6.26819,53.35682],[-6.26813,53.35681],[-6.26805,53.3568],[-6.26793,53.35677]]}},{"type":"Feature","properties":{"k":"major","n":"Blessington Street"},"geometry":{"type":"LineString","coordinates":[[-6.26784,53.35674],[-6.26777,53.35672],[-6.26724,53.35658],[-6.26626,53.35633]]}},{"type":"Feature","properties":{"k":"major","n":"Cavendish Row"},"geometry":{"type":"LineString","coordinates":[[-6.2617,53.35294],[-6.26167,53.3529],[-6.26162,53.35282],[-6.2616,53.35279],[-6.26159,53.35276],[-6.26158,53.35273]]}},{"type":"Feature","properties":{"k":"major","n":"Parnell Street"},"geometry":{"type":"LineString","coordinates":[[-6.26686,53.3503],[-6.26656,53.35039],[-6.26654,53.3504]]}},{"type":"Feature","properties":{"k":"minor","n":""},"geometry":{"type":"LineString","coordinates":[[-6.2683,53.35296],[-6.26814,53.35288],[-6.26786,53.35272],[-6.26775,53.35266],[-6.26736,53.35243],[-6.26723,53.35236],[-6.26686,53.35215],[-6.26676,53.3521]]}},{"type":"Feature","properties":{"k":"major","n":"Parnell Street"},"geometry":{"type":"LineString","coordinates":[[-6.26304,53.35172],[-6.26309,53.35169],[-6.26314,53.35166],[-6.26351,53.35147],[-6.26366,53.3514],[-6.26428,53.35111],[-6.26455,53.351]]}},{"type":"Feature","properties":{"k":"pedestrian","n":""},"geometry":{"type":"LineString","coordinates":[[-6.26442,53.34915],[-6.2648,53.34909],[-6.26511,53.34904],[-6.26576,53.34894],[-6.26651,53.34882],[-6.26655,53.34881],[-6.26665,53.3488]]}},{"type":"Feature","properties":{"k":"pedestrian","n":""},"geometry":{"type":"LineString","coordinates":[[-6.26442,53.34915],[-6.26419,53.34867]]}},{"type":"Feature","properties":{"k":"minor","n":""},"geometry":{"type":"LineString","coordinates":[[-6.26345,53.34794],[-6.26354,53.34792],[-6.26359,53.3479],[-6.26361,53.34788],[-6.26361,53.34785],[-6.26341,53.34727],[-6.26339,53.34719]]}},{"type":"Feature","properties":{"k":"pedestrian","n":""},"geometry":{"type":"LineString","coordinates":[[-6.26922,53.34963],[-6.26917,53.34949]]}},{"type":"Feature","properties":{"k":"minor","n":""},"geometry":{"type":"LineString","coordinates":[[-6.26789,53.34608],[-6.26787,53.34604]]}},{"type":"Feature","properties":{"k":"major","n":"Dame Street"},"geometry":{"type":"LineString","coordinates":[[-6.26723,53.34411],[-6.26708,53.34413],[-6.26699,53.34414],[-6.26687,53.34415],[-6.2668,53.34416]]}},{"type":"Feature","properties":{"k":"minor","n":""},"geometry":{"type":"LineString","coordinates":[[-6.27165,53.35432],[-6.27118,53.35411],[-6.27062,53.35387],[-6.26993,53.35358]]}},{"type":"Feature","properties":{"k":"minor","n":""},"geometry":{"type":"LineString","coordinates":[[-6.27129,53.35288],[-6.27109,53.35282],[-6.26969,53.35237]]}},{"type":"Feature","properties":{"k":"major","n":"Constitution Hill"},"geometry":{"type":"LineString","coordinates":[[-6.27322,53.35436],[-6.27318,53.3543],[-6.27314,53.35425],[-6.27312,53.35422]]}},{"type":"Feature","properties":{"k":"major","n":"Bolton Street"},"geometry":{"type":"LineString","coordinates":[[-6.27007,53.35107],[-6.26997,53.35117],[-6.26994,53.3512]]}},{"type":"Feature","properties":{"k":"major","n":"Dorset Street Upper"},"geometry":{"type":"LineString","coordinates":[[-6.2683,53.35296],[-6.26822,53.35303],[-6.26806,53.35317],[-6.26701,53.35413],[-6.26692,53.35421]]}},{"type":"Feature","properties":{"k":"minor","n":""},"geometry":{"type":"LineString","coordinates":[[-6.25905,53.34584],[-6.259,53.34586],[-6.25897,53.34586],[-6.25892,53.34587],[-6.25855,53.34588],[-6.25764,53.34591],[-6.25755,53.34592],[-6.2575,53.34592],[-6.25735,53.34591]]}},{"type":"Feature","properties":{"k":"minor","n":""},"geometry":{"type":"LineString","coordinates":[[-6.26247,53.34563],[-6.26238,53.34563],[-6.26182,53.34565]]}},{"type":"Feature","properties":{"k":"pedestrian","n":""},"geometry":{"type":"LineString","coordinates":[[-6.26284,53.34561],[-6.26286,53.34564],[-6.26288,53.34585],[-6.26289,53.34586]]}},{"type":"Feature","properties":{"k":"major","n":"Burgh Quay"},"geometry":{"type":"LineString","coordinates":[[-6.25879,53.347],[-6.25894,53.34697]]}},{"type":"Feature","properties":{"k":"minor","n":""},"geometry":{"type":"LineString","coordinates":[[-6.26647,53.34507],[-6.26571,53.34519],[-6.26569,53.3452],[-6.26563,53.34525],[-6.26556,53.3453],[-6.26551,53.34533],[-6.26546,53.34535],[-6.26541,53.34536],[-6.26494,53.34543]]}},{"type":"Feature","properties":{"k":"minor","n":""},"geometry":{"type":"LineString","coordinates":[[-6.26485,53.34417],[-6.26482,53.34426],[-6.26481,53.34429],[-6.26482,53.34455],[-6.26482,53.34463],[-6.26483,53.34492],[-6.26486,53.34512],[-6.26493,53.34539],[-6.26494,53.34543]]}},{"type":"Feature","properties":{"k":"major","n":"Bachelors Walk"},"geometry":{"type":"LineString","coordinates":[[-6.25931,53.34753],[-6.25926,53.34754]]}},{"type":"Feature","properties":{"k":"major","n":"Usher's Quay"},"geometry":{"type":"LineString","coordinates":[[-6.27751,53.3456],[-6.27791,53.34568],[-6.27876,53.34584],[-6.27977,53.34603]]}},{"type":"Feature","properties":{"k":"minor","n":""},"geometry":{"type":"LineString","coordinates":[[-6.28266,53.3464],[-6.28264,53.34646]]}},{"type":"Feature","properties":{"k":"minor","n":""},"geometry":{"type":"LineString","coordinates":[[-6.28391,53.34699],[-6.28395,53.34693]]}},{"type":"Feature","properties":{"k":"major","n":"Usher's Island"},"geometry":{"type":"LineString","coordinates":[[-6.28051,53.34618],[-6.28059,53.34619],[-6.28078,53.34621]]}},{"type":"Feature","properties":{"k":"major","n":"Inns Quay"},"geometry":{"type":"LineString","coordinates":[[-6.27542,53.34579],[-6.27465,53.34572],[-6.2734,53.34561],[-6.27285,53.34557],[-6.2728,53.34557]]}},{"type":"Feature","properties":{"k":"major","n":"O'Connell Bridge"},"geometry":{"type":"LineString","coordinates":[[-6.25905,53.3475],[-6.25905,53.34749],[-6.25895,53.34731]]}},{"type":"Feature","properties":{"k":"major","n":"Leeson Street Lower"},"geometry":{"type":"LineString","coordinates":[[-6.25587,53.33499],[-6.25599,53.33511],[-6.25616,53.33528],[-6.25631,53.33541],[-6.25635,53.33545],[-6.25638,53.33548],[-6.25674,53.33583]]}},{"type":"Feature","properties":{"k":"major","n":"College Street"},"geometry":{"type":"LineString","coordinates":[[-6.25752,53.34561],[-6.25775,53.34556],[-6.25791,53.34552],[-6.25817,53.34543],[-6.25843,53.34533]]}},{"type":"Feature","properties":{"k":"minor","n":""},"geometry":{"type":"LineString","coordinates":[[-6.26066,53.3399],[-6.26075,53.33989],[-6.26081,53.33986],[-6.26085,53.33983],[-6.26088,53.33979],[-6.26126,53.33933],[-6.26139,53.33916],[-6.26143,53.33912],[-6.26147,53.3391]]}},{"type":"Feature","properties":{"k":"minor","n":""},"geometry":{"type":"LineString","coordinates":[[-6.24081,53.35034],[-6.24078,53.35023],[-6.24079,53.35011],[-6.24095,53.34921],[-6.24096,53.34912]]}},{"type":"Feature","properties":{"k":"major","n":"Seville Place"},"geometry":{"type":"LineString","coordinates":[[-6.24648,53.35457],[-6.24643,53.35454],[-6.24641,53.35452],[-6.24621,53.35437]]}},{"type":"Feature","properties":{"k":"major","n":"Sheriff Street Upper"},"geometry":{"type":"LineString","coordinates":[[-6.24037,53.35058],[-6.24008,53.35056]]}},{"type":"Feature","properties":{"k":"major","n":"Sheriff Street Upper"},"geometry":{"type":"LineString","coordinates":[[-6.23988,53.35055],[-6.23982,53.35055],[-6.23966,53.35053],[-6.23943,53.35052],[-6.23727,53.35037],[-6.23648,53.35031],[-6.23639,53.35031]]}},{"type":"Feature","properties":{"k":"major","n":"College Green"},"geometry":{"type":"LineString","coordinates":[[-6.25936,53.34468],[-6.25922,53.34484]]}},{"type":"Feature","properties":{"k":"pedestrian","n":""},"geometry":{"type":"LineString","coordinates":[[-6.26039,53.34363],[-6.25952,53.34331],[-6.2595,53.3433],[-6.25945,53.34328],[-6.25943,53.34327],[-6.25939,53.34324]]}},{"type":"Feature","properties":{"k":"minor","n":""},"geometry":{"type":"LineString","coordinates":[[-6.26087,53.34386],[-6.26089,53.34405],[-6.26089,53.34422],[-6.2609,53.34428]]}},{"type":"Feature","properties":{"k":"minor","n":""},"geometry":{"type":"LineString","coordinates":[[-6.25053,53.33539],[-6.25132,53.33458]]}},{"type":"Feature","properties":{"k":"minor","n":""},"geometry":{"type":"LineString","coordinates":[[-6.25343,53.33538],[-6.25333,53.33534],[-6.25147,53.33464],[-6.2514,53.33461],[-6.25132,53.33458]]}},{"type":"Feature","properties":{"k":"minor","n":""},"geometry":{"type":"LineString","coordinates":[[-6.25269,53.33618],[-6.25258,53.33614],[-6.25065,53.33543],[-6.25062,53.33542],[-6.25053,53.33539]]}},{"type":"Feature","properties":{"k":"major","n":"College Green"},"geometry":{"type":"LineString","coordinates":[[-6.26087,53.34441],[-6.26071,53.34441],[-6.26043,53.34444],[-6.26028,53.34445],[-6.26008,53.34447]]}},{"type":"Feature","properties":{"k":"major","n":"College Green"},"geometry":{"type":"LineString","coordinates":[[-6.26181,53.34428],[-6.26165,53.34432],[-6.26135,53.34436],[-6.26107,53.34439],[-6.26095,53.34441],[-6.26091,53.34441]]}},{"type":"Feature","properties":{"k":"minor","n":""},"geometry":{"type":"LineString","coordinates":[[-6.25867,53.33947],[-6.25882,53.3395],[-6.25891,53.33953],[-6.25897,53.33954]]}},{"type":"Feature","properties":{"k":"minor","n":""},"geometry":{"type":"LineString","coordinates":[[-6.26038,53.35038],[-6.26031,53.35039],[-6.26023,53.3504],[-6.25932,53.35055]]}},{"type":"Feature","properties":{"k":"minor","n":""},"geometry":{"type":"LineString","coordinates":[[-6.26517,53.33387],[-6.26509,53.33383],[-6.26506,53.33379]]}},{"type":"Feature","properties":{"k":"major","n":"Harcourt Street"},"geometry":{"type":"LineString","coordinates":[[-6.26291,53.33375],[-6.26276,53.33337],[-6.26272,53.33327],[-6.26263,53.33303],[-6.26262,53.33299],[-6.26262,53.33296],[-6.26264,53.33291],[-6.26265,53.33289],[-6.26267,53.33286],[-6.26282,53.33273]]}},{"type":"Feature","properties":{"k":"major","n":"Camden Street Lower"},"geometry":{"type":"LineString","coordinates":[[-6.26521,53.33548],[-6.26523,53.33524],[-6.26523,53.33513],[-6.26525,53.33473],[-6.26526,53.33471],[-6.26526,53.33466],[-6.26526,53.33464],[-6.26527,53.3344],[-6.26528,53.33425],[-6.26528,53.3342],[-6.26528,53.33414]]}},{"type":"Feature","properties":{"k":"major","n":"Camden Street Upper"},"geometry":{"type":"LineString","coordinates":[[-6.2649,53.33277],[-6.26505,53.33347]]}},{"type":"Feature","properties":{"k":"major","n":"Harcourt Street"},"geometry":{"type":"LineString","coordinates":[[-6.26318,53.33381],[-6.26311,53.33383],[-6.26308,53.33385],[-6.26301,53.33389]]}},{"type":"Feature","properties":{"k":"major","n":"Earlsfort Terrace"},"geometry":{"type":"LineString","coordinates":[[-6.25726,53.33614],[-6.25732,53.33604],[-6.25733,53.33602],[-6.25735,53.33599],[-6.25754,53.33564],[-6.25758,53.33556],[-6.25782,53.33519],[-6.25787,53.33514],[-6.25788,53.33512],[-6.25795,53.33501],[-6.25804,53.33486],[-6.25807,53.33482],[-6.25857,53.33399],[-6.2586,53.33393],[-6.25862,53.33386]]}},{"type":"Feature","properties":{"k":"major","n":"St. Stephen's Green"},"geometry":{"type":"LineString","coordinates":[[-6.26261,53.33764],[-6.26256,53.33764],[-6.2625,53.33764],[-6.2624,53.33762],[-6.26217,53.33753],[-6.26113,53.33725],[-6.26005,53.33696],[-6.26001,53.33695],[-6.2598,53.33689],[-6.2594,53.33675]]}},{"type":"Feature","properties":{"k":"minor","n":""},"geometry":{"type":"LineString","coordinates":[[-6.2398,53.34346],[-6.23985,53.3432],[-6.2399,53.34297],[-6.23995,53.3427],[-6.23997,53.3426]]}},{"type":"Feature","properties":{"k":"minor","n":""},"geometry":{"type":"LineString","coordinates":[[-6.23838,53.34427],[-6.23756,53.34421],[-6.23722,53.34418],[-6.23655,53.34412],[-6.23622,53.3441]]}},{"type":"Feature","properties":{"k":"minor","n":""},"geometry":{"type":"LineString","coordinates":[[-6.24047,53.34613],[-6.24026,53.34612],[-6.2402,53.34612],[-6.23948,53.34607],[-6.2383,53.34598],[-6.23816,53.34597],[-6.23802,53.34596]]}},{"type":"Feature","properties":{"k":"minor","n":""},"geometry":{"type":"LineString","coordinates":[[-6.23708,53.34501],[-6.23691,53.34589]]}},{"type":"Feature","properties":{"k":"minor","n":""},"geometry":{"type":"LineString","coordinates":[[-6.24672,53.33973],[-6.24665,53.3398],[-6.2466,53.33985],[-6.24647,53.34],[-6.24627,53.34022],[-6.24593,53.34057],[-6.24575,53.34076],[-6.24554,53.34099],[-6.24548,53.34106],[-6.2454,53.34115]]}},{"type":"Feature","properties":{"k":"minor","n":""},"geometry":{"type":"LineString","coordinates":[[-6.24619,53.34138],[-6.24618,53.34144],[-6.24618,53.34146],[-6.24618,53.34148],[-6.24619,53.34153],[-6.24619,53.34158],[-6.24619,53.34161],[-6.2462,53.34176],[-6.24623,53.34202],[-6.24623,53.34206],[-6.24624,53.34212],[-6.24626,53.34226],[-6.24627,53.34234],[-6.24629,53.34256],[-6.2463,53.34264],[-6.24631,53.3427]]}},{"type":"Feature","properties":{"k":"minor","n":""},"geometry":{"type":"LineString","coordinates":[[-6.24127,53.34217],[-6.24125,53.34224],[-6.24119,53.34259],[-6.24118,53.34262],[-6.24117,53.34265],[-6.24115,53.34275]]}},{"type":"Feature","properties":{"k":"minor","n":""},"geometry":{"type":"LineString","coordinates":[[-6.2439,53.3448],[-6.24328,53.34473],[-6.24303,53.34471],[-6.24287,53.3447],[-6.24276,53.34469],[-6.24264,53.34467],[-6.24252,53.34465],[-6.24222,53.34456],[-6.24217,53.34455],[-6.24215,53.34454],[-6.242,53.34451],[-6.24187,53.34449],[-6.24176,53.34448]]}},{"type":"Feature","properties":{"k":"minor","n":""},"geometry":{"type":"LineString","coordinates":[[-6.24351,53.34638],[-6.24364,53.34585],[-6.24371,53.34553],[-6.24374,53.34538],[-6.24387,53.34484],[-6.2439,53.3448]]}},{"type":"Feature","properties":{"k":"major","n":"Townsend Street"},"geometry":{"type":"LineString","coordinates":[[-6.25211,53.3458],[-6.25133,53.34575],[-6.25122,53.34574],[-6.25058,53.34567],[-6.25052,53.34566],[-6.25041,53.34565],[-6.25005,53.34562],[-6.24978,53.3456],[-6.24938,53.34557],[-6.249,53.34554],[-6.24872,53.34551],[-6.24867,53.34549],[-6.24858,53.34548],[-6.24852,53.34546],[-6.24844,53.34545]]}},{"type":"Feature","properties":{"k":"minor","n":""},"geometry":{"type":"LineString","coordinates":[[-6.24864,53.34399],[-6.2486,53.34406],[-6.24831,53.34455],[-6.24816,53.34479]]}},{"type":"Feature","properties":{"k":"minor","n":""},"geometry":{"type":"LineString","coordinates":[[-6.24808,53.34537],[-6.24794,53.34536],[-6.24788,53.34536],[-6.24779,53.34534],[-6.24764,53.34531],[-6.24749,53.34528],[-6.24729,53.34524],[-6.24691,53.34516],[-6.24663,53.34515]]}},{"type":"Feature","properties":{"k":"minor","n":""},"geometry":{"type":"LineString","coordinates":[[-6.26385,53.35614],[-6.26341,53.35667],[-6.26335,53.3567],[-6.26316,53.35693],[-6.26311,53.357],[-6.26309,53.35702],[-6.26302,53.35709]]}},{"type":"Feature","properties":{"k":"minor","n":""},"geometry":{"type":"LineString","coordinates":[[-6.24354,53.34256],[-6.24335,53.34255],[-6.24324,53.34257],[-6.24321,53.3426],[-6.24319,53.34263],[-6.24318,53.34268],[-6.24309,53.34298]]}},{"type":"Feature","properties":{"k":"minor","n":""},"geometry":{"type":"LineString","coordinates":[[-6.2427,53.34293],[-6.24269,53.34299],[-6.24259,53.34351],[-6.24244,53.34411]]}},{"type":"Feature","properties":{"k":"minor","n":""},"geometry":{"type":"LineString","coordinates":[[-6.24298,53.34436],[-6.2431,53.34387],[-6.2433,53.34301]]}},{"type":"Feature","properties":{"k":"major","n":"Hogan Place"},"geometry":{"type":"LineString","coordinates":[[-6.2454,53.34115],[-6.24524,53.3411],[-6.24517,53.34108],[-6.2449,53.34099]]}},{"type":"Feature","properties":{"k":"minor","n":""},"geometry":{"type":"LineString","coordinates":[[-6.24623,53.34206],[-6.2461,53.34204],[-6.24572,53.34198],[-6.24517,53.3419],[-6.2451,53.34189]]}},{"type":"Feature","properties":{"k":"pedestrian","n":""},"geometry":{"type":"LineString","coordinates":[[-6.26412,53.35583],[-6.26408,53.35588],[-6.26386,53.35613],[-6.26385,53.35614]]}},{"type":"Feature","properties":{"k":"minor","n":""},"geometry":{"type":"LineString","coordinates":[[-6.263,53.35573],[-6.26313,53.35566],[-6.26328,53.35556],[-6.26339,53.35546],[-6.26343,53.35545],[-6.26347,53.35545],[-6.26415,53.35565],[-6.2642,53.35567]]}},{"type":"Feature","properties":{"k":"minor","n":""},"geometry":{"type":"LineString","coordinates":[[-6.26271,53.35653],[-6.26259,53.35653],[-6.26251,53.35647],[-6.26214,53.35619],[-6.26205,53.35618],[-6.2618,53.3563],[-6.26173,53.35633]]}},{"type":"Feature","properties":{"k":"minor","n":""},"geometry":{"type":"LineString","coordinates":[[-6.23502,53.35021],[-6.23485,53.35037],[-6.2348,53.35041],[-6.23463,53.35055],[-6.23439,53.35075],[-6.23358,53.35141]]}},{"type":"Feature","properties":{"k":"minor","n":""},"geometry":{"type":"LineString","coordinates":[[-6.23612,53.35118],[-6.23543,53.35089],[-6.23479,53.35062],[-6.23463,53.35055]]}},{"type":"Feature","properties":{"k":"minor","n":""},"geometry":{"type":"LineString","coordinates":[[-6.23652,53.34878],[-6.23601,53.34876],[-6.23542,53.34873],[-6.23528,53.34872]]}},{"type":"Feature","properties":{"k":"minor","n":""},"geometry":{"type":"LineString","coordinates":[[-6.23778,53.35453],[-6.23754,53.35476],[-6.23751,53.35477],[-6.23735,53.35486],[-6.23717,53.35488],[-6.237,53.35487],[-6.23588,53.35441],[-6.2358,53.35438]]}},{"type":"Feature","properties":{"k":"minor","n":""},"geometry":{"type":"LineString","coordinates":[[-6.23852,53.35611],[-6.23841,53.35608],[-6.23818,53.35603],[-6.23813,53.35602],[-6.23806,53.35599],[-6.23714,53.35559],[-6.23706,53.35556]]}},{"type":"Feature","properties":{"k":"minor","n":""},"geometry":{"type":"LineString","coordinates":[[-6.23882,53.35412],[-6.23699,53.35339]]}},{"type":"Feature","properties":{"k":"minor","n":""},"geometry":{"type":"LineString","coordinates":[[-6.2529,53.33299],[-6.25263,53.33327],[-6.25192,53.33399]]}},{"type":"Feature","properties":{"k":"major","n":"Bridge of Dublin"},"geometry":{"type":"LineString","coordinates":[[-6.27566,53.34573],[-6.27563,53.34581]]}},{"type":"Feature","properties":{"k":"minor","n":""},"geometry":{"type":"LineString","coordinates":[[-6.27983,53.34847],[-6.27994,53.34848],[-6.28006,53.34849],[-6.28064,53.34855],[-6.28074,53.34856],[-6.28127,53.3486],[-6.28139,53.34862],[-6.28147,53.34862],[-6.28174,53.34865]]}},{"type":"Feature","properties":{"k":"major","n":"Capel Street"},"geometry":{"type":"LineString","coordinates":[[-6.26946,53.35024],[-6.26948,53.35029],[-6.26951,53.35032],[-6.26959,53.35039],[-6.26972,53.35053],[-6.26979,53.35066],[-6.26983,53.35075],[-6.26984,53.35081],[-6.26984,53.35091]]}},{"type":"Feature","properties":{"k":"major","n":"Kevin Street Upper"},"geometry":{"type":"LineString","coordinates":[[-6.27269,53.33893],[-6.27251,53.33885]]}},{"type":"Feature","properties":{"k":"minor","n":""},"geometry":{"type":"LineString","coordinates":[[-6.27218,53.33931],[-6.272,53.33928],[-6.27168,53.33923],[-6.27154,53.33921],[-6.27127,53.33915],[-6.27121,53.33913],[-6.27118,53.33913],[-6.27091,53.33906],[-6.27082,53.33902],[-6.27075,53.33896],[-6.27071,53.33889]]}},{"type":"Feature","properties":{"k":"major","n":"Butt Bridge"},"geometry":{"type":"LineString","coordinates":[[-6.25499,53.34752],[-6.25496,53.34789]]}},{"type":"Feature","properties":{"k":"major","n":"Butt Bridge"},"geometry":{"type":"LineString","coordinates":[[-6.25495,53.34816],[-6.25495,53.34822]]}},{"type":"Feature","properties":{"k":"minor","n":""},"geometry":{"type":"LineString","coordinates":[[-6.26179,53.3387],[-6.26183,53.33874],[-6.26192,53.33877],[-6.26279,53.33893],[-6.26364,53.33911],[-6.26433,53.33926]]}},{"type":"Feature","properties":{"k":"minor","n":""},"geometry":{"type":"LineString","coordinates":[[-6.2617,53.33913],[-6.26264,53.33932]]}},{"type":"Feature","properties":{"k":"pedestrian","n":""},"geometry":{"type":"LineString","coordinates":[[-6.26087,53.34],[-6.26096,53.34002],[-6.26185,53.34022],[-6.26232,53.34032],[-6.26249,53.34036],[-6.26262,53.34038],[-6.26267,53.3404],[-6.26271,53.34041],[-6.26275,53.34041]]}},{"type":"Feature","properties":{"k":"minor","n":""},"geometry":{"type":"LineString","coordinates":[[-6.2644,53.34301],[-6.26411,53.34301],[-6.26371,53.34302],[-6.26287,53.34304],[-6.26268,53.34305],[-6.26203,53.34306]]}},{"type":"Feature","properties":{"k":"minor","n":""},"geometry":{"type":"LineString","coordinates":[[-6.26452,53.34059],[-6.2645,53.34064],[-6.26444,53.34075],[-6.26441,53.34079],[-6.26425,53.34105],[-6.26415,53.34118],[-6.26408,53.34123]]}},{"type":"Feature","properties":{"k":"minor","n":""},"geometry":{"type":"LineString","coordinates":[[-6.26238,53.34425],[-6.26237,53.34416],[-6.26236,53.34404],[-6.26226,53.34395],[-6.2621,53.34384],[-6.26176,53.34359],[-6.26172,53.34356]]}},{"type":"Feature","properties":{"k":"minor","n":""},"geometry":{"type":"LineString","coordinates":[[-6.26172,53.34356],[-6.26146,53.34366],[-6.26142,53.34367],[-6.26137,53.34369],[-6.26112,53.34377],[-6.26101,53.34381]]}},{"type":"Feature","properties":{"k":"minor","n":""},"geometry":{"type":"LineString","coordinates":[[-6.2676,53.34393],[-6.26757,53.34387],[-6.26756,53.34382],[-6.26755,53.34375],[-6.26755,53.34374]]}},{"type":"Feature","properties":{"k":"minor","n":""},"geometry":{"type":"LineString","coordinates":[[-6.26929,53.33838],[-6.26916,53.33838],[-6.26872,53.33837],[-6.26829,53.33836],[-6.26813,53.33836],[-6.26769,53.33833],[-6.26753,53.33833],[-6.26691,53.33834],[-6.26651,53.33837],[-6.26633,53.33838]]}},{"type":"Feature","properties":{"k":"minor","n":""},"geometry":{"type":"LineString","coordinates":[[-6.26408,53.34123],[-6.26401,53.34121],[-6.26379,53.34113],[-6.2637,53.34109],[-6.26364,53.34106],[-6.26353,53.34096],[-6.2634,53.34084]]}},{"type":"Feature","properties":{"k":"pedestrian","n":""},"geometry":{"type":"LineString","coordinates":[[-6.26064,53.34284],[-6.26061,53.34284],[-6.2603,53.34276],[-6.25968,53.34262],[-6.25961,53.34259]]}},{"type":"Feature","properties":{"k":"minor","n":""},"geometry":{"type":"LineString","coordinates":[[-6.26064,53.34284],[-6.26064,53.34283],[-6.26064,53.34281],[-6.26065,53.3428],[-6.26095,53.34244],[-6.26098,53.34241],[-6.26129,53.34205],[-6.26142,53.3419],[-6.2616,53.34172],[-6.26182,53.3415],[-6.26198,53.34133],[-6.26214,53.34117],[-6.26223,53.3411],[-6.26231,53.34101],[-6.26239,53.34097]]}},{"type":"Feature","properties":{"k":"minor","n":""},"geometry":{"type":"LineString","coordinates":[[-6.26239,53.34097],[-6.26246,53.34098],[-6.26268,53.34105],[-6.26288,53.34111],[-6.2631,53.34118],[-6.26318,53.34119],[-6.26324,53.34118]]}},{"type":"Feature","properties":{"k":"minor","n":""},"geometry":{"type":"LineString","coordinates":[[-6.26239,53.34097],[-6.26224,53.34097],[-6.26167,53.34088],[-6.26135,53.34083]]}},{"type":"Feature","properties":{"k":"minor","n":""},"geometry":{"type":"LineString","coordinates":[[-6.26167,53.34088],[-6.26137,53.34129],[-6.26133,53.34132],[-6.26126,53.34134]]}},{"type":"Feature","properties":{"k":"pedestrian","n":""},"geometry":{"type":"LineString","coordinates":[[-6.25915,53.34191],[-6.25927,53.3415],[-6.25928,53.3415],[-6.25929,53.34147],[-6.25939,53.3411]]}},{"type":"Feature","properties":{"k":"pedestrian","n":""},"geometry":{"type":"LineString","coordinates":[[-6.2602,53.34161],[-6.26047,53.34121]]}},{"type":"Feature","properties":{"k":"minor","n":""},"geometry":{"type":"LineString","coordinates":[[-6.26391,53.34031],[-6.26401,53.34037],[-6.26411,53.34042],[-6.26427,53.3405],[-6.26452,53.34059]]}},{"type":"Feature","properties":{"k":"minor","n":""},"geometry":{"type":"LineString","coordinates":[[-6.26362,53.34187],[-6.2642,53.34202],[-6.26428,53.34206],[-6.26468,53.34216]]}},{"type":"Feature","properties":{"k":"pedestrian","n":""},"geometry":{"type":"LineString","coordinates":[[-6.26327,53.34243],[-6.26249,53.34225]]}},{"type":"Feature","properties":{"k":"pedestrian","n":""},"geometry":{"type":"LineString","coordinates":[[-6.26255,53.34217],[-6.26142,53.3419]]}},{"type":"Feature","properties":{"k":"pedestrian","n":""},"geometry":{"type":"LineString","coordinates":[[-6.26129,53.34205],[-6.26087,53.34193],[-6.26078,53.34191],[-6.26017,53.3418],[-6.26009,53.34178]]}},{"type":"Feature","properties":{"k":"minor","n":""},"geometry":{"type":"LineString","coordinates":[[-6.26213,53.34276],[-6.26219,53.34266],[-6.2623,53.3425],[-6.2624,53.34237],[-6.26249,53.34225],[-6.26255,53.34217],[-6.2626,53.34208],[-6.26262,53.34202],[-6.2628,53.34176],[-6.26296,53.34154],[-6.263,53.3415],[-6.26302,53.34147],[-6.26324,53.34118],[-6.26332,53.34108],[-6.26336,53.34099]]}},{"type":"Feature","properties":{"k":"minor","n":""},"geometry":{"type":"LineString","coordinates":[[-6.26172,53.34356],[-6.26182,53.3435],[-6.26187,53.34345],[-6.26203,53.34306]]}},{"type":"Feature","properties":{"k":"minor","n":""},"geometry":{"type":"LineString","coordinates":[[-6.26203,53.34306],[-6.26116,53.343],[-6.26107,53.34299],[-6.26069,53.34286],[-6.26066,53.34285],[-6.26064,53.34284]]}},{"type":"Feature","properties":{"k":"minor","n":""},"geometry":{"type":"LineString","coordinates":[[-6.24402,53.34227],[-6.24406,53.34212]]}},{"type":"Feature","properties":{"k":"minor","n":""},"geometry":{"type":"LineString","coordinates":[[-6.2454,53.34115],[-6.24534,53.34125],[-6.24533,53.34128],[-6.2453,53.34135],[-6.24514,53.34175],[-6.2451,53.34189],[-6.24496,53.34224],[-6.24492,53.34235],[-6.2449,53.34238]]}},{"type":"Feature","properties":{"k":"major","n":"Mount Street Lower"},"geometry":{"type":"LineString","coordinates":[[-6.24636,53.33959],[-6.24621,53.33954],[-6.24614,53.33952],[-6.24583,53.33941],[-6.24539,53.33926],[-6.24523,53.33921]]}},{"type":"Feature","properties":{"k":"major","n":"Fenian Street"},"geometry":{"type":"LineString","coordinates":[[-6.25034,53.34193],[-6.25027,53.34192],[-6.25019,53.3419],[-6.25004,53.34188],[-6.24989,53.34183]]}},{"type":"Feature","properties":{"k":"major","n":"Grand Canal Street Upper"},"geometry":{"type":"LineString","coordinates":[[-6.23812,53.33843],[-6.23811,53.33842],[-6.23809,53.33842],[-6.23807,53.33842],[-6.23781,53.33834],[-6.23714,53.33815],[-6.23694,53.33809]]}},{"type":"Feature","properties":{"k":"minor","n":""},"geometry":{"type":"LineString","coordinates":[[-6.23911,53.33871],[-6.23921,53.33859],[-6.23926,53.33855],[-6.23931,53.33852]]}},{"type":"Feature","properties":{"k":"major","n":"Northumberland Road"},"geometry":{"type":"LineString","coordinates":[[-6.24009,53.33742],[-6.23982,53.33725],[-6.23972,53.33719],[-6.23916,53.33683],[-6.2388,53.3366],[-6.23874,53.33656],[-6.23826,53.33623],[-6.23813,53.33614]]}},{"type":"Feature","properties":{"k":"minor","n":""},"geometry":{"type":"LineString","coordinates":[[-6.24771,53.33823],[-6.24763,53.33819],[-6.24759,53.33817],[-6.24665,53.33785],[-6.24654,53.33781],[-6.24433,53.33702],[-6.24421,53.33698]]}},{"type":"Feature","properties":{"k":"minor","n":""},"geometry":{"type":"LineString","coordinates":[[-6.24328,53.33664],[-6.24323,53.33662],[-6.24266,53.33642],[-6.24257,53.33639]]}},{"type":"Feature","properties":{"k":"minor","n":""},"geometry":{"type":"LineString","coordinates":[[-6.24421,53.33698],[-6.24418,53.337],[-6.24412,53.33701],[-6.24407,53.33701],[-6.24395,53.33701],[-6.24383,53.337],[-6.24371,53.33698],[-6.2436,53.33694],[-6.24348,53.33689],[-6.2434,53.33685],[-6.24332,53.33679],[-6.24328,53.33674],[-6.24327,53.3367],[-6.24327,53.33667],[-6.24328,53.33664]]}},{"type":"Feature","properties":{"k":"major","n":"Baggot Street Lower"},"geometry":{"type":"LineString","coordinates":[[-6.24567,53.33439],[-6.24581,53.33445],[-6.24587,53.3345],[-6.24641,53.33496],[-6.24651,53.33506]]}},{"type":"Feature","properties":{"k":"minor","n":""},"geometry":{"type":"LineString","coordinates":[[-6.24831,53.33627],[-6.24823,53.33636]]}},{"type":"Feature","properties":{"k":"minor","n":""},"geometry":{"type":"LineString","coordinates":[[-6.24654,53.33781],[-6.24649,53.33786],[-6.24648,53.33787]]}},{"type":"Feature","properties":{"k":"minor","n":""},"geometry":{"type":"LineString","coordinates":[[-6.2444,53.33893],[-6.24435,53.33899],[-6.24432,53.33902],[-6.24394,53.33944],[-6.24368,53.33973],[-6.24359,53.33982]]}},{"type":"Feature","properties":{"k":"minor","n":""},"geometry":{"type":"LineString","coordinates":[[-6.24983,53.33323],[-6.24978,53.33329],[-6.24974,53.33337],[-6.24968,53.33346],[-6.24941,53.33375],[-6.24938,53.33379],[-6.2492,53.33396],[-6.24915,53.33402],[-6.24885,53.33431],[-6.24882,53.33432],[-6.2488,53.33432],[-6.24875,53.3343],[-6.24866,53.33428],[-6.24831,53.33416],[-6.24812,53.3341],[-6.24762,53.33394],[-6.24752,53.3339],[-6.24748,53.33386]]}},{"type":"Feature","properties":{"k":"minor","n":""},"geometry":{"type":"LineString","coordinates":[[-6.25192,53.33399],[-6.25182,53.33394],[-6.25179,53.33393],[-6.25086,53.33359],[-6.25002,53.33328],[-6.24989,53.33324]]}},{"type":"Feature","properties":{"k":"major","n":"Haddington Road"},"geometry":{"type":"LineString","coordinates":[[-6.24518,53.33404],[-6.24504,53.33408],[-6.24449,53.33424],[-6.24402,53.33438],[-6.24394,53.3344],[-6.24388,53.33442],[-6.24255,53.33482],[-6.24194,53.335],[-6.24053,53.33543],[-6.24028,53.3355],[-6.23925,53.33581],[-6.23875,53.33596],[-6.23827,53.3361],[-6.23813,53.33614]]}},{"type":"Feature","properties":{"k":"major","n":"Haddington Road"},"geometry":{"type":"LineString","coordinates":[[-6.23813,53.33614],[-6.238,53.33618],[-6.23723,53.33642],[-6.23712,53.33645],[-6.23598,53.3368],[-6.23578,53.33685],[-6.2357,53.33688],[-6.23563,53.3369],[-6.23515,53.33704],[-6.23489,53.33713],[-6.23482,53.33716],[-6.23466,53.33722]]}},{"type":"Feature","properties":{"k":"major","n":"Baggot Street Lower"},"geometry":{"type":"LineString","coordinates":[[-6.24558,53.33432],[-6.24534,53.33415]]}},{"type":"Feature","properties":{"k":"major","n":"Baggot Street Lower"},"geometry":{"type":"LineString","coordinates":[[-6.24534,53.33415],[-6.24518,53.33404]]}},{"type":"Feature","properties":{"k":"major","n":"Grand Canal Street Lower"},"geometry":{"type":"LineString","coordinates":[[-6.24159,53.33963],[-6.24171,53.33968],[-6.24172,53.33969]]}},{"type":"Feature","properties":{"k":"major","n":"Grand Canal Street Upper"},"geometry":{"type":"LineString","coordinates":[[-6.23886,53.33864],[-6.23885,53.33864],[-6.2388,53.33862],[-6.23879,53.33862],[-6.23873,53.3386]]}},{"type":"Feature","properties":{"k":"major","n":"McKenny's Bridge"},"geometry":{"type":"LineString","coordinates":[[-6.2406,53.33767],[-6.24051,53.33764]]}},{"type":"Feature","properties":{"k":"major","n":"Ringsend Road"},"geometry":{"type":"LineString","coordinates":[[-6.237,53.34222],[-6.2368,53.34219],[-6.23652,53.34216]]}},{"type":"Feature","properties":{"k":"major","n":"MacMahon Bridge"},"geometry":{"type":"LineString","coordinates":[[-6.2388,53.34244],[-6.23864,53.34242],[-6.23861,53.34242]]}},{"type":"Feature","properties":{"k":"major","n":"MacMahon Bridge"},"geometry":{"type":"LineString","coordinates":[[-6.23861,53.34242],[-6.23858,53.34241],[-6.23845,53.3424]]}},{"type":"Feature","properties":{"k":"major","n":"Pearse Street"},"geometry":{"type":"LineString","coordinates":[[-6.24944,53.34414],[-6.24963,53.34419]]}},{"type":"Feature","properties":{"k":"major","n":"Lombard Street East"},"geometry":{"type":"LineString","coordinates":[[-6.24797,53.34644],[-6.24812,53.34611]]}},{"type":"Feature","properties":{"k":"major","n":"Pearse Street"},"geometry":{"type":"LineString","coordinates":[[-6.2467,53.34361],[-6.24714,53.34369],[-6.24747,53.34375],[-6.24794,53.34385]]}},{"type":"Feature","properties":{"k":"major","n":"Macken Street"},"geometry":{"type":"LineString","coordinates":[[-6.24091,53.34392],[-6.24112,53.34291],[-6.24112,53.34288],[-6.24113,53.34284],[-6.24115,53.34275]]}},{"type":"Feature","properties":{"k":"major","n":"Summerhill Parade"},"geometry":{"type":"LineString","coordinates":[[-6.24918,53.3573],[-6.24897,53.3574],[-6.24871,53.35753],[-6.24836,53.3577],[-6.24778,53.358],[-6.24775,53.35802],[-6.24768,53.35806],[-6.24756,53.35812],[-6.24753,53.35814]]}},{"type":"Feature","properties":{"k":"minor","n":""},"geometry":{"type":"LineString","coordinates":[[-6.27006,53.34155],[-6.27005,53.3414],[-6.27009,53.34135]]}},{"type":"Feature","properties":{"k":"major","n":"Wexford Street"},"geometry":{"type":"LineString","coordinates":[[-6.26579,53.33763],[-6.26577,53.33751],[-6.26574,53.33741]]}},{"type":"Feature","properties":{"k":"major","n":"South Great George's Street"},"geometry":{"type":"LineString","coordinates":[[-6.26529,53.34159],[-6.26513,53.34171],[-6.26477,53.34205],[-6.26468,53.34216]]}},{"type":"Feature","properties":{"k":"major","n":"Redmonds Hill"},"geometry":{"type":"LineString","coordinates":[[-6.26579,53.33763],[-6.26582,53.33771],[-6.26586,53.33782]]}},{"type":"Feature","properties":{"k":"major","n":"Lord Edward Street"},"geometry":{"type":"LineString","coordinates":[[-6.27003,53.34359],[-6.27,53.34361],[-6.26997,53.34362],[-6.26995,53.34362],[-6.26979,53.34367],[-6.26861,53.34388],[-6.26807,53.344],[-6.26784,53.34404]]}},{"type":"Feature","properties":{"k":"major","n":"Bridge Street Lower"},"geometry":{"type":"LineString","coordinates":[[-6.27633,53.34415],[-6.27634,53.34427],[-6.27634,53.3443],[-6.27632,53.34439],[-6.27627,53.34459],[-6.27623,53.34469]]}},{"type":"Feature","properties":{"k":"major","n":"Clanbrassil Street Lower"},"geometry":{"type":"LineString","coordinates":[[-6.27478,53.33418],[-6.27474,53.33432],[-6.2747,53.33438],[-6.27451,53.33458],[-6.27426,53.33481],[-6.274,53.33509],[-6.27394,53.33516]]}},{"type":"Feature","properties":{"k":"minor","n":""},"geometry":{"type":"LineString","coordinates":[[-6.27023,53.34148],[-6.27146,53.3415],[-6.27166,53.3415],[-6.27212,53.3415]]}},{"type":"Feature","properties":{"k":"minor","n":""},"geometry":{"type":"LineString","coordinates":[[-6.26995,53.34059],[-6.26984,53.3406],[-6.2698,53.3406],[-6.26975,53.3406],[-6.26918,53.34059],[-6.26901,53.3406],[-6.26884,53.34062],[-6.26845,53.34068],[-6.26823,53.34071],[-6.26785,53.34078],[-6.26774,53.3408],[-6.26753,53.34084]]}},{"type":"Feature","properties":{"k":"minor","n":""},"geometry":{"type":"LineString","coordinates":[[-6.27876,53.34584],[-6.27879,53.34578],[-6.27897,53.34544],[-6.27902,53.34533],[-6.27913,53.34512],[-6.27919,53.34507],[-6.2793,53.34507],[-6.28012,53.34524]]}},{"type":"Feature","properties":{"k":"minor","n":""},"geometry":{"type":"LineString","coordinates":[[-6.26982,53.34584],[-6.26984,53.3459],[-6.26997,53.34618],[-6.27002,53.34636],[-6.27007,53.34648],[-6.27025,53.34693],[-6.27026,53.34699],[-6.27027,53.34703],[-6.27027,53.34704]]}},{"type":"Feature","properties":{"k":"minor","n":""},"geometry":{"type":"LineString","coordinates":[[-6.27039,53.34823],[-6.27108,53.34823],[-6.27128,53.34822],[-6.27142,53.34821],[-6.27186,53.34813],[-6.27223,53.34808],[-6.27224,53.34808],[-6.27248,53.34807],[-6.27298,53.34807],[-6.27332,53.34807]]}},{"type":"Feature","properties":{"k":"minor","n":""},"geometry":{"type":"LineString","coordinates":[[-6.24388,53.33442],[-6.24394,53.33448],[-6.24399,53.33454],[-6.24403,53.33462],[-6.244,53.3347],[-6.24383,53.33481],[-6.24355,53.33501],[-6.24317,53.33526],[-6.24281,53.3355],[-6.24248,53.33571],[-6.24226,53.33591],[-6.24218,53.33607],[-6.24214,53.3361],[-6.2421,53.33613]]}},{"type":"Feature","properties":{"k":"minor","n":""},"geometry":{"type":"LineString","coordinates":[[-6.2421,53.33613],[-6.24214,53.33615],[-6.24222,53.33619]]}},{"type":"Feature","properties":{"k":"minor","n":""},"geometry":{"type":"LineString","coordinates":[[-6.24241,53.3363],[-6.24244,53.33632],[-6.24248,53.33634],[-6.24249,53.33635],[-6.24257,53.33639]]}},{"type":"Feature","properties":{"k":"minor","n":""},"geometry":{"type":"LineString","coordinates":[[-6.2461,53.34795],[-6.24608,53.34806],[-6.24605,53.34823],[-6.24594,53.34878],[-6.24585,53.3493],[-6.24585,53.34933],[-6.24584,53.34939],[-6.24583,53.34942],[-6.24583,53.34943],[-6.24582,53.34949],[-6.24581,53.34952],[-6.24566,53.35041],[-6.24558,53.35082],[-6.24556,53.35086],[-6.24555,53.35091]]}},{"type":"Feature","properties":{"k":"minor","n":""},"geometry":{"type":"LineString","coordinates":[[-6.25824,53.3413],[-6.25822,53.3413],[-6.2582,53.34131],[-6.25818,53.34131],[-6.25816,53.34131],[-6.25809,53.3413],[-6.25724,53.3412],[-6.25714,53.34118],[-6.25709,53.34117],[-6.25703,53.34116]]}},{"type":"Feature","properties":{"k":"minor","n":""},"geometry":{"type":"LineString","coordinates":[[-6.25703,53.34116],[-6.257,53.34123],[-6.25682,53.34161],[-6.2567,53.34184]]}},{"type":"Feature","properties":{"k":"minor","n":""},"geometry":{"type":"LineString","coordinates":[[-6.2567,53.34184],[-6.25662,53.34183],[-6.25638,53.34178],[-6.25627,53.34176],[-6.25619,53.34175],[-6.25605,53.34172],[-6.25574,53.34166],[-6.25549,53.34161],[-6.25541,53.34159],[-6.25502,53.34152],[-6.25492,53.3415]]}},{"type":"Feature","properties":{"k":"minor","n":""},"geometry":{"type":"LineString","coordinates":[[-6.24257,53.33639],[-6.24271,53.33629],[-6.24282,53.33622],[-6.24549,53.33446],[-6.24567,53.33439]]}},{"type":"Feature","properties":{"k":"minor","n":""},"geometry":{"type":"LineString","coordinates":[[-6.2406,53.33767],[-6.24073,53.33759],[-6.24079,53.33754],[-6.24116,53.33729],[-6.24145,53.33711],[-6.24257,53.33639]]}},{"type":"Feature","properties":{"k":"minor","n":""},"geometry":{"type":"LineString","coordinates":[[-6.28524,53.35156],[-6.28452,53.35066],[-6.28437,53.35051],[-6.28416,53.35027],[-6.28414,53.35023]]}},{"type":"Feature","properties":{"k":"minor","n":""},"geometry":{"type":"LineString","coordinates":[[-6.2714,53.3579],[-6.27138,53.35799],[-6.27132,53.35815],[-6.27123,53.35842],[-6.27114,53.35868],[-6.27106,53.35893],[-6.27097,53.35919],[-6.27088,53.35946]]}},{"type":"Feature","properties":{"k":"minor","n":""},"geometry":{"type":"LineString","coordinates":[[-6.27217,53.35798],[-6.27204,53.35797],[-6.27198,53.35797],[-6.27183,53.35795],[-6.2714,53.3579],[-6.27112,53.35787],[-6.27006,53.35775],[-6.26996,53.35774],[-6.26988,53.35775],[-6.26969,53.35782],[-6.26903,53.35803],[-6.26899,53.35805]]}},{"type":"Feature","properties":{"k":"minor","n":""},"geometry":{"type":"LineString","coordinates":[[-6.26756,53.35778],[-6.26804,53.35721],[-6.26811,53.35717],[-6.26817,53.35715]]}},{"type":"Feature","properties":{"k":"minor","n":""},"geometry":{"type":"LineString","coordinates":[[-6.24583,53.34943],[-6.24587,53.34942],[-6.24592,53.34942],[-6.24601,53.34942],[-6.2467,53.34947],[-6.247,53.34949],[-6.24714,53.3495],[-6.24795,53.34955],[-6.24805,53.34955],[-6.24814,53.34956],[-6.24826,53.34957]]}},{"type":"Feature","properties":{"k":"minor","n":""},"geometry":{"type":"LineString","coordinates":[[-6.27744,53.34607],[-6.27742,53.34612],[-6.27718,53.34659]]}},{"type":"Feature","properties":{"k":"minor","n":""},"geometry":{"type":"LineString","coordinates":[[-6.26521,53.33548],[-6.26531,53.33548],[-6.26547,53.33548],[-6.26607,53.33542],[-6.2662,53.33541],[-6.26641,53.33539],[-6.26659,53.33537],[-6.2668,53.33535],[-6.26693,53.33533],[-6.26712,53.33532],[-6.26866,53.33518],[-6.26875,53.33517]]}},{"type":"Feature","properties":{"k":"pedestrian","n":""},"geometry":{"type":"LineString","coordinates":[[-6.26371,53.34302],[-6.26372,53.34311],[-6.26378,53.34386]]}},{"type":"Feature","properties":{"k":"minor","n":""},"geometry":{"type":"LineString","coordinates":[[-6.25604,53.35303],[-6.25618,53.353],[-6.25623,53.35299],[-6.2568,53.35287]]}},{"type":"Feature","properties":{"k":"major","n":"Baggot Street Upper"},"geometry":{"type":"LineString","coordinates":[[-6.24518,53.33404],[-6.24503,53.33394],[-6.24452,53.33365],[-6.24445,53.33362],[-6.24443,53.33361],[-6.24386,53.33338],[-6.24348,53.33324],[-6.24343,53.33322],[-6.24327,53.33317]]}},{"type":"Feature","properties":{"k":"minor","n":""},"geometry":{"type":"LineString","coordinates":[[-6.2467,53.34947],[-6.2467,53.34945],[-6.24671,53.34942],[-6.2468,53.34887],[-6.2469,53.3483]]}},{"type":"Feature","properties":{"k":"minor","n":""},"geometry":{"type":"LineString","coordinates":[[-6.28007,53.34988],[-6.27999,53.34989],[-6.27993,53.34991],[-6.27988,53.34998],[-6.27987,53.35]]}},{"type":"Feature","properties":{"k":"minor","n":""},"geometry":{"type":"LineString","coordinates":[[-6.26698,53.3341],[-6.26698,53.33405],[-6.26696,53.33328],[-6.26695,53.33281],[-6.26694,53.3326],[-6.26693,53.33253]]}},{"type":"Feature","properties":{"k":"minor","n":""},"geometry":{"type":"LineString","coordinates":[[-6.26788,53.34998],[-6.26786,53.34993],[-6.26783,53.34986],[-6.2677,53.34949],[-6.26757,53.34914],[-6.26751,53.34897]]}},{"type":"Feature","properties":{"k":"pedestrian","n":""},"geometry":{"type":"LineString","coordinates":[[-6.2638,53.34419],[-6.2638,53.34428],[-6.2638,53.34432],[-6.26378,53.34501]]}},{"type":"Feature","properties":{"k":"minor","n":""},"geometry":{"type":"LineString","coordinates":[[-6.24915,53.33678],[-6.24922,53.33671],[-6.25047,53.33545],[-6.25053,53.33539]]}},{"type":"Feature","properties":{"k":"minor","n":""},"geometry":{"type":"LineString","coordinates":[[-6.24874,53.34161],[-6.24871,53.34156],[-6.24859,53.34149],[-6.24855,53.34147],[-6.24828,53.34137],[-6.24797,53.34126],[-6.24787,53.34122],[-6.24775,53.34118],[-6.24769,53.34116],[-6.24751,53.3411],[-6.24725,53.34101],[-6.24711,53.34096],[-6.24696,53.34091],[-6.2469,53.34089],[-6.24675,53.34083],[-6.24664,53.3408],[-6.24657,53.34077],[-6.24642,53.34072],[-6.24625,53.34066],[-6.24606,53.3406],[-6.24593,53.34057]]}},{"type":"Feature","properties":{"k":"minor","n":""},"geometry":{"type":"LineString","coordinates":[[-6.28625,53.33727],[-6.28578,53.33698],[-6.28574,53.33695],[-6.28483,53.33639],[-6.28452,53.3362],[-6.28447,53.33617],[-6.2844,53.33613],[-6.28435,53.33609],[-6.28432,53.33607]]}},{"type":"Feature","properties":{"k":"minor","n":""},"geometry":{"type":"LineString","coordinates":[[-6.23694,53.33809],[-6.2369,53.33815],[-6.23688,53.33824],[-6.23675,53.33878],[-6.23671,53.33894],[-6.23668,53.33905]]}},{"type":"Feature","properties":{"k":"major","n":"Nicholas Street"},"geometry":{"type":"LineString","coordinates":[[-6.27228,53.34229],[-6.27195,53.3427],[-6.27194,53.34272],[-6.27192,53.34275],[-6.27189,53.34278],[-6.27179,53.34286]]}},{"type":"Feature","properties":{"k":"minor","n":""},"geometry":{"type":"LineString","coordinates":[[-6.24651,53.33506],[-6.24638,53.33511],[-6.24631,53.33515],[-6.24575,53.33548],[-6.24564,53.33556],[-6.24528,53.33589],[-6.24431,53.33677],[-6.24425,53.33681],[-6.24423,53.33682]]}},{"type":"Feature","properties":{"k":"minor","n":""},"geometry":{"type":"LineString","coordinates":[[-6.24744,53.33707],[-6.24739,53.33705],[-6.24729,53.337],[-6.24719,53.33697],[-6.24711,53.33694],[-6.24699,53.3369],[-6.24694,53.33688],[-6.24667,53.33678],[-6.24664,53.33677],[-6.2465,53.33672],[-6.24605,53.33656],[-6.24561,53.33643]]}},{"type":"Feature","properties":{"k":"minor","n":""},"geometry":{"type":"LineString","coordinates":[[-6.24017,53.33747],[-6.2401,53.33754],[-6.23974,53.33775],[-6.23973,53.33776],[-6.23957,53.33785],[-6.23949,53.33787],[-6.2394,53.33787]]}},{"type":"Feature","properties":{"k":"minor","n":""},"geometry":{"type":"LineString","coordinates":[[-6.23723,53.33642],[-6.23734,53.33655],[-6.23742,53.33664],[-6.23745,53.33667],[-6.23749,53.33669],[-6.23764,53.33679],[-6.23779,53.33688],[-6.23785,53.33692],[-6.23792,53.33699]]}},{"type":"Feature","properties":{"k":"minor","n":""},"geometry":{"type":"LineString","coordinates":[[-6.24853,53.33742],[-6.24863,53.33746],[-6.24864,53.33746],[-6.24869,53.33748]]}},{"type":"Feature","properties":{"k":"minor","n":""},"geometry":{"type":"LineString","coordinates":[[-6.24116,53.33729],[-6.24125,53.33734],[-6.24177,53.33751],[-6.24179,53.33751],[-6.2422,53.33765],[-6.24273,53.33783]]}},{"type":"Feature","properties":{"k":"minor","n":""},"geometry":{"type":"LineString","coordinates":[[-6.24328,53.33674],[-6.24324,53.33677],[-6.24302,53.337],[-6.24299,53.33702],[-6.24297,53.33705],[-6.2429,53.33711],[-6.24276,53.33724]]}},{"type":"Feature","properties":{"k":"minor","n":""},"geometry":{"type":"LineString","coordinates":[[-6.24276,53.33724],[-6.2429,53.33728],[-6.24316,53.33736],[-6.24345,53.33745],[-6.24356,53.33753],[-6.24361,53.3376],[-6.24367,53.3377],[-6.24372,53.33774],[-6.2439,53.33779],[-6.24417,53.33789],[-6.24458,53.33802],[-6.24523,53.33824],[-6.24563,53.33837],[-6.24591,53.33847]]}},{"type":"Feature","properties":{"k":"minor","n":""},"geometry":{"type":"LineString","coordinates":[[-6.24605,53.33802],[-6.24626,53.33809],[-6.24669,53.33824],[-6.24676,53.33824]]}},{"type":"Feature","properties":{"k":"minor","n":""},"geometry":{"type":"LineString","coordinates":[[-6.23925,53.33581],[-6.23932,53.3359],[-6.23945,53.33605],[-6.23958,53.33611],[-6.2398,53.33624],[-6.23991,53.33631],[-6.24004,53.33639],[-6.2402,53.3365],[-6.24044,53.33667],[-6.2406,53.33675],[-6.24088,53.33691]]}},{"type":"Feature","properties":{"k":"minor","n":""},"geometry":{"type":"LineString","coordinates":[[-6.24004,53.33639],[-6.24051,53.33615],[-6.24118,53.3358]]}},{"type":"Feature","properties":{"k":"major","n":"Grand Canal Street Lower"},"geometry":{"type":"LineString","coordinates":[[-6.23911,53.33871],[-6.23899,53.33868],[-6.23896,53.33867],[-6.23886,53.33864]]}},{"type":"Feature","properties":{"k":"minor","n":""},"geometry":{"type":"LineString","coordinates":[[-6.2544,53.33715],[-6.25426,53.33735],[-6.25415,53.3375],[-6.25414,53.33754],[-6.25413,53.33758]]}},{"type":"Feature","properties":{"k":"minor","n":""},"geometry":{"type":"LineString","coordinates":[[-6.25917,53.34582],[-6.25933,53.34582],[-6.25936,53.34581],[-6.25944,53.34581],[-6.25992,53.34577],[-6.2606,53.34573]]}},{"type":"Feature","properties":{"k":"minor","n":""},"geometry":{"type":"LineString","coordinates":[[-6.24273,53.33783],[-6.24282,53.33777],[-6.24296,53.33768],[-6.24298,53.33765],[-6.24296,53.33763],[-6.24252,53.33748],[-6.24213,53.33736],[-6.24171,53.33722],[-6.24154,53.33715],[-6.24145,53.33711]]}},{"type":"Feature","properties":{"k":"minor","n":""},"geometry":{"type":"LineString","coordinates":[[-6.28243,53.35868],[-6.28239,53.35864],[-6.28238,53.35863],[-6.28219,53.35848],[-6.28188,53.35825],[-6.28167,53.35809],[-6.28136,53.35788],[-6.28111,53.35768],[-6.28097,53.35759],[-6.2809,53.35755],[-6.28066,53.35743],[-6.28018,53.35721],[-6.27949,53.3569],[-6.27919,53.35676]]}},{"type":"Feature","properties":{"k":"minor","n":""},"geometry":{"type":"LineString","coordinates":[[-6.28062,53.35918],[-6.28047,53.35899],[-6.28023,53.35868],[-6.27978,53.35812],[-6.27914,53.35732],[-6.27904,53.35718],[-6.27893,53.35703],[-6.27885,53.35691],[-6.27879,53.35683],[-6.27855,53.3564]]}},{"type":"Feature","properties":{"k":"minor","n":""},"geometry":{"type":"LineString","coordinates":[[-6.24379,53.3508],[-6.24388,53.35031]]}},{"type":"Feature","properties":{"k":"minor","n":""},"geometry":{"type":"LineString","coordinates":[[-6.24525,53.35088],[-6.24524,53.35095],[-6.2452,53.35098],[-6.24507,53.35109],[-6.24502,53.35113],[-6.24454,53.35151],[-6.24443,53.35161],[-6.24396,53.35201],[-6.24391,53.35206],[-6.24358,53.35234],[-6.24354,53.35237]]}},{"type":"Feature","properties":{"k":"minor","n":""},"geometry":{"type":"LineString","coordinates":[[-6.24391,53.35206],[-6.24421,53.3522],[-6.24446,53.35251]]}},{"type":"Feature","properties":{"k":"minor","n":""},"geometry":{"type":"LineString","coordinates":[[-6.24937,53.34965],[-6.24945,53.34968],[-6.24952,53.34971],[-6.24959,53.34975],[-6.24971,53.34982],[-6.24972,53.34982],[-6.24984,53.34987],[-6.24987,53.34988],[-6.24993,53.3499],[-6.25011,53.34994]]}},{"type":"Feature","properties":{"k":"pedestrian","n":""},"geometry":{"type":"LineString","coordinates":[[-6.24912,53.35024],[-6.24909,53.3504],[-6.24908,53.35051],[-6.24899,53.35101],[-6.24898,53.35106],[-6.249,53.35109],[-6.24912,53.35117],[-6.24919,53.35119]]}},{"type":"Feature","properties":{"k":"pedestrian","n":""},"geometry":{"type":"LineString","coordinates":[[-6.24234,53.35071],[-6.24202,53.35072],[-6.24177,53.35067],[-6.24137,53.35064],[-6.24125,53.35063],[-6.24115,53.35062]]}},{"type":"Feature","properties":{"k":"minor","n":""},"geometry":{"type":"LineString","coordinates":[[-6.24463,53.35037],[-6.24458,53.35036],[-6.24388,53.35031],[-6.24338,53.35028],[-6.24307,53.35026]]}},{"type":"Feature","properties":{"k":"minor","n":""},"geometry":{"type":"LineString","coordinates":[[-6.24525,53.35088],[-6.24538,53.3509],[-6.24548,53.3509],[-6.24555,53.35091]]}},{"type":"Feature","properties":{"k":"minor","n":""},"geometry":{"type":"LineString","coordinates":[[-6.25176,53.35029],[-6.25179,53.35025],[-6.25181,53.35024],[-6.25182,53.35023],[-6.25186,53.35022],[-6.2519,53.3502],[-6.25193,53.35017],[-6.25196,53.35013]]}},{"type":"Feature","properties":{"k":"major","n":"Parnell Street"},"geometry":{"type":"LineString","coordinates":[[-6.26203,53.35232],[-6.26238,53.35215]]}},{"type":"Feature","properties":{"k":"major","n":"Parnell Street"},"geometry":{"type":"LineString","coordinates":[[-6.26134,53.35256],[-6.26138,53.35254],[-6.26149,53.3525],[-6.26162,53.35248],[-6.26167,53.35247],[-6.26176,53.35245]]}},{"type":"Feature","properties":{"k":"minor","n":""},"geometry":{"type":"LineString","coordinates":[[-6.24234,53.35071],[-6.24242,53.35021],[-6.24218,53.3502],[-6.24167,53.35017]]}},{"type":"Feature","properties":{"k":"major","n":"North Wall Quay"},"geometry":{"type":"LineString","coordinates":[[-6.24119,53.34762],[-6.24105,53.34761],[-6.24099,53.34761],[-6.24094,53.3476]]}},{"type":"Feature","properties":{"k":"minor","n":""},"geometry":{"type":"LineString","coordinates":[[-6.25126,53.34994],[-6.25184,53.3501],[-6.25196,53.35013],[-6.25211,53.35016]]}},{"type":"Feature","properties":{"k":"minor","n":""},"geometry":{"type":"LineString","coordinates":[[-6.25119,53.35126],[-6.25118,53.35118],[-6.25121,53.35111],[-6.2514,53.35081],[-6.25163,53.35048],[-6.25165,53.35045],[-6.25168,53.3504],[-6.25176,53.35029]]}},{"type":"Feature","properties":{"k":"minor","n":""},"geometry":{"type":"LineString","coordinates":[[-6.25305,53.35094],[-6.25308,53.35099],[-6.25311,53.35103],[-6.2533,53.35135]]}},{"type":"Feature","properties":{"k":"pedestrian","n":""},"geometry":{"type":"LineString","coordinates":[[-6.25265,53.35021],[-6.25255,53.35005],[-6.25255,53.35004]]}},{"type":"Feature","properties":{"k":"minor","n":""},"geometry":{"type":"LineString","coordinates":[[-6.25271,53.35028],[-6.25268,53.35031],[-6.25268,53.35032],[-6.25268,53.35034],[-6.25276,53.35047],[-6.25285,53.3506],[-6.25302,53.35089],[-6.25303,53.3509],[-6.25303,53.3509],[-6.25305,53.35094]]}},{"type":"Feature","properties":{"k":"water","n":""},"geometry":{"type":"Polygon","coordinates":[[[-6.24881,53.34944],[-6.2488,53.34944],[-6.24847,53.34942],[-6.24847,53.34942],[-6.24845,53.34942],[-6.24844,53.34941],[-6.24844,53.34941],[-6.2486,53.34856],[-6.2486,53.34855],[-6.24862,53.34854],[-6.24866,53.34855],[-6.24894,53.34857],[-6.24895,53.34856],[-6.24896,53.34856],[-6.24896,53.34854],[-6.24896,53.34852],[-6.2489,53.34831],[-6.24887,53.34821],[-6.24887,53.34819],[-6.24882,53.34804],[-6.24881,53.34799],[-6.24877,53.34796],[-6.24871,53.34796],[-6.24867,53.34789],[-6.24921,53.34792],[-6.24916,53.34799],[-6.24902,53.34798],[-6.24899,53.34798],[-6.24898,53.34799],[-6.24901,53.34805],[-6.24904,53.3482],[-6.24904,53.34822],[-6.24906,53.3483],[-6.24912,53.34846],[-6.24913,53.3485],[-6.24913,53.34855],[-6.24914,53.34856],[-6.24915,53.34858],[-6.24918,53.34858],[-6.24976,53.34862],[-6.24959,53.34949],[-6.24899,53.34945],[-6.24889,53.34945],[-6.24881,53.34944]]]}},{"type":"Feature","properties":{"k":"minor","n":""},"geometry":{"type":"LineString","coordinates":[[-6.24869,53.34959],[-6.24901,53.34961]]}},{"type":"Feature","properties":{"k":"minor","n":""},"geometry":{"type":"LineString","coordinates":[[-6.24901,53.34961],[-6.24922,53.34963],[-6.24937,53.34965]]}},{"type":"Feature","properties":{"k":"park","n":""},"geometry":{"type":"Polygon","coordinates":[[[-6.24094,53.35009],[-6.24098,53.34985],[-6.24099,53.34985],[-6.241,53.34982],[-6.24104,53.3498],[-6.24105,53.34976],[-6.24266,53.34987],[-6.24293,53.34988],[-6.24298,53.34988],[-6.24345,53.34992],[-6.24352,53.34995],[-6.24361,53.34999],[-6.24372,53.35003],[-6.2441,53.35005],[-6.24429,53.35],[-6.24449,53.34996],[-6.2446,53.34994],[-6.2447,53.34996],[-6.24503,53.35009],[-6.24516,53.35012],[-6.24558,53.35015],[-6.24553,53.35039],[-6.24332,53.35023],[-6.24292,53.3502],[-6.24291,53.35028],[-6.2425,53.35025],[-6.24252,53.35018],[-6.24225,53.35017],[-6.24165,53.35013],[-6.24094,53.35009]]]}},{"type":"Feature","properties":{"k":"pedestrian","n":""},"geometry":{"type":"LineString","coordinates":[[-6.24369,53.34962],[-6.24367,53.34962],[-6.24303,53.34958],[-6.24299,53.34958],[-6.24303,53.34932],[-6.24303,53.34931],[-6.24303,53.34929],[-6.24303,53.34924],[-6.24303,53.34923],[-6.24303,53.34922],[-6.24303,53.34921],[-6.24304,53.34918],[-6.24308,53.34914],[-6.24312,53.34887],[-6.24334,53.34889],[-6.24335,53.34885],[-6.24348,53.34886],[-6.24357,53.34887],[-6.24367,53.34888],[-6.24367,53.34891],[-6.24384,53.34892],[-6.24383,53.34896],[-6.24381,53.34908],[-6.24387,53.34908],[-6.24387,53.34912],[-6.24383,53.34912],[-6.24382,53.3492],[-6.24377,53.34922],[-6.24376,53.34925],[-6.24376,53.34925],[-6.24376,53.34928],[-6.24376,53.34929],[-6.24375,53.34934],[-6.24374,53.34936],[-6.24374,53.34937],[-6.24369,53.34962]]}},{"type":"Feature","properties":{"k":"major","n":"Ormond Quay Upper"},"geometry":{"type":"LineString","coordinates":[[-6.27166,53.34561],[-6.27137,53.34563],[-6.27113,53.34566],[-6.27073,53.34572],[-6.2702,53.34579],[-6.26982,53.34584],[-6.26905,53.34595],[-6.26848,53.34602],[-6.26814,53.34606],[-6.26809,53.34607],[-6.26804,53.34607],[-6.26789,53.34608]]}},{"type":"Feature","properties":{"k":"minor","n":""},"geometry":{"type":"LineString","coordinates":[[-6.26855,53.334],[-6.26846,53.334],[-6.26706,53.33409],[-6.26698,53.3341],[-6.2669,53.3341],[-6.26665,53.33411],[-6.26621,53.33414],[-6.2654,53.33414],[-6.26539,53.33414],[-6.26528,53.33414]]}},{"type":"Feature","properties":{"k":"minor","n":""},"geometry":{"type":"LineString","coordinates":[[-6.26336,53.33605],[-6.2633,53.33604],[-6.26325,53.33604],[-6.26322,53.33604],[-6.26292,53.33603],[-6.26264,53.33601],[-6.2623,53.33599],[-6.26225,53.33599]]}},{"type":"Feature","properties":{"k":"minor","n":""},"geometry":{"type":"LineString","coordinates":[[-6.27785,53.349],[-6.27778,53.34899],[-6.27704,53.34888]]}},{"type":"Feature","properties":{"k":"minor","n":""},"geometry":{"type":"LineString","coordinates":[[-6.2769,53.34983],[-6.27688,53.34978],[-6.27678,53.34947],[-6.27671,53.34924],[-6.27669,53.34922],[-6.27665,53.34921],[-6.276,53.34921]]}},{"type":"Feature","properties":{"k":"minor","n":""},"geometry":{"type":"LineString","coordinates":[[-6.27814,53.34782],[-6.27806,53.34781],[-6.27765,53.34776],[-6.27695,53.34767],[-6.27688,53.34766]]}},{"type":"Feature","properties":{"k":"pedestrian","n":""},"geometry":{"type":"LineString","coordinates":[[-6.27796,53.34856],[-6.2779,53.34855],[-6.27739,53.34848],[-6.27678,53.34839]]}},{"type":"Feature","properties":{"k":"minor","n":""},"geometry":{"type":"LineString","coordinates":[[-6.27693,53.34942],[-6.27695,53.3495],[-6.27714,53.34948],[-6.27718,53.34947],[-6.27723,53.34944],[-6.27728,53.34928],[-6.27729,53.34923],[-6.27727,53.3492],[-6.27723,53.34918],[-6.27714,53.34916],[-6.27702,53.34914],[-6.27698,53.34913],[-6.27696,53.3491],[-6.27697,53.34908],[-6.27704,53.34888]]}},{"type":"Feature","properties":{"k":"minor","n":""},"geometry":{"type":"LineString","coordinates":[[-6.27814,53.34782],[-6.27818,53.34775],[-6.2782,53.34767],[-6.27827,53.34743],[-6.27827,53.3474],[-6.27831,53.34722],[-6.27831,53.3472],[-6.27832,53.34718],[-6.27832,53.34717],[-6.27833,53.34715]]}},{"type":"Feature","properties":{"k":"minor","n":""},"geometry":{"type":"LineString","coordinates":[[-6.27588,53.34941],[-6.27581,53.34941],[-6.27468,53.34957]]}},{"type":"Feature","properties":{"k":"minor","n":""},"geometry":{"type":"LineString","coordinates":[[-6.27834,53.3471],[-6.27825,53.3471],[-6.27818,53.34709],[-6.27704,53.34686]]}},{"type":"Feature","properties":{"k":"minor","n":""},"geometry":{"type":"LineString","coordinates":[[-6.27528,53.34645],[-6.27538,53.34647],[-6.27641,53.34669],[-6.27678,53.3468],[-6.27703,53.3469]]}},{"type":"Feature","properties":{"k":"park","n":""},"geometry":{"type":"Polygon","coordinates":[[[-6.24948,53.33335],[-6.24954,53.33335],[-6.2496,53.33338],[-6.24961,53.33343],[-6.24957,53.33347],[-6.24878,53.33423],[-6.24782,53.33393],[-6.2478,53.33388],[-6.24787,53.33383],[-6.24948,53.33335]]]}},{"type":"Feature","properties":{"k":"minor","n":""},"geometry":{"type":"LineString","coordinates":[[-6.24673,53.34038],[-6.24671,53.34037],[-6.24659,53.34033],[-6.24658,53.34033],[-6.24634,53.34024],[-6.24627,53.34022]]}},{"type":"Feature","properties":{"k":"minor","n":""},"geometry":{"type":"LineString","coordinates":[[-6.24366,53.34053],[-6.24374,53.34047],[-6.24404,53.34022]]}},{"type":"Feature","properties":{"k":"minor","n":""},"geometry":{"type":"LineString","coordinates":[[-6.24593,53.34057],[-6.24584,53.34054],[-6.24578,53.34052]]}},{"type":"Feature","properties":{"k":"minor","n":""},"geometry":{"type":"LineString","coordinates":[[-6.24459,53.34043],[-6.24444,53.34037],[-6.2441,53.34023],[-6.24406,53.34021]]}},{"type":"Feature","properties":{"k":"minor","n":""},"geometry":{"type":"LineString","coordinates":[[-6.24879,53.3427],[-6.24873,53.34269],[-6.24822,53.34256],[-6.2481,53.34253],[-6.24807,53.34252],[-6.24769,53.34242],[-6.24714,53.34228],[-6.24697,53.34224],[-6.24638,53.3421],[-6.24623,53.34206]]}},{"type":"Feature","properties":{"k":"major","n":"Fitzwilliam Square West"},"geometry":{"type":"LineString","coordinates":[[-6.25269,53.33618],[-6.25337,53.33544],[-6.25343,53.33538]]}},{"type":"Feature","properties":{"k":"minor","n":""},"geometry":{"type":"LineString","coordinates":[[-6.24698,53.35492],[-6.24775,53.35476],[-6.24911,53.35446],[-6.24941,53.3544]]}},{"type":"Feature","properties":{"k":"minor","n":""},"geometry":{"type":"LineString","coordinates":[[-6.2488,53.35279],[-6.24887,53.35282],[-6.24891,53.35284],[-6.24892,53.35284],[-6.24895,53.35287]]}},{"type":"Feature","properties":{"k":"minor","n":""},"geometry":{"type":"LineString","coordinates":[[-6.25313,53.3514],[-6.25251,53.35161],[-6.25167,53.35189],[-6.25141,53.35197],[-6.25082,53.35218],[-6.25077,53.3522],[-6.2501,53.35245]]}},{"type":"Feature","properties":{"k":"minor","n":""},"geometry":{"type":"LineString","coordinates":[[-6.2501,53.35245],[-6.25016,53.35255],[-6.25019,53.35261],[-6.25026,53.35277],[-6.25035,53.35295],[-6.25044,53.35314],[-6.25052,53.35328],[-6.25055,53.35334],[-6.25061,53.35346]]}},{"type":"Feature","properties":{"k":"minor","n":""},"geometry":{"type":"LineString","coordinates":[[-6.24945,53.3537],[-6.25045,53.35349],[-6.25061,53.35346],[-6.25078,53.35342],[-6.25112,53.35334],[-6.25145,53.35327],[-6.25223,53.35309],[-6.25232,53.35307],[-6.2526,53.353],[-6.25269,53.35298],[-6.25285,53.35294],[-6.25297,53.35292],[-6.25307,53.35289],[-6.25345,53.35281],[-6.25403,53.35269],[-6.25409,53.35267],[-6.25415,53.35266],[-6.25418,53.35265],[-6.25494,53.35249],[-6.25544,53.35237],[-6.25557,53.35235]]}},{"type":"Feature","properties":{"k":"minor","n":""},"geometry":{"type":"LineString","coordinates":[[-6.25157,53.35396],[-6.25201,53.35473]]}},{"type":"Feature","properties":{"k":"minor","n":""},"geometry":{"type":"LineString","coordinates":[[-6.25264,53.35533],[-6.25205,53.35556]]}},{"type":"Feature","properties":{"k":"minor","n":""},"geometry":{"type":"LineString","coordinates":[[-6.25237,53.35508],[-6.25168,53.35533],[-6.25158,53.35543],[-6.25106,53.35565]]}},{"type":"Feature","properties":{"k":"minor","n":""},"geometry":{"type":"LineString","coordinates":[[-6.2508,53.35603],[-6.25092,53.35601],[-6.25106,53.35598],[-6.25118,53.35591],[-6.25174,53.35568]]}},{"type":"Feature","properties":{"k":"minor","n":""},"geometry":{"type":"LineString","coordinates":[[-6.25028,53.35513],[-6.2499,53.35522],[-6.2493,53.35535],[-6.24795,53.35565]]}},{"type":"Feature","properties":{"k":"minor","n":""},"geometry":{"type":"LineString","coordinates":[[-6.25102,53.35497],[-6.25087,53.3547]]}},{"type":"Feature","properties":{"k":"minor","n":""},"geometry":{"type":"LineString","coordinates":[[-6.25168,53.35533],[-6.25139,53.35496]]}},{"type":"Feature","properties":{"k":"minor","n":""},"geometry":{"type":"LineString","coordinates":[[-6.25151,53.35487],[-6.25133,53.35454],[-6.25126,53.35442],[-6.25129,53.35441]]}},{"type":"Feature","properties":{"k":"minor","n":""},"geometry":{"type":"LineString","coordinates":[[-6.25133,53.35454],[-6.25069,53.35469]]}},{"type":"Feature","properties":{"k":"minor","n":""},"geometry":{"type":"LineString","coordinates":[[-6.25026,53.35277],[-6.24991,53.35288]]}},{"type":"Feature","properties":{"k":"minor","n":""},"geometry":{"type":"LineString","coordinates":[[-6.24911,53.35446],[-6.2488,53.35392]]}},{"type":"Feature","properties":{"k":"minor","n":""},"geometry":{"type":"LineString","coordinates":[[-6.24775,53.35476],[-6.24768,53.35464],[-6.24763,53.35456],[-6.24765,53.35453],[-6.24783,53.35439],[-6.24831,53.35394],[-6.24871,53.35355],[-6.24863,53.3534],[-6.24853,53.35336]]}},{"type":"Feature","properties":{"k":"minor","n":""},"geometry":{"type":"LineString","coordinates":[[-6.24984,53.3543],[-6.24992,53.35429],[-6.25042,53.35419],[-6.25118,53.35404],[-6.25133,53.35401],[-6.25157,53.35396],[-6.25299,53.35367],[-6.25306,53.35365],[-6.25308,53.35365],[-6.25322,53.35362],[-6.25423,53.3534],[-6.25449,53.35334],[-6.25587,53.35306],[-6.25604,53.35303]]}},{"type":"Feature","properties":{"k":"minor","n":""},"geometry":{"type":"LineString","coordinates":[[-6.25324,53.35235],[-6.2532,53.35227],[-6.25316,53.35217],[-6.2537,53.35202]]}},{"type":"Feature","properties":{"k":"minor","n":""},"geometry":{"type":"LineString","coordinates":[[-6.25324,53.35235],[-6.25343,53.35231],[-6.25356,53.35253],[-6.25316,53.35262],[-6.25302,53.3524],[-6.25324,53.35235]]}},{"type":"Feature","properties":{"k":"minor","n":""},"geometry":{"type":"LineString","coordinates":[[-6.25028,53.35513],[-6.25088,53.355],[-6.25102,53.35497],[-6.25135,53.3549],[-6.25151,53.35487],[-6.25176,53.35481]]}},{"type":"Feature","properties":{"k":"minor","n":""},"geometry":{"type":"LineString","coordinates":[[-6.2486,53.35614],[-6.24901,53.35596],[-6.24918,53.35589]]}},{"type":"Feature","properties":{"k":"minor","n":""},"geometry":{"type":"LineString","coordinates":[[-6.2485,53.35429],[-6.24831,53.35394]]}},{"type":"Feature","properties":{"k":"minor","n":""},"geometry":{"type":"LineString","coordinates":[[-6.2501,53.35245],[-6.2495,53.35266],[-6.24907,53.35281],[-6.24905,53.35282],[-6.249,53.35284],[-6.24898,53.35285]]}},{"type":"Feature","properties":{"k":"minor","n":""},"geometry":{"type":"LineString","coordinates":[[-6.25449,53.35334],[-6.25453,53.35341],[-6.25476,53.35377],[-6.25498,53.35412]]}},{"type":"Feature","properties":{"k":"minor","n":""},"geometry":{"type":"LineString","coordinates":[[-6.2533,53.35135],[-6.25334,53.35141],[-6.2537,53.35202],[-6.25373,53.35208],[-6.25394,53.35242],[-6.25409,53.35267]]}},{"type":"Feature","properties":{"k":"park","n":""},"geometry":{"type":"Polygon","coordinates":[[[-6.25586,53.35324],[-6.25572,53.35319],[-6.25533,53.35327],[-6.25528,53.35327],[-6.25525,53.35327],[-6.25518,53.35329],[-6.25526,53.35342],[-6.25521,53.35344],[-6.25537,53.3537],[-6.25549,53.35392],[-6.25634,53.3537],[-6.25586,53.35324]]]}},{"type":"Feature","properties":{"k":"minor","n":""},"geometry":{"type":"LineString","coordinates":[[-6.25554,53.35445],[-6.25539,53.35418],[-6.25532,53.35407],[-6.25526,53.35406],[-6.25498,53.35412],[-6.25391,53.35434]]}},{"type":"Feature","properties":{"k":"minor","n":""},"geometry":{"type":"LineString","coordinates":[[-6.25476,53.35377],[-6.2541,53.3539]]}},{"type":"Feature","properties":{"k":"minor","n":""},"geometry":{"type":"LineString","coordinates":[[-6.25213,53.35485],[-6.2517,53.35501]]}},{"type":"Feature","properties":{"k":"minor","n":""},"geometry":{"type":"LineString","coordinates":[[-6.25201,53.35473],[-6.25204,53.35476],[-6.25208,53.3548],[-6.25213,53.35485],[-6.25237,53.35508],[-6.25264,53.35533],[-6.25303,53.35565]]}},{"type":"Feature","properties":{"k":"minor","n":""},"geometry":{"type":"LineString","coordinates":[[-6.25106,53.35565],[-6.25096,53.35568],[-6.25083,53.35572],[-6.25073,53.35574],[-6.25064,53.35575]]}},{"type":"Feature","properties":{"k":"minor","n":""},"geometry":{"type":"LineString","coordinates":[[-6.25028,53.35513],[-6.25058,53.35565],[-6.25064,53.35575],[-6.2508,53.35603],[-6.25084,53.3561],[-6.25092,53.35623],[-6.25097,53.35634],[-6.25101,53.35641]]}},{"type":"Feature","properties":{"k":"park","n":""},"geometry":{"type":"Polygon","coordinates":[[[-6.25148,53.352],[-6.25171,53.35192],[-6.25249,53.35167],[-6.25284,53.35208],[-6.25293,53.35219],[-6.25278,53.35224],[-6.25271,53.35214],[-6.25182,53.35238],[-6.25148,53.352]]]}},{"type":"Feature","properties":{"k":"minor","n":""},"geometry":{"type":"LineString","coordinates":[[-6.24824,53.35326],[-6.24816,53.35322],[-6.24757,53.35295]]}},{"type":"Feature","properties":{"k":"major","n":"Wood Quay"},"geometry":{"type":"LineString","coordinates":[[-6.27049,53.34509],[-6.27189,53.34499]]}},{"type":"Feature","properties":{"k":"major","n":"Crampton Quay"},"geometry":{"type":"LineString","coordinates":[[-6.26189,53.34629],[-6.26255,53.34615]]}},{"type":"Feature","properties":{"k":"minor","n":""},"geometry":{"type":"LineString","coordinates":[[-6.23581,53.33289],[-6.23596,53.33289],[-6.23655,53.33295],[-6.23731,53.33302],[-6.23761,53.33304],[-6.23771,53.33305],[-6.24005,53.33325],[-6.24026,53.33327],[-6.24088,53.33332],[-6.24097,53.33333],[-6.24114,53.33335],[-6.24128,53.33336],[-6.24133,53.33337],[-6.24169,53.3334],[-6.24192,53.33347],[-6.24195,53.33352],[-6.24199,53.33356]]}},{"type":"Feature","properties":{"k":"pedestrian","n":""},"geometry":{"type":"LineString","coordinates":[[-6.25769,53.33676],[-6.25774,53.33676],[-6.25778,53.33677],[-6.25781,53.33679],[-6.25785,53.3368],[-6.2579,53.3368],[-6.25796,53.3368],[-6.25805,53.33679],[-6.2582,53.3368],[-6.25837,53.33681],[-6.25872,53.33688],[-6.259,53.33694],[-6.25946,53.33705],[-6.25985,53.33715],[-6.26006,53.33721],[-6.26019,53.33724],[-6.26047,53.33732],[-6.26083,53.33742],[-6.26097,53.33746],[-6.26106,53.33749],[-6.26125,53.33756],[-6.26137,53.33763],[-6.26145,53.33769],[-6.26153,53.33776]]}},{"type":"Feature","properties":{"k":"pedestrian","n":""},"geometry":{"type":"LineString","coordinates":[[-6.25961,53.34259],[-6.25968,53.3424],[-6.25994,53.34201],[-6.26009,53.34178],[-6.2602,53.34161]]}},{"type":"Feature","properties":{"k":"minor","n":""},"geometry":{"type":"LineString","coordinates":[[-6.25148,53.34468],[-6.25141,53.34501],[-6.25139,53.34511],[-6.25128,53.34564],[-6.25122,53.34574]]}},{"type":"Feature","properties":{"k":"pedestrian","n":""},"geometry":{"type":"LineString","coordinates":[[-6.26153,53.33776],[-6.26158,53.33782],[-6.26161,53.33788],[-6.26165,53.33794],[-6.26165,53.338],[-6.26166,53.33804],[-6.26165,53.33808],[-6.26163,53.33812],[-6.26139,53.33849],[-6.26136,53.33853],[-6.26123,53.33869],[-6.26116,53.33878],[-6.26093,53.33904],[-6.26082,53.33914],[-6.26069,53.33923],[-6.26067,53.33924],[-6.26057,53.33929],[-6.26048,53.33932],[-6.26039,53.33935],[-6.26031,53.33937],[-6.26022,53.33939],[-6.26005,53.33941],[-6.25991,53.33943],[-6.25986,53.33943],[-6.25967,53.33939],[-6.25942,53.33933]]}},{"type":"Feature","properties":{"k":"minor","n":""},"geometry":{"type":"LineString","coordinates":[[-6.25303,53.34584],[-6.25308,53.34546],[-6.2531,53.34537],[-6.25317,53.34497],[-6.25321,53.34488]]}},{"type":"Feature","properties":{"k":"pedestrian","n":""},"geometry":{"type":"LineString","coordinates":[[-6.25942,53.33933],[-6.25895,53.33921],[-6.25851,53.3391],[-6.25813,53.33901],[-6.25755,53.33887],[-6.25706,53.33875],[-6.25695,53.33871],[-6.25683,53.33866],[-6.25673,53.33859],[-6.25665,53.33854],[-6.25658,53.33849],[-6.25651,53.33843],[-6.25647,53.3384],[-6.25645,53.33838],[-6.25642,53.33835],[-6.2564,53.33832],[-6.25635,53.3382],[-6.25637,53.33811],[-6.25643,53.33801],[-6.25653,53.33788],[-6.25659,53.33782],[-6.2567,53.33771],[-6.25681,53.33759],[-6.25688,53.33749],[-6.25715,53.33716],[-6.25723,53.33708],[-6.25727,53.33704],[-6.25731,53.337],[-6.25736,53.33697],[-6.25742,53.33695],[-6.2575,53.33691],[-6.25756,53.33687],[-6.2576,53.33683],[-6.25763,53.3368],[-6.25765,53.33678],[-6.25769,53.33676]]}},{"type":"Feature","properties":{"k":"minor","n":""},"geometry":{"type":"LineString","coordinates":[[-6.25715,53.3468],[-6.25715,53.34678],[-6.25714,53.34674],[-6.25708,53.34645]]}},{"type":"Feature","properties":{"k":"minor","n":""},"geometry":{"type":"LineString","coordinates":[[-6.25596,53.34684],[-6.25594,53.34698],[-6.25593,53.34716],[-6.25593,53.34736],[-6.25594,53.34746]]}},{"type":"Feature","properties":{"k":"minor","n":""},"geometry":{"type":"LineString","coordinates":[[-6.25041,53.34565],[-6.25028,53.34634],[-6.25017,53.34708]]}},{"type":"Feature","properties":{"k":"minor","n":""},"geometry":{"type":"LineString","coordinates":[[-6.24858,53.34614],[-6.24844,53.34658]]}},{"type":"Feature","properties":{"k":"minor","n":""},"geometry":{"type":"LineString","coordinates":[[-6.25141,53.34501],[-6.24982,53.34486],[-6.24921,53.34481],[-6.24897,53.34479],[-6.24884,53.34477]]}},{"type":"Feature","properties":{"k":"minor","n":""},"geometry":{"type":"LineString","coordinates":[[-6.26546,53.33645],[-6.26535,53.33642],[-6.26531,53.33642],[-6.2643,53.33651],[-6.26415,53.33651]]}},{"type":"Feature","properties":{"k":"minor","n":""},"geometry":{"type":"LineString","coordinates":[[-6.26359,53.33732],[-6.26371,53.33726],[-6.26378,53.33721],[-6.26384,53.33716],[-6.26389,53.33709],[-6.26392,53.33705],[-6.26415,53.33657],[-6.26415,53.33651]]}},{"type":"Feature","properties":{"k":"minor","n":""},"geometry":{"type":"LineString","coordinates":[[-6.26392,53.33705],[-6.26396,53.33705],[-6.26402,53.33705],[-6.26448,53.33704]]}},{"type":"Feature","properties":{"k":"minor","n":""},"geometry":{"type":"LineString","coordinates":[[-6.26642,53.33638],[-6.26671,53.33636],[-6.2668,53.33635],[-6.26685,53.33634],[-6.2676,53.33629],[-6.26782,53.33627],[-6.26828,53.33625],[-6.26882,53.3362],[-6.26885,53.3362],[-6.26893,53.3362]]}},{"type":"Feature","properties":{"k":"minor","n":""},"geometry":{"type":"LineString","coordinates":[[-6.26609,53.3384],[-6.26596,53.3384],[-6.26566,53.3384],[-6.26505,53.3384],[-6.26458,53.3384]]}},{"type":"Feature","properties":{"k":"minor","n":""},"geometry":{"type":"LineString","coordinates":[[-6.26586,53.33959],[-6.26574,53.33956],[-6.26538,53.33949],[-6.26498,53.3394],[-6.26433,53.33926]]}},{"type":"Feature","properties":{"k":"major","n":"Baggot Street Lower"},"geometry":{"type":"LineString","coordinates":[[-6.24567,53.33439],[-6.24561,53.33434],[-6.24559,53.33433],[-6.24558,53.33432]]}},{"type":"Feature","properties":{"k":"major","n":"Baggot Street Lower"},"geometry":{"type":"LineString","coordinates":[[-6.25083,53.33751],[-6.25007,53.33723],[-6.24931,53.33695],[-6.24927,53.33693],[-6.24916,53.3369],[-6.24907,53.33686]]}},{"type":"Feature","properties":{"k":"minor","n":""},"geometry":{"type":"LineString","coordinates":[[-6.25771,53.35306],[-6.25779,53.35319],[-6.25785,53.3533],[-6.25791,53.3534],[-6.25797,53.35349],[-6.25805,53.35364],[-6.25815,53.35381],[-6.25819,53.35388]]}},{"type":"Feature","properties":{"k":"minor","n":""},"geometry":{"type":"LineString","coordinates":[[-6.25499,53.35153],[-6.25511,53.3515],[-6.25552,53.3514],[-6.25565,53.35137]]}},{"type":"Feature","properties":{"k":"minor","n":""},"geometry":{"type":"LineString","coordinates":[[-6.25386,53.34994],[-6.2538,53.34997],[-6.25374,53.34998],[-6.25321,53.35014],[-6.25271,53.35028]]}},{"type":"Feature","properties":{"k":"minor","n":""},"geometry":{"type":"LineString","coordinates":[[-6.2578,53.34916],[-6.25785,53.34915],[-6.25869,53.34903],[-6.25921,53.34895],[-6.25951,53.3489],[-6.25957,53.34889],[-6.25972,53.34887]]}},{"type":"Feature","properties":{"k":"minor","n":""},"geometry":{"type":"LineString","coordinates":[[-6.25805,53.34976],[-6.25799,53.34977],[-6.25796,53.34977],[-6.25739,53.34986],[-6.2573,53.34988]]}},{"type":"Feature","properties":{"k":"minor","n":""},"geometry":{"type":"LineString","coordinates":[[-6.25762,53.34875],[-6.25761,53.34873],[-6.2576,53.3487],[-6.25759,53.34867],[-6.25759,53.34867],[-6.25758,53.34864]]}},{"type":"Feature","properties":{"k":"minor","n":""},"geometry":{"type":"LineString","coordinates":[[-6.26107,53.35194],[-6.26093,53.35198],[-6.26085,53.35199],[-6.26061,53.35205],[-6.26003,53.35217]]}},{"type":"Feature","properties":{"k":"minor","n":""},"geometry":{"type":"LineString","coordinates":[[-6.25845,53.3507],[-6.25849,53.35069],[-6.25898,53.35061],[-6.25932,53.35055]]}},{"type":"Feature","properties":{"k":"minor","n":""},"geometry":{"type":"LineString","coordinates":[[-6.26353,53.35453],[-6.26343,53.35459],[-6.26339,53.35461],[-6.26334,53.35463],[-6.26285,53.35491],[-6.26264,53.35503]]}},{"type":"Feature","properties":{"k":"park","n":""},"geometry":{"type":"Polygon","coordinates":[[[-6.26358,53.35415],[-6.26354,53.35412],[-6.26353,53.35412],[-6.26347,53.35407],[-6.26339,53.35401],[-6.2634,53.35401],[-6.26337,53.35398],[-6.26332,53.35394],[-6.26336,53.35392],[-6.26454,53.35337],[-6.26482,53.35324],[-6.26493,53.35333],[-6.26497,53.35338],[-6.26499,53.35342],[-6.26502,53.35347],[-6.26503,53.35353],[-6.26502,53.35359],[-6.26498,53.35365],[-6.2649,53.35371],[-6.26482,53.35375],[-6.26454,53.35386],[-6.2643,53.35396],[-6.26373,53.35418],[-6.26366,53.3542],[-6.26363,53.35419],[-6.26358,53.35415]]]}},{"type":"Feature","properties":{"k":"major","n":"Cavendish Row"},"geometry":{"type":"LineString","coordinates":[[-6.26193,53.35318],[-6.26184,53.3531]]}},{"type":"Feature","properties":{"k":"minor","n":""},"geometry":{"type":"LineString","coordinates":[[-6.26412,53.35583],[-6.26411,53.35579],[-6.2642,53.35567],[-6.26432,53.35552],[-6.26443,53.35542],[-6.26443,53.35542],[-6.2645,53.35539]]}},{"type":"Feature","properties":{"k":"pedestrian","n":""},"geometry":{"type":"LineString","coordinates":[[-6.25833,53.34098],[-6.25843,53.34099],[-6.25901,53.34106],[-6.25939,53.3411],[-6.25949,53.34111]]}},{"type":"Feature","properties":{"k":"minor","n":""},"geometry":{"type":"LineString","coordinates":[[-6.26104,53.34132],[-6.26135,53.34083]]}},{"type":"Feature","properties":{"k":"pedestrian","n":""},"geometry":{"type":"LineString","coordinates":[[-6.26336,53.34099],[-6.26254,53.34079]]}},{"type":"Feature","properties":{"k":"pedestrian","n":""},"geometry":{"type":"LineString","coordinates":[[-6.26275,53.34041],[-6.26275,53.34044],[-6.26276,53.34046],[-6.26277,53.34048],[-6.26277,53.34049],[-6.26276,53.3405],[-6.26276,53.34052],[-6.26274,53.34054]]}},{"type":"Feature","properties":{"k":"minor","n":""},"geometry":{"type":"LineString","coordinates":[[-6.2637,53.33755],[-6.2637,53.33764]]}},{"type":"Feature","properties":{"k":"minor","n":""},"geometry":{"type":"LineString","coordinates":[[-6.2641,53.33965],[-6.26414,53.3397],[-6.26482,53.34024],[-6.26489,53.34033],[-6.26489,53.34035]]}},{"type":"Feature","properties":{"k":"minor","n":""},"geometry":{"type":"LineString","coordinates":[[-6.26489,53.34035],[-6.26463,53.34044],[-6.2646,53.34048],[-6.26452,53.34059]]}},{"type":"Feature","properties":{"k":"major","n":"Bridgefoot Street"},"geometry":{"type":"LineString","coordinates":[[-6.28051,53.34618],[-6.28063,53.34588],[-6.28078,53.34548],[-6.2808,53.34542]]}},{"type":"Feature","properties":{"k":"major","n":"Bridgefoot Street"},"geometry":{"type":"LineString","coordinates":[[-6.28091,53.34497],[-6.28093,53.34489],[-6.28102,53.34436],[-6.28102,53.34434]]}},{"type":"Feature","properties":{"k":"minor","n":""},"geometry":{"type":"LineString","coordinates":[[-6.2528,53.33679],[-6.25268,53.33691]]}},{"type":"Feature","properties":{"k":"minor","n":""},"geometry":{"type":"LineString","coordinates":[[-6.28264,53.34646],[-6.28264,53.34648],[-6.28262,53.34652],[-6.28255,53.34677],[-6.28254,53.3468]]}},{"type":"Feature","properties":{"k":"minor","n":""},"geometry":{"type":"LineString","coordinates":[[-6.28253,53.34682],[-6.28251,53.34688]]}},{"type":"Feature","properties":{"k":"minor","n":""},"geometry":{"type":"LineString","coordinates":[[-6.26489,53.34777],[-6.26491,53.34776],[-6.26498,53.34775],[-6.26549,53.34767],[-6.26553,53.34767],[-6.26611,53.34758],[-6.2662,53.34757]]}},{"type":"Feature","properties":{"k":"minor","n":""},"geometry":{"type":"LineString","coordinates":[[-6.24232,53.35781],[-6.24239,53.35784],[-6.24243,53.35787],[-6.24294,53.35814],[-6.24311,53.35823],[-6.24402,53.35871],[-6.24499,53.35922],[-6.24532,53.3594],[-6.24542,53.35946]]}},{"type":"Feature","properties":{"k":"minor","n":""},"geometry":{"type":"LineString","coordinates":[[-6.26433,53.33926],[-6.26454,53.33891],[-6.26457,53.33886],[-6.26458,53.33883],[-6.26458,53.33876],[-6.26458,53.3387],[-6.26458,53.3384],[-6.26458,53.33811],[-6.26458,53.33804],[-6.26457,53.3377],[-6.26457,53.33764]]}},{"type":"Feature","properties":{"k":"minor","n":""},"geometry":{"type":"LineString","coordinates":[[-6.26377,53.34015],[-6.26399,53.33979],[-6.2641,53.33965],[-6.26433,53.33926]]}},{"type":"Feature","properties":{"k":"major","n":"Cork Hill"},"geometry":{"type":"LineString","coordinates":[[-6.26765,53.34406],[-6.26757,53.34407],[-6.26723,53.34411]]}},{"type":"Feature","properties":{"k":"minor","n":""},"geometry":{"type":"LineString","coordinates":[[-6.26823,53.34071],[-6.26795,53.34039],[-6.26774,53.3402],[-6.26769,53.34016],[-6.26764,53.34013],[-6.26758,53.34009],[-6.26753,53.34008],[-6.26739,53.34008],[-6.26737,53.34008]]}},{"type":"Feature","properties":{"k":"minor","n":""},"geometry":{"type":"LineString","coordinates":[[-6.26561,53.34069],[-6.26641,53.34076],[-6.26704,53.34081],[-6.26731,53.34084],[-6.26735,53.34084],[-6.26741,53.34084],[-6.26753,53.34084]]}},{"type":"Feature","properties":{"k":"minor","n":""},"geometry":{"type":"LineString","coordinates":[[-6.26753,53.34084],[-6.26738,53.34089],[-6.26732,53.34091],[-6.26724,53.34094],[-6.26708,53.34101],[-6.26697,53.34105]]}},{"type":"Feature","properties":{"k":"minor","n":""},"geometry":{"type":"LineString","coordinates":[[-6.27699,53.34415],[-6.27698,53.34411],[-6.27679,53.34382],[-6.27675,53.34377]]}},{"type":"Feature","properties":{"k":"minor","n":""},"geometry":{"type":"LineString","coordinates":[[-6.26339,53.34719],[-6.26502,53.34694],[-6.26526,53.3469],[-6.26592,53.34681]]}},{"type":"Feature","properties":{"k":"minor","n":""},"geometry":{"type":"LineString","coordinates":[[-6.26341,53.34727],[-6.2631,53.34734],[-6.26131,53.34775],[-6.26024,53.34798]]}},{"type":"Feature","properties":{"k":"pedestrian","n":""},"geometry":{"type":"LineString","coordinates":[[-6.26135,53.34083],[-6.26103,53.34077],[-6.26087,53.34074],[-6.26076,53.34072]]}},{"type":"Feature","properties":{"k":"pedestrian","n":""},"geometry":{"type":"LineString","coordinates":[[-6.26104,53.34132],[-6.26081,53.34127],[-6.26057,53.34122],[-6.26047,53.34121]]}},{"type":"Feature","properties":{"k":"park","n":""},"geometry":{"type":"Polygon","coordinates":[[[-6.27009,53.3398],[-6.27025,53.3398],[-6.27038,53.33982],[-6.27038,53.33981],[-6.27208,53.33985],[-6.2721,53.33985],[-6.27212,53.33985],[-6.27209,53.33994],[-6.27208,53.33995],[-6.27204,53.34012],[-6.27203,53.34024],[-6.27203,53.34037],[-6.27205,53.34046],[-6.27206,53.34048],[-6.27206,53.3405],[-6.27208,53.34057],[-6.2712,53.34055],[-6.27116,53.34055],[-6.27112,53.34055],[-6.27058,53.34054],[-6.27027,53.34054],[-6.2702,53.34054],[-6.27019,53.34054],[-6.27019,53.34053],[-6.27017,53.3405],[-6.27016,53.34048],[-6.26995,53.33996],[-6.26993,53.3399],[-6.26993,53.33988],[-6.27009,53.3398]]]}},{"type":"Feature","properties":{"k":"minor","n":""},"geometry":{"type":"LineString","coordinates":[[-6.23574,53.3405],[-6.23573,53.34055],[-6.23556,53.34104]]}},{"type":"Feature","properties":{"k":"minor","n":""},"geometry":{"type":"LineString","coordinates":[[-6.23528,53.34031],[-6.23526,53.34036],[-6.23504,53.34098]]}},{"type":"Feature","properties":{"k":"minor","n":""},"geometry":{"type":"LineString","coordinates":[[-6.23275,53.33918],[-6.23283,53.33922],[-6.23284,53.33922],[-6.23309,53.33933],[-6.23318,53.33937],[-6.23332,53.33943],[-6.23379,53.33963],[-6.23399,53.33973],[-6.2344,53.33992],[-6.23472,53.34006],[-6.23485,53.34012],[-6.23528,53.34031],[-6.23555,53.34042],[-6.23574,53.3405],[-6.23621,53.3407],[-6.23623,53.34071],[-6.23632,53.34073]]}},{"type":"Feature","properties":{"k":"minor","n":""},"geometry":{"type":"LineString","coordinates":[[-6.23983,53.34442],[-6.23976,53.34472],[-6.23968,53.34508],[-6.23964,53.34531],[-6.23964,53.34533],[-6.23963,53.34534],[-6.23961,53.34536]]}},{"type":"Feature","properties":{"k":"minor","n":""},"geometry":{"type":"LineString","coordinates":[[-6.28178,53.34147],[-6.28185,53.34146],[-6.28228,53.34147],[-6.28243,53.34147],[-6.28368,53.34147]]}},{"type":"Feature","properties":{"k":"minor","n":""},"geometry":{"type":"LineString","coordinates":[[-6.28368,53.34147],[-6.28367,53.34142],[-6.28366,53.34139],[-6.28358,53.34115],[-6.28356,53.34101],[-6.2836,53.34095]]}},{"type":"Feature","properties":{"k":"minor","n":""},"geometry":{"type":"LineString","coordinates":[[-6.27947,53.33866],[-6.27943,53.33858],[-6.27942,53.33857],[-6.27938,53.33852],[-6.27909,53.33813],[-6.27895,53.33794],[-6.27874,53.33763]]}},{"type":"Feature","properties":{"k":"minor","n":""},"geometry":{"type":"LineString","coordinates":[[-6.27799,53.33881],[-6.27784,53.33882],[-6.2773,53.33886],[-6.27659,53.33889],[-6.27613,53.3389]]}},{"type":"Feature","properties":{"k":"minor","n":""},"geometry":{"type":"LineString","coordinates":[[-6.28386,53.34227],[-6.28373,53.3434]]}},{"type":"Feature","properties":{"k":"minor","n":""},"geometry":{"type":"LineString","coordinates":[[-6.28391,53.34152],[-6.2839,53.34175],[-6.28386,53.34227]]}},{"type":"Feature","properties":{"k":"major","n":"Cornmarket"},"geometry":{"type":"LineString","coordinates":[[-6.27617,53.34307],[-6.27606,53.34313],[-6.27598,53.34315],[-6.27581,53.34319]]}},{"type":"Feature","properties":{"k":"major","n":"Patrick Street"},"geometry":{"type":"LineString","coordinates":[[-6.27257,53.33937],[-6.2725,53.33957],[-6.27239,53.33981],[-6.27233,53.3399],[-6.2723,53.33997],[-6.27225,53.34014],[-6.27225,53.3402]]}},{"type":"Feature","properties":{"k":"minor","n":""},"geometry":{"type":"LineString","coordinates":[[-6.27256,53.34166],[-6.27341,53.34161]]}},{"type":"Feature","properties":{"k":"minor","n":""},"geometry":{"type":"LineString","coordinates":[[-6.23587,53.34582],[-6.23605,53.34498],[-6.23606,53.34493],[-6.23606,53.3449],[-6.2362,53.34419],[-6.23621,53.34415],[-6.23622,53.3441]]}},{"type":"Feature","properties":{"k":"minor","n":""},"geometry":{"type":"LineString","coordinates":[[-6.23708,53.33472],[-6.23721,53.33469],[-6.23827,53.33443],[-6.23921,53.33419],[-6.24017,53.33396],[-6.24068,53.33384],[-6.24083,53.3338],[-6.2417,53.33359],[-6.24187,53.33357],[-6.24199,53.33356]]}},{"type":"Feature","properties":{"k":"minor","n":""},"geometry":{"type":"LineString","coordinates":[[-6.24155,53.33398],[-6.24162,53.33392],[-6.24183,53.33371],[-6.24199,53.33356]]}},{"type":"Feature","properties":{"k":"minor","n":""},"geometry":{"type":"LineString","coordinates":[[-6.24669,53.35817],[-6.24555,53.35759]]}},{"type":"Feature","properties":{"k":"minor","n":""},"geometry":{"type":"LineString","coordinates":[[-6.24662,53.35873],[-6.24653,53.35868],[-6.24616,53.35849],[-6.24504,53.35793]]}},{"type":"Feature","properties":{"k":"minor","n":""},"geometry":{"type":"LineString","coordinates":[[-6.24539,53.3577],[-6.2453,53.35776],[-6.24504,53.35793],[-6.24451,53.35832]]}},{"type":"Feature","properties":{"k":"minor","n":""},"geometry":{"type":"LineString","coordinates":[[-6.24555,53.35759],[-6.24539,53.3577]]}},{"type":"Feature","properties":{"k":"minor","n":""},"geometry":{"type":"LineString","coordinates":[[-6.24079,53.35782],[-6.24116,53.358],[-6.24156,53.35818],[-6.2416,53.3582],[-6.2417,53.35824]]}},{"type":"Feature","properties":{"k":"minor","n":""},"geometry":{"type":"LineString","coordinates":[[-6.26893,53.3362],[-6.26891,53.33611],[-6.26891,53.33608],[-6.2689,53.33605],[-6.26884,53.33574],[-6.26881,53.33556],[-6.26875,53.33517],[-6.26873,53.33506],[-6.26863,53.33446],[-6.26855,53.334],[-6.26853,53.33388],[-6.26844,53.33332],[-6.2684,53.33302],[-6.26837,53.33282]]}},{"type":"Feature","properties":{"k":"minor","n":""},"geometry":{"type":"LineString","coordinates":[[-6.26945,53.34217],[-6.26967,53.34213],[-6.26975,53.34212],[-6.26986,53.34212],[-6.26998,53.34212]]}},{"type":"Feature","properties":{"k":"minor","n":""},"geometry":{"type":"LineString","coordinates":[[-6.2693,53.33923],[-6.26919,53.33924],[-6.26816,53.3393],[-6.26789,53.33932],[-6.26698,53.33939]]}},{"type":"Feature","properties":{"k":"minor","n":""},"geometry":{"type":"LineString","coordinates":[[-6.26611,53.33854],[-6.26626,53.33858]]}},{"type":"Feature","properties":{"k":"minor","n":""},"geometry":{"type":"LineString","coordinates":[[-6.26723,53.33969],[-6.26708,53.3397],[-6.26665,53.33967],[-6.26599,53.3396],[-6.26586,53.33959]]}},{"type":"Feature","properties":{"k":"minor","n":""},"geometry":{"type":"LineString","coordinates":[[-6.26924,53.33991],[-6.26941,53.34033]]}},{"type":"Feature","properties":{"k":"minor","n":""},"geometry":{"type":"LineString","coordinates":[[-6.26925,53.34034],[-6.26941,53.34033],[-6.26952,53.34033],[-6.26953,53.34038]]}},{"type":"Feature","properties":{"k":"minor","n":""},"geometry":{"type":"LineString","coordinates":[[-6.26976,53.34163],[-6.26953,53.34163],[-6.26918,53.34169],[-6.26911,53.34167],[-6.26903,53.34152],[-6.26895,53.34139],[-6.26849,53.34074],[-6.26845,53.34068]]}},{"type":"Feature","properties":{"k":"minor","n":""},"geometry":{"type":"LineString","coordinates":[[-6.26819,53.34032],[-6.26815,53.34],[-6.26779,53.34002],[-6.2677,53.34009],[-6.26764,53.34013]]}},{"type":"Feature","properties":{"k":"minor","n":""},"geometry":{"type":"LineString","coordinates":[[-6.27008,53.34106],[-6.26956,53.34106]]}},{"type":"Feature","properties":{"k":"minor","n":""},"geometry":{"type":"LineString","coordinates":[[-6.2695,53.34095],[-6.26951,53.34106],[-6.26956,53.34106],[-6.26956,53.34125]]}},{"type":"Feature","properties":{"k":"minor","n":""},"geometry":{"type":"LineString","coordinates":[[-6.24381,53.35683],[-6.24387,53.35686],[-6.2439,53.35688],[-6.2444,53.35716]]}},{"type":"Feature","properties":{"k":"minor","n":""},"geometry":{"type":"LineString","coordinates":[[-6.2444,53.35716],[-6.24391,53.35749],[-6.24353,53.35727]]}},{"type":"Feature","properties":{"k":"minor","n":""},"geometry":{"type":"LineString","coordinates":[[-6.2444,53.35716],[-6.24498,53.35749]]}},{"type":"Feature","properties":{"k":"minor","n":""},"geometry":{"type":"LineString","coordinates":[[-6.2546,53.35839],[-6.25457,53.35833],[-6.25455,53.35828],[-6.2536,53.35736]]}},{"type":"Feature","properties":{"k":"minor","n":""},"geometry":{"type":"LineString","coordinates":[[-6.26836,53.34731],[-6.26842,53.3473],[-6.26943,53.34715]]}},{"type":"Feature","properties":{"k":"minor","n":""},"geometry":{"type":"LineString","coordinates":[[-6.2735,53.34174],[-6.27341,53.34161],[-6.27336,53.34154],[-6.27326,53.34136],[-6.27325,53.34135],[-6.27324,53.34132],[-6.27316,53.34112],[-6.27313,53.34098]]}},{"type":"Feature","properties":{"k":"minor","n":""},"geometry":{"type":"LineString","coordinates":[[-6.24837,53.32928],[-6.24827,53.3294],[-6.24824,53.32943],[-6.24782,53.32992],[-6.24764,53.3301],[-6.24756,53.33017],[-6.24686,53.3308],[-6.24664,53.331],[-6.24642,53.33124],[-6.24611,53.33162],[-6.24609,53.33167],[-6.24606,53.33176],[-6.24605,53.33181],[-6.24606,53.33187],[-6.24613,53.33197],[-6.24655,53.33248],[-6.24698,53.33302],[-6.2473,53.33341]]}},{"type":"Feature","properties":{"k":"pedestrian","n":""},"geometry":{"type":"LineString","coordinates":[[-6.27775,53.3428],[-6.27773,53.34268],[-6.27756,53.34235]]}},{"type":"Feature","properties":{"k":"minor","n":""},"geometry":{"type":"LineString","coordinates":[[-6.23196,53.34058],[-6.23204,53.34059],[-6.23235,53.34063],[-6.23236,53.34064],[-6.23264,53.34067],[-6.233,53.34072],[-6.23332,53.34076],[-6.23351,53.34078],[-6.23394,53.34084],[-6.23407,53.34086],[-6.23435,53.34089],[-6.23457,53.34091],[-6.23504,53.34098],[-6.23529,53.34101],[-6.23556,53.34104],[-6.23611,53.34112],[-6.23624,53.34113]]}},{"type":"Feature","properties":{"k":"minor","n":""},"geometry":{"type":"LineString","coordinates":[[-6.24416,53.34176],[-6.24443,53.3418],[-6.24497,53.34188],[-6.2451,53.34189]]}},{"type":"Feature","properties":{"k":"major","n":"Earlsfort Terrace"},"geometry":{"type":"LineString","coordinates":[[-6.25862,53.33386],[-6.25863,53.3338],[-6.25864,53.33369],[-6.25868,53.33351],[-6.25872,53.33324],[-6.25876,53.33284],[-6.25881,53.3328],[-6.25887,53.33274]]}},{"type":"Feature","properties":{"k":"major","n":"O'Connell Bridge"},"geometry":{"type":"LineString","coordinates":[[-6.25884,53.34709],[-6.25881,53.34705],[-6.25879,53.347]]}},{"type":"Feature","properties":{"k":"minor","n":""},"geometry":{"type":"LineString","coordinates":[[-6.27211,53.34508],[-6.27213,53.34524]]}},{"type":"Feature","properties":{"k":"minor","n":""},"geometry":{"type":"LineString","coordinates":[[-6.27216,53.34543],[-6.27217,53.34549],[-6.27218,53.34552],[-6.27221,53.34558]]}},{"type":"Feature","properties":{"k":"minor","n":""},"geometry":{"type":"LineString","coordinates":[[-6.27377,53.34215],[-6.27385,53.34213],[-6.27505,53.34192],[-6.27518,53.34189]]}},{"type":"Feature","properties":{"k":"minor","n":""},"geometry":{"type":"LineString","coordinates":[[-6.26452,53.34059],[-6.26459,53.3406],[-6.26561,53.34069]]}},{"type":"Feature","properties":{"k":"pedestrian","n":""},"geometry":{"type":"LineString","coordinates":[[-6.24303,53.34471],[-6.24304,53.34474],[-6.24304,53.34474],[-6.2429,53.34526],[-6.24286,53.34541],[-6.24278,53.34574],[-6.24279,53.34603],[-6.24274,53.34622],[-6.24274,53.34624],[-6.24271,53.34631]]}},{"type":"Feature","properties":{"k":"minor","n":""},"geometry":{"type":"LineString","coordinates":[[-6.26567,53.35552],[-6.26581,53.35555],[-6.26669,53.35577],[-6.26673,53.35578],[-6.26733,53.35594],[-6.26779,53.35603],[-6.26791,53.35605],[-6.26793,53.35606],[-6.26804,53.35607]]}},{"type":"Feature","properties":{"k":"minor","n":""},"geometry":{"type":"LineString","coordinates":[[-6.2539,53.34743],[-6.25391,53.34735]]}},{"type":"Feature","properties":{"k":"minor","n":""},"geometry":{"type":"LineString","coordinates":[[-6.25201,53.34655],[-6.25036,53.34635],[-6.25028,53.34634]]}},{"type":"Feature","properties":{"k":"pedestrian","n":""},"geometry":{"type":"LineString","coordinates":[[-6.26348,53.34209],[-6.26327,53.34243],[-6.263,53.34282]]}},{"type":"Feature","properties":{"k":"minor","n":""},"geometry":{"type":"LineString","coordinates":[[-6.26347,53.34057],[-6.26364,53.34033]]}},{"type":"Feature","properties":{"k":"major","n":"Hendrick Street"},"geometry":{"type":"LineString","coordinates":[[-6.28216,53.34795],[-6.28156,53.34787],[-6.28048,53.34775],[-6.28003,53.34771]]}},{"type":"Feature","properties":{"k":"minor","n":""},"geometry":{"type":"LineString","coordinates":[[-6.28003,53.34771],[-6.27997,53.34771],[-6.27991,53.34772],[-6.27954,53.34769],[-6.27937,53.34768],[-6.27912,53.34766],[-6.27874,53.34762],[-6.27872,53.34762]]}},{"type":"Feature","properties":{"k":"major","n":"College Street"},"geometry":{"type":"LineString","coordinates":[[-6.25735,53.34591],[-6.2573,53.34585],[-6.25728,53.34582],[-6.25727,53.34579],[-6.25728,53.34575],[-6.25731,53.34571],[-6.25738,53.34566],[-6.25752,53.34561]]}},{"type":"Feature","properties":{"k":"major","n":"Westmoreland Street"},"geometry":{"type":"LineString","coordinates":[[-6.25922,53.34484],[-6.25919,53.34492],[-6.25918,53.34496],[-6.25915,53.34506],[-6.25913,53.3452],[-6.25912,53.34525],[-6.25912,53.34529],[-6.25913,53.34533]]}},{"type":"Feature","properties":{"k":"major","n":"D'Olier Street"},"geometry":{"type":"LineString","coordinates":[[-6.25793,53.34631],[-6.2578,53.34623],[-6.25755,53.34606],[-6.25751,53.34603],[-6.25737,53.34594],[-6.25735,53.34592],[-6.25735,53.34591]]}},{"type":"Feature","properties":{"k":"major","n":"Pearse Street"},"geometry":{"type":"LineString","coordinates":[[-6.25661,53.3456],[-6.25671,53.34561],[-6.25685,53.34561],[-6.25692,53.34561]]}},{"type":"Feature","properties":{"k":"major","n":"College Street"},"geometry":{"type":"LineString","coordinates":[[-6.25843,53.34533],[-6.25863,53.34523],[-6.25886,53.34513],[-6.25892,53.34509],[-6.25896,53.34507],[-6.25899,53.34504],[-6.25903,53.345],[-6.25922,53.34484]]}},{"type":"Feature","properties":{"k":"minor","n":""},"geometry":{"type":"LineString","coordinates":[[-6.26916,53.35016],[-6.2692,53.35021]]}},{"type":"Feature","properties":{"k":"major","n":"Bachelors Walk"},"geometry":{"type":"LineString","coordinates":[[-6.26104,53.34714],[-6.26066,53.34722],[-6.26053,53.34725]]}},{"type":"Feature","properties":{"k":"minor","n":""},"geometry":{"type":"LineString","coordinates":[[-6.24923,53.34209],[-6.24916,53.3422],[-6.2491,53.34227],[-6.24904,53.34237],[-6.24891,53.34253],[-6.24888,53.34258],[-6.24879,53.3427]]}},{"type":"Feature","properties":{"k":"major","n":"Mespil Road"},"geometry":{"type":"LineString","coordinates":[[-6.24889,53.33295],[-6.24857,53.33304],[-6.24819,53.33315],[-6.24809,53.33318],[-6.24742,53.33337],[-6.2473,53.33341],[-6.24719,53.33345],[-6.2464,53.33369],[-6.24549,53.33395],[-6.24534,53.33399],[-6.24518,53.33404]]}},{"type":"Feature","properties":{"k":"minor","n":""},"geometry":{"type":"LineString","coordinates":[[-6.28432,53.33607],[-6.2832,53.33646],[-6.28269,53.33662],[-6.28196,53.33678],[-6.28127,53.33694],[-6.28119,53.33696],[-6.28116,53.33698],[-6.28114,53.33699],[-6.28107,53.33704]]}},{"type":"Feature","properties":{"k":"minor","n":""},"geometry":{"type":"LineString","coordinates":[[-6.27856,53.33469],[-6.27847,53.33464],[-6.27766,53.33413],[-6.27765,53.33412],[-6.27764,53.3341]]}},{"type":"Feature","properties":{"k":"minor","n":""},"geometry":{"type":"LineString","coordinates":[[-6.27408,53.33523],[-6.27433,53.3353],[-6.27461,53.33538],[-6.27473,53.33543],[-6.27485,53.33547],[-6.275,53.33552],[-6.27505,53.33553],[-6.27509,53.33553],[-6.27514,53.33552]]}},{"type":"Feature","properties":{"k":"minor","n":""},"geometry":{"type":"LineString","coordinates":[[-6.27922,53.33353],[-6.2793,53.33346],[-6.28005,53.33279],[-6.28007,53.33277],[-6.2801,53.33274],[-6.28113,53.33181],[-6.28137,53.33158],[-6.28141,53.33153],[-6.28142,53.33151],[-6.28156,53.33122],[-6.28158,53.33118],[-6.28159,53.33114]]}},{"type":"Feature","properties":{"k":"pedestrian","n":""},"geometry":{"type":"LineString","coordinates":[[-6.26049,53.33964],[-6.26031,53.33937]]}},{"type":"Feature","properties":{"k":"pedestrian","n":""},"geometry":{"type":"LineString","coordinates":[[-6.26025,53.33844],[-6.26003,53.33842],[-6.26,53.33841],[-6.25996,53.3384],[-6.26,53.3384],[-6.26003,53.33838],[-6.26004,53.33835],[-6.26003,53.33832],[-6.26003,53.33832],[-6.26003,53.33831],[-6.26005,53.3383],[-6.2601,53.33821],[-6.26016,53.33812],[-6.26026,53.33814],[-6.26025,53.33816],[-6.26028,53.33817],[-6.26031,53.33818],[-6.26034,53.33819],[-6.26035,53.33821],[-6.26032,53.33826],[-6.26033,53.33826],[-6.26034,53.33826],[-6.26041,53.33828],[-6.26042,53.33829],[-6.26041,53.33832],[-6.26041,53.33833],[-6.26041,53.33834],[-6.26042,53.33835],[-6.26044,53.33838],[-6.26045,53.3384],[-6.26041,53.33843],[-6.26036,53.33844],[-6.26029,53.33844],[-6.26028,53.33844],[-6.26025,53.33844]]}},{"type":"Feature","properties":{"k":"pedestrian","n":""},"geometry":{"type":"LineString","coordinates":[[-6.26247,53.34563],[-6.26284,53.34561]]}},{"type":"Feature","properties":{"k":"minor","n":""},"geometry":{"type":"LineString","coordinates":[[-6.26255,53.34615],[-6.26252,53.34608],[-6.26247,53.34563]]}},{"type":"Feature","properties":{"k":"pedestrian","n":""},"geometry":{"type":"LineString","coordinates":[[-6.26284,53.34561],[-6.26282,53.34557],[-6.26281,53.34543],[-6.26288,53.34544],[-6.26307,53.34543],[-6.26311,53.34543],[-6.26322,53.34543],[-6.26329,53.34542],[-6.26338,53.34542],[-6.26342,53.34542],[-6.26342,53.34554],[-6.26342,53.34559],[-6.26284,53.34561]]}},{"type":"Feature","properties":{"k":"minor","n":""},"geometry":{"type":"LineString","coordinates":[[-6.26182,53.34565],[-6.26184,53.34605],[-6.26186,53.34622],[-6.26189,53.34629]]}},{"type":"Feature","properties":{"k":"pedestrian","n":""},"geometry":{"type":"LineString","coordinates":[[-6.26342,53.34559],[-6.26342,53.34563],[-6.26344,53.34589],[-6.26348,53.34596]]}},{"type":"Feature","properties":{"k":"pedestrian","n":""},"geometry":{"type":"LineString","coordinates":[[-6.26556,53.3453],[-6.26553,53.34528],[-6.26551,53.34527],[-6.26549,53.34526],[-6.26547,53.34523]]}},{"type":"Feature","properties":{"k":"pedestrian","n":""},"geometry":{"type":"LineString","coordinates":[[-6.26561,53.34485],[-6.26571,53.34485],[-6.26573,53.34485],[-6.26577,53.34485]]}},{"type":"Feature","properties":{"k":"pedestrian","n":""},"geometry":{"type":"LineString","coordinates":[[-6.26483,53.34492],[-6.2648,53.34492],[-6.2647,53.3449],[-6.26456,53.34488],[-6.26446,53.34488],[-6.2643,53.34488],[-6.26425,53.34488]]}},{"type":"Feature","properties":{"k":"minor","n":""},"geometry":{"type":"LineString","coordinates":[[-6.26815,53.34475],[-6.26799,53.34483],[-6.26795,53.34485],[-6.26777,53.3449],[-6.26763,53.34493],[-6.26751,53.34495]]}},{"type":"Feature","properties":{"k":"pedestrian","n":""},"geometry":{"type":"LineString","coordinates":[[-6.26561,53.34485],[-6.26556,53.34485],[-6.2655,53.34485],[-6.26546,53.34486],[-6.26543,53.34486],[-6.26526,53.34486],[-6.26524,53.34487],[-6.26522,53.34487],[-6.2652,53.34489],[-6.26517,53.34489],[-6.26515,53.34489]]}},{"type":"Feature","properties":{"k":"minor","n":""},"geometry":{"type":"LineString","coordinates":[[-6.27324,53.34132],[-6.27289,53.34136],[-6.27287,53.34125]]}},{"type":"Feature","properties":{"k":"minor","n":""},"geometry":{"type":"LineString","coordinates":[[-6.2807,53.33626],[-6.28098,53.33622],[-6.28108,53.3362],[-6.28127,53.33619]]}},{"type":"Feature","properties":{"k":"minor","n":""},"geometry":{"type":"LineString","coordinates":[[-6.28302,53.33538],[-6.28245,53.33414]]}},{"type":"Feature","properties":{"k":"minor","n":""},"geometry":{"type":"LineString","coordinates":[[-6.28219,53.33558],[-6.28159,53.33433]]}},{"type":"Feature","properties":{"k":"minor","n":""},"geometry":{"type":"LineString","coordinates":[[-6.27935,53.33609],[-6.27943,53.33609],[-6.28051,53.3359],[-6.28115,53.33579]]}},{"type":"Feature","properties":{"k":"minor","n":""},"geometry":{"type":"LineString","coordinates":[[-6.28127,53.33619],[-6.2814,53.33647],[-6.2814,53.3365],[-6.28139,53.33652],[-6.28135,53.33654],[-6.28093,53.33665],[-6.28087,53.33666]]}},{"type":"Feature","properties":{"k":"minor","n":""},"geometry":{"type":"LineString","coordinates":[[-6.27668,53.3342],[-6.27667,53.33423],[-6.27664,53.3343],[-6.27665,53.33437],[-6.27668,53.3344]]}},{"type":"Feature","properties":{"k":"minor","n":""},"geometry":{"type":"LineString","coordinates":[[-6.27519,53.33732],[-6.27527,53.33729],[-6.2755,53.33723],[-6.27567,53.33719],[-6.27585,53.33716],[-6.27594,53.33715],[-6.27599,53.33716],[-6.27629,53.33718],[-6.27653,53.33721],[-6.27707,53.33727],[-6.27746,53.3373],[-6.27829,53.33739],[-6.27838,53.3374],[-6.2785,53.33739],[-6.27856,53.33737]]}},{"type":"Feature","properties":{"k":"minor","n":""},"geometry":{"type":"LineString","coordinates":[[-6.27923,53.33703],[-6.27901,53.33729]]}},{"type":"Feature","properties":{"k":"pedestrian","n":""},"geometry":{"type":"LineString","coordinates":[[-6.26197,53.34954],[-6.26243,53.35011],[-6.2628,53.3505],[-6.26319,53.3509]]}},{"type":"Feature","properties":{"k":"pedestrian","n":""},"geometry":{"type":"LineString","coordinates":[[-6.26332,53.34933],[-6.26387,53.34987]]}},{"type":"Feature","properties":{"k":"minor","n":""},"geometry":{"type":"LineString","coordinates":[[-6.28289,53.33332],[-6.28279,53.33335],[-6.28255,53.33343],[-6.28252,53.33343],[-6.28098,53.33389],[-6.28087,53.33391]]}},{"type":"Feature","properties":{"k":"minor","n":""},"geometry":{"type":"LineString","coordinates":[[-6.26366,53.3514],[-6.26332,53.35104],[-6.26319,53.3509]]}},{"type":"Feature","properties":{"k":"minor","n":""},"geometry":{"type":"LineString","coordinates":[[-6.2322,53.33473],[-6.23371,53.3341],[-6.23396,53.33399],[-6.234,53.33398],[-6.23403,53.33396],[-6.2341,53.33393],[-6.23413,53.33392],[-6.23417,53.3339],[-6.23419,53.33389],[-6.23434,53.33383],[-6.23442,53.3338],[-6.23445,53.33378],[-6.23447,53.33377],[-6.23461,53.33371],[-6.23467,53.33369],[-6.2347,53.33368],[-6.23477,53.33365],[-6.2348,53.33363],[-6.23488,53.33359],[-6.23497,53.33356],[-6.23507,53.33351],[-6.23516,53.33347],[-6.23536,53.33337],[-6.23586,53.33317],[-6.23588,53.33316],[-6.23598,53.33312]]}},{"type":"Feature","properties":{"k":"minor","n":""},"geometry":{"type":"LineString","coordinates":[[-6.2348,53.33363],[-6.23484,53.33366],[-6.2349,53.33368],[-6.23498,53.33373],[-6.235,53.33376],[-6.23502,53.3338],[-6.23506,53.33384],[-6.2351,53.3339],[-6.23513,53.33394],[-6.23515,53.33396],[-6.23518,53.33401],[-6.23521,53.33405],[-6.23532,53.3342],[-6.2355,53.33443],[-6.23576,53.33478],[-6.23594,53.33503],[-6.23597,53.33509],[-6.23607,53.33522],[-6.23609,53.33524],[-6.23616,53.33533],[-6.23617,53.33534],[-6.23619,53.33536],[-6.23649,53.33561],[-6.23655,53.33566],[-6.23657,53.33568],[-6.23658,53.3357],[-6.2366,53.33573],[-6.23663,53.33577],[-6.23664,53.33578],[-6.23665,53.3358],[-6.23667,53.33582],[-6.23668,53.33584],[-6.2367,53.33586],[-6.2367,53.33587],[-6.23672,53.3359],[-6.23673,53.33591],[-6.23677,53.33596],[-6.2368,53.336],[-6.23682,53.33604],[-6.23686,53.33608],[-6.23687,53.3361],[-6.23688,53.33612],[-6.23692,53.33618],[-6.23708,53.33639],[-6.23712,53.33645]]}},{"type":"Feature","properties":{"k":"minor","n":""},"geometry":{"type":"LineString","coordinates":[[-6.24494,53.35668],[-6.24498,53.3567],[-6.24501,53.35672],[-6.24503,53.35673],[-6.24506,53.35675],[-6.24562,53.35705],[-6.24573,53.3571],[-6.2462,53.35734],[-6.24624,53.35736]]}},{"type":"Feature","properties":{"k":"major","n":"Leinster Street South"},"geometry":{"type":"LineString","coordinates":[[-6.25436,53.34218],[-6.25363,53.34203],[-6.25307,53.34191],[-6.25298,53.34189],[-6.2529,53.34188],[-6.25283,53.34187],[-6.25277,53.34187]]}},{"type":"Feature","properties":{"k":"minor","n":""},"geometry":{"type":"LineString","coordinates":[[-6.26277,53.33949],[-6.26284,53.33953],[-6.26338,53.33964],[-6.26341,53.33965]]}},{"type":"Feature","properties":{"k":"minor","n":""},"geometry":{"type":"LineString","coordinates":[[-6.28386,53.34227],[-6.28326,53.34227],[-6.28293,53.34227],[-6.28289,53.34228],[-6.28228,53.34228],[-6.28181,53.34229],[-6.28178,53.3423]]}},{"type":"Feature","properties":{"k":"minor","n":""},"geometry":{"type":"LineString","coordinates":[[-6.28228,53.34228],[-6.28229,53.34272]]}},{"type":"Feature","properties":{"k":"minor","n":""},"geometry":{"type":"LineString","coordinates":[[-6.28178,53.34222],[-6.28169,53.34222],[-6.28134,53.34221],[-6.28108,53.3422],[-6.281,53.34219],[-6.28035,53.34214],[-6.28016,53.34214],[-6.27983,53.34217],[-6.27967,53.34218],[-6.27912,53.34223]]}},{"type":"Feature","properties":{"k":"minor","n":""},"geometry":{"type":"LineString","coordinates":[[-6.28627,53.34155],[-6.28518,53.34154],[-6.28391,53.34152]]}},{"type":"Feature","properties":{"k":"pedestrian","n":""},"geometry":{"type":"LineString","coordinates":[[-6.26284,53.34561],[-6.26282,53.34557],[-6.26281,53.34543],[-6.26272,53.3449]]}},{"type":"Feature","properties":{"k":"minor","n":""},"geometry":{"type":"LineString","coordinates":[[-6.26995,53.34497],[-6.26933,53.34503],[-6.26891,53.34506],[-6.26888,53.34506],[-6.26856,53.34508],[-6.26842,53.34507],[-6.26829,53.34504],[-6.26819,53.34498],[-6.26799,53.34483]]}},{"type":"Feature","properties":{"k":"pedestrian","n":""},"geometry":{"type":"LineString","coordinates":[[-6.26861,53.34388],[-6.26864,53.34394],[-6.26865,53.34396],[-6.26872,53.34409]]}},{"type":"Feature","properties":{"k":"pedestrian","n":""},"geometry":{"type":"LineString","coordinates":[[-6.26883,53.3451],[-6.26885,53.34521],[-6.26894,53.3452],[-6.26922,53.34516],[-6.26921,53.34514],[-6.26918,53.34507],[-6.26892,53.34509],[-6.26883,53.3451]]}},{"type":"Feature","properties":{"k":"minor","n":""},"geometry":{"type":"LineString","coordinates":[[-6.26784,53.34404],[-6.26788,53.3441],[-6.26798,53.34426]]}},{"type":"Feature","properties":{"k":"minor","n":""},"geometry":{"type":"LineString","coordinates":[[-6.23881,53.35618],[-6.23887,53.35618],[-6.23892,53.35617],[-6.23897,53.35615],[-6.23905,53.35609],[-6.23959,53.35563],[-6.23963,53.3556]]}},{"type":"Feature","properties":{"k":"minor","n":""},"geometry":{"type":"LineString","coordinates":[[-6.26877,53.35783],[-6.26884,53.3578],[-6.26927,53.35765]]}},{"type":"Feature","properties":{"k":"minor","n":""},"geometry":{"type":"LineString","coordinates":[[-6.27042,53.35633],[-6.27001,53.35628],[-6.26928,53.35619],[-6.26889,53.35616],[-6.26813,53.35608],[-6.26804,53.35607]]}},{"type":"Feature","properties":{"k":"minor","n":""},"geometry":{"type":"LineString","coordinates":[[-6.27168,53.3565],[-6.27042,53.35633]]}},{"type":"Feature","properties":{"k":"minor","n":""},"geometry":{"type":"LineString","coordinates":[[-6.26839,53.35536],[-6.26848,53.35537],[-6.27008,53.35558],[-6.27014,53.35559],[-6.27067,53.35566],[-6.27181,53.35582]]}},{"type":"Feature","properties":{"k":"minor","n":""},"geometry":{"type":"LineString","coordinates":[[-6.23864,53.35723],[-6.2391,53.35744],[-6.23971,53.3577],[-6.23975,53.35772],[-6.23955,53.35788]]}},{"type":"Feature","properties":{"k":"minor","n":""},"geometry":{"type":"LineString","coordinates":[[-6.24117,53.35863],[-6.24109,53.35859],[-6.24103,53.35856],[-6.23955,53.35788]]}},{"type":"Feature","properties":{"k":"minor","n":""},"geometry":{"type":"LineString","coordinates":[[-6.23889,53.35791],[-6.23802,53.35755]]}},{"type":"Feature","properties":{"k":"minor","n":""},"geometry":{"type":"LineString","coordinates":[[-6.23975,53.35772],[-6.24011,53.35742],[-6.24016,53.35738]]}},{"type":"Feature","properties":{"k":"pedestrian","n":""},"geometry":{"type":"LineString","coordinates":[[-6.23936,53.35792],[-6.23904,53.35779]]}},{"type":"Feature","properties":{"k":"minor","n":""},"geometry":{"type":"LineString","coordinates":[[-6.23839,53.35833],[-6.23806,53.35818],[-6.23738,53.35789]]}},{"type":"Feature","properties":{"k":"minor","n":""},"geometry":{"type":"LineString","coordinates":[[-6.23799,53.35259],[-6.23801,53.35256],[-6.23801,53.35253],[-6.23792,53.35244],[-6.23781,53.35236],[-6.23768,53.35229],[-6.2375,53.3522],[-6.23733,53.35212],[-6.23699,53.35201]]}},{"type":"Feature","properties":{"k":"minor","n":""},"geometry":{"type":"LineString","coordinates":[[-6.23762,53.35288],[-6.238,53.35305],[-6.23835,53.35321]]}},{"type":"Feature","properties":{"k":"minor","n":""},"geometry":{"type":"LineString","coordinates":[[-6.23885,53.355],[-6.23872,53.35498],[-6.23853,53.35486],[-6.23829,53.35476],[-6.23778,53.35453],[-6.23643,53.35393],[-6.23638,53.3539]]}},{"type":"Feature","properties":{"k":"minor","n":""},"geometry":{"type":"LineString","coordinates":[[-6.23503,53.35646],[-6.23511,53.35636],[-6.23545,53.35604]]}},{"type":"Feature","properties":{"k":"minor","n":""},"geometry":{"type":"LineString","coordinates":[[-6.2352,53.35593],[-6.23545,53.35604],[-6.23575,53.35618]]}},{"type":"Feature","properties":{"k":"minor","n":""},"geometry":{"type":"LineString","coordinates":[[-6.23674,53.3571],[-6.23632,53.35742],[-6.23628,53.35743],[-6.23625,53.35743],[-6.23571,53.35719],[-6.2357,53.35717],[-6.23571,53.35715],[-6.23572,53.35713],[-6.23611,53.3568]]}},{"type":"Feature","properties":{"k":"minor","n":""},"geometry":{"type":"LineString","coordinates":[[-6.23388,53.35597],[-6.23503,53.35646],[-6.23515,53.35651],[-6.23524,53.35653],[-6.23572,53.35664],[-6.23611,53.3568],[-6.23674,53.3571],[-6.23735,53.35736],[-6.23742,53.3574]]}},{"type":"Feature","properties":{"k":"minor","n":""},"geometry":{"type":"LineString","coordinates":[[-6.23706,53.35556],[-6.23649,53.35542],[-6.2353,53.35491],[-6.23521,53.35487]]}},{"type":"Feature","properties":{"k":"minor","n":""},"geometry":{"type":"LineString","coordinates":[[-6.2358,53.35438],[-6.23574,53.35435],[-6.23499,53.35404],[-6.23488,53.35401],[-6.23482,53.35401],[-6.23477,53.35403],[-6.23466,53.35411],[-6.23437,53.35398],[-6.23396,53.3538],[-6.23328,53.35349],[-6.23252,53.35315],[-6.23183,53.35285]]}},{"type":"Feature","properties":{"k":"minor","n":""},"geometry":{"type":"LineString","coordinates":[[-6.27144,53.33544],[-6.27143,53.33545],[-6.27142,53.33547],[-6.27146,53.33578],[-6.27151,53.33611],[-6.27152,53.33615]]}},{"type":"Feature","properties":{"k":"minor","n":""},"geometry":{"type":"LineString","coordinates":[[-6.26893,53.3362],[-6.269,53.33621],[-6.26902,53.33621],[-6.26912,53.3362]]}},{"type":"Feature","properties":{"k":"minor","n":""},"geometry":{"type":"LineString","coordinates":[[-6.24745,53.35649],[-6.24737,53.35646],[-6.24625,53.35606],[-6.24618,53.35605],[-6.24616,53.35607],[-6.24607,53.35613],[-6.24598,53.35618],[-6.24587,53.35623],[-6.24573,53.35627]]}},{"type":"Feature","properties":{"k":"minor","n":""},"geometry":{"type":"LineString","coordinates":[[-6.24836,53.3577],[-6.24825,53.35764],[-6.24796,53.35749],[-6.24742,53.35721],[-6.24681,53.35691]]}},{"type":"Feature","properties":{"k":"minor","n":""},"geometry":{"type":"LineString","coordinates":[[-6.24573,53.35627],[-6.24561,53.35621],[-6.24522,53.35601],[-6.24519,53.356],[-6.24517,53.35599],[-6.2451,53.35596]]}},{"type":"Feature","properties":{"k":"minor","n":""},"geometry":{"type":"LineString","coordinates":[[-6.23536,53.35854],[-6.23542,53.35851],[-6.23581,53.3583],[-6.23642,53.35798],[-6.23653,53.35792],[-6.23686,53.35776],[-6.23715,53.35759],[-6.23728,53.3575],[-6.23742,53.3574],[-6.23749,53.35734],[-6.23756,53.35728],[-6.23771,53.35713],[-6.2378,53.35703],[-6.23794,53.35685],[-6.23806,53.3567],[-6.23821,53.35651],[-6.23852,53.35611],[-6.2386,53.35591],[-6.23868,53.3557],[-6.23877,53.35543],[-6.23886,53.35506],[-6.23885,53.355]]}},{"type":"Feature","properties":{"k":"minor","n":""},"geometry":{"type":"LineString","coordinates":[[-6.23963,53.3556],[-6.23987,53.3554]]}},{"type":"Feature","properties":{"k":"minor","n":""},"geometry":{"type":"LineString","coordinates":[[-6.23987,53.3554],[-6.24013,53.35519],[-6.24026,53.35508],[-6.24058,53.35481],[-6.24065,53.35477],[-6.2407,53.35476],[-6.24076,53.35476],[-6.24082,53.35477],[-6.24114,53.35491],[-6.24143,53.35505],[-6.24161,53.35515]]}},{"type":"Feature","properties":{"k":"minor","n":""},"geometry":{"type":"LineString","coordinates":[[-6.24314,53.35618],[-6.24347,53.3564],[-6.24359,53.35648],[-6.24373,53.35657],[-6.24383,53.35664],[-6.24386,53.35666],[-6.24389,53.35668]]}},{"type":"Feature","properties":{"k":"major","n":"Moss Street"},"geometry":{"type":"LineString","coordinates":[[-6.25178,53.34748],[-6.25181,53.34742],[-6.25183,53.34737]]}},{"type":"Feature","properties":{"k":"minor","n":""},"geometry":{"type":"LineString","coordinates":[[-6.24151,53.34096],[-6.24189,53.34099],[-6.24217,53.34101]]}},{"type":"Feature","properties":{"k":"minor","n":""},"geometry":{"type":"LineString","coordinates":[[-6.24148,53.34115],[-6.24176,53.34124],[-6.24226,53.34143]]}},{"type":"Feature","properties":{"k":"major","n":"Merrion Square North"},"geometry":{"type":"LineString","coordinates":[[-6.24672,53.33973],[-6.24636,53.33959]]}},{"type":"Feature","properties":{"k":"minor","n":""},"geometry":{"type":"LineString","coordinates":[[-6.26505,53.33347],[-6.26504,53.33351],[-6.26504,53.33355],[-6.26503,53.33357],[-6.265,53.3336]]}},{"type":"Feature","properties":{"k":"minor","n":""},"geometry":{"type":"LineString","coordinates":[[-6.28033,53.34809],[-6.28208,53.34828]]}},{"type":"Feature","properties":{"k":"minor","n":""},"geometry":{"type":"LineString","coordinates":[[-6.28216,53.34795],[-6.28275,53.348]]}},{"type":"Feature","properties":{"k":"minor","n":""},"geometry":{"type":"LineString","coordinates":[[-6.28275,53.348],[-6.28284,53.34773],[-6.28294,53.3475],[-6.28295,53.34747],[-6.28296,53.34744]]}},{"type":"Feature","properties":{"k":"minor","n":""},"geometry":{"type":"LineString","coordinates":[[-6.27989,53.35275],[-6.28028,53.35282],[-6.28084,53.35296],[-6.28112,53.35301],[-6.28123,53.35301],[-6.28125,53.35301],[-6.28174,53.35292],[-6.28322,53.35262],[-6.2838,53.35251],[-6.284,53.35244]]}},{"type":"Feature","properties":{"k":"minor","n":""},"geometry":{"type":"LineString","coordinates":[[-6.28284,53.35334],[-6.28281,53.35341],[-6.28278,53.35342],[-6.28272,53.35341],[-6.28231,53.3533],[-6.28225,53.35327]]}},{"type":"Feature","properties":{"k":"minor","n":""},"geometry":{"type":"LineString","coordinates":[[-6.28174,53.35292],[-6.28178,53.35299],[-6.28183,53.35308],[-6.28182,53.35311],[-6.2818,53.35317]]}},{"type":"Feature","properties":{"k":"minor","n":""},"geometry":{"type":"LineString","coordinates":[[-6.28317,53.35296],[-6.28318,53.35298],[-6.28316,53.35307],[-6.28315,53.35308],[-6.28314,53.35308],[-6.28303,53.35306],[-6.283,53.353]]}},{"type":"Feature","properties":{"k":"minor","n":""},"geometry":{"type":"LineString","coordinates":[[-6.28017,53.34715],[-6.28024,53.34715],[-6.28073,53.3472],[-6.28085,53.34722],[-6.28174,53.3473],[-6.28212,53.34734],[-6.28234,53.34737],[-6.28296,53.34744],[-6.28306,53.34745],[-6.2835,53.34753],[-6.28365,53.34755],[-6.28393,53.3476],[-6.28414,53.34764],[-6.28439,53.34767],[-6.28452,53.34769],[-6.28484,53.34773],[-6.28502,53.34775],[-6.28514,53.34776],[-6.28521,53.34777]]}},{"type":"Feature","properties":{"k":"minor","n":""},"geometry":{"type":"LineString","coordinates":[[-6.27935,53.33609],[-6.27928,53.33609],[-6.27888,53.33612],[-6.27862,53.33613]]}},{"type":"Feature","properties":{"k":"minor","n":""},"geometry":{"type":"LineString","coordinates":[[-6.27504,53.3361],[-6.27508,53.3361],[-6.27592,53.33612]]}},{"type":"Feature","properties":{"k":"minor","n":""},"geometry":{"type":"LineString","coordinates":[[-6.27874,53.33763],[-6.27861,53.33744]]}},{"type":"Feature","properties":{"k":"minor","n":""},"geometry":{"type":"LineString","coordinates":[[-6.27922,53.33353],[-6.27921,53.33356],[-6.27886,53.33422],[-6.27862,53.33465],[-6.27856,53.33469]]}},{"type":"Feature","properties":{"k":"minor","n":""},"geometry":{"type":"LineString","coordinates":[[-6.27286,53.33692],[-6.27291,53.33693],[-6.27294,53.33693],[-6.27296,53.33694],[-6.27328,53.33695],[-6.27371,53.33697],[-6.27434,53.337],[-6.27481,53.33703],[-6.27496,53.33704],[-6.27502,53.33704]]}},{"type":"Feature","properties":{"k":"minor","n":""},"geometry":{"type":"LineString","coordinates":[[-6.27371,53.33697],[-6.27371,53.33687],[-6.27369,53.33663],[-6.27368,53.33648]]}},{"type":"Feature","properties":{"k":"minor","n":""},"geometry":{"type":"LineString","coordinates":[[-6.27239,53.33625],[-6.2724,53.33623],[-6.27243,53.33609],[-6.27245,53.33604],[-6.27246,53.33602],[-6.27249,53.336]]}},{"type":"Feature","properties":{"k":"minor","n":""},"geometry":{"type":"LineString","coordinates":[[-6.26786,53.346],[-6.26776,53.3457]]}},{"type":"Feature","properties":{"k":"minor","n":""},"geometry":{"type":"LineString","coordinates":[[-6.26765,53.34539],[-6.26763,53.34534]]}},{"type":"Feature","properties":{"k":"major","n":"Parnell Street"},"geometry":{"type":"LineString","coordinates":[[-6.26796,53.34996],[-6.26805,53.34994]]}},{"type":"Feature","properties":{"k":"minor","n":""},"geometry":{"type":"LineString","coordinates":[[-6.23913,53.35698],[-6.23864,53.35723],[-6.23802,53.35755],[-6.23738,53.35789],[-6.23674,53.35823]]}},{"type":"Feature","properties":{"k":"minor","n":""},"geometry":{"type":"LineString","coordinates":[[-6.23966,53.35671],[-6.24016,53.35693]]}},{"type":"Feature","properties":{"k":"minor","n":""},"geometry":{"type":"LineString","coordinates":[[-6.23789,53.35873],[-6.23839,53.35833],[-6.23889,53.35791],[-6.23904,53.35779],[-6.23913,53.35772]]}},{"type":"Feature","properties":{"k":"minor","n":""},"geometry":{"type":"LineString","coordinates":[[-6.2791,53.33558],[-6.27917,53.33557],[-6.28023,53.33537]]}},{"type":"Feature","properties":{"k":"minor","n":""},"geometry":{"type":"LineString","coordinates":[[-6.28023,53.33537],[-6.28091,53.33524]]}},{"type":"Feature","properties":{"k":"minor","n":""},"geometry":{"type":"LineString","coordinates":[[-6.28355,53.33524],[-6.28366,53.33526],[-6.28377,53.33532],[-6.28408,53.33563],[-6.28443,53.33599]]}},{"type":"Feature","properties":{"k":"minor","n":""},"geometry":{"type":"LineString","coordinates":[[-6.28004,53.33499],[-6.28016,53.33497],[-6.28024,53.33496],[-6.28111,53.33485],[-6.28123,53.33483]]}},{"type":"Feature","properties":{"k":"minor","n":""},"geometry":{"type":"LineString","coordinates":[[-6.28158,53.3357],[-6.28161,53.3357],[-6.28165,53.33569],[-6.28219,53.33558],[-6.28257,53.33549],[-6.28302,53.33538],[-6.28355,53.33524]]}},{"type":"Feature","properties":{"k":"minor","n":""},"geometry":{"type":"LineString","coordinates":[[-6.28107,53.33442],[-6.28127,53.33439],[-6.28159,53.33433],[-6.28191,53.33425],[-6.28197,53.33424],[-6.28245,53.33414],[-6.283,53.33403]]}},{"type":"Feature","properties":{"k":"minor","n":""},"geometry":{"type":"LineString","coordinates":[[-6.27796,53.3348],[-6.27803,53.3348],[-6.27837,53.33475],[-6.27843,53.33475],[-6.2785,53.33472],[-6.27856,53.33469]]}},{"type":"Feature","properties":{"k":"minor","n":""},"geometry":{"type":"LineString","coordinates":[[-6.2807,53.33626],[-6.28048,53.3363],[-6.28043,53.33631],[-6.28012,53.33637]]}},{"type":"Feature","properties":{"k":"minor","n":""},"geometry":{"type":"LineString","coordinates":[[-6.27559,53.33494],[-6.27563,53.33496],[-6.27566,53.33497],[-6.27572,53.33499]]}},{"type":"Feature","properties":{"k":"minor","n":""},"geometry":{"type":"LineString","coordinates":[[-6.2832,53.33646],[-6.28291,53.33611],[-6.28289,53.33606],[-6.28288,53.33602]]}},{"type":"Feature","properties":{"k":"minor","n":""},"geometry":{"type":"LineString","coordinates":[[-6.28378,53.33561],[-6.2829,53.33584]]}},{"type":"Feature","properties":{"k":"park","n":""},"geometry":{"type":"Polygon","coordinates":[[[-6.27994,53.33718],[-6.2799,53.33719],[-6.27936,53.33702],[-6.27936,53.33701],[-6.27963,53.33667],[-6.27966,53.33667],[-6.28021,53.33684],[-6.28022,53.33686],[-6.27994,53.33718]]]}},{"type":"Feature","properties":{"k":"major","n":"Phibsborough Road"},"geometry":{"type":"LineString","coordinates":[[-6.27347,53.35778],[-6.27348,53.35771],[-6.27349,53.35768],[-6.27351,53.35749],[-6.27354,53.35734],[-6.27356,53.35723],[-6.27359,53.35703]]}},{"type":"Feature","properties":{"k":"minor","n":""},"geometry":{"type":"LineString","coordinates":[[-6.2835,53.33797],[-6.28269,53.33662]]}},{"type":"Feature","properties":{"k":"minor","n":""},"geometry":{"type":"LineString","coordinates":[[-6.27277,53.33404],[-6.27278,53.33409],[-6.2728,53.33415],[-6.27282,53.33429],[-6.27284,53.33441],[-6.27285,53.33443],[-6.27286,53.33444],[-6.27289,53.33444],[-6.27292,53.33445],[-6.27366,53.33442],[-6.27371,53.33443],[-6.27374,53.33444],[-6.27352,53.33469]]}},{"type":"Feature","properties":{"k":"minor","n":""},"geometry":{"type":"LineString","coordinates":[[-6.28069,53.33343],[-6.28082,53.33338],[-6.28201,53.33302]]}},{"type":"Feature","properties":{"k":"minor","n":""},"geometry":{"type":"LineString","coordinates":[[-6.27955,53.33403],[-6.27973,53.33396],[-6.28063,53.33348],[-6.28067,53.33346]]}},{"type":"Feature","properties":{"k":"minor","n":""},"geometry":{"type":"LineString","coordinates":[[-6.28048,53.3332],[-6.28063,53.33336],[-6.28069,53.33343]]}},{"type":"Feature","properties":{"k":"minor","n":""},"geometry":{"type":"LineString","coordinates":[[-6.2757,53.33485],[-6.2756,53.33483],[-6.27487,53.33469],[-6.27479,53.33468],[-6.2746,53.33461],[-6.27458,53.33461],[-6.27451,53.33458]]}},{"type":"Feature","properties":{"k":"minor","n":""},"geometry":{"type":"LineString","coordinates":[[-6.28158,53.3357],[-6.28157,53.33572],[-6.28155,53.33575],[-6.28153,53.33578],[-6.28154,53.33584],[-6.28157,53.33593],[-6.28156,53.33597],[-6.28153,53.33602],[-6.2815,53.33605],[-6.28142,53.3361],[-6.28127,53.33619]]}},{"type":"Feature","properties":{"k":"minor","n":""},"geometry":{"type":"LineString","coordinates":[[-6.2762,53.33795],[-6.27619,53.33806],[-6.27616,53.33844],[-6.27616,53.33869]]}},{"type":"Feature","properties":{"k":"minor","n":""},"geometry":{"type":"LineString","coordinates":[[-6.27741,53.33798],[-6.27742,53.33788],[-6.27746,53.3373]]}},{"type":"Feature","properties":{"k":"minor","n":""},"geometry":{"type":"LineString","coordinates":[[-6.26189,53.35539],[-6.26184,53.35535],[-6.26014,53.35406],[-6.25969,53.35372]]}},{"type":"Feature","properties":{"k":"minor","n":""},"geometry":{"type":"LineString","coordinates":[[-6.25941,53.35349],[-6.25949,53.35356],[-6.25969,53.35372]]}},{"type":"Feature","properties":{"k":"pedestrian","n":""},"geometry":{"type":"LineString","coordinates":[[-6.2798,53.34862],[-6.27967,53.34861],[-6.27932,53.34858],[-6.27901,53.34855],[-6.27895,53.34854],[-6.2789,53.34854],[-6.27857,53.34851],[-6.27853,53.3485],[-6.2785,53.3485]]}},{"type":"Feature","properties":{"k":"minor","n":""},"geometry":{"type":"LineString","coordinates":[[-6.24347,53.3564],[-6.24298,53.35675]]}},{"type":"Feature","properties":{"k":"minor","n":""},"geometry":{"type":"LineString","coordinates":[[-6.24314,53.35618],[-6.24259,53.35651]]}},{"type":"Feature","properties":{"k":"minor","n":""},"geometry":{"type":"LineString","coordinates":[[-6.24274,53.35587],[-6.24199,53.35624]]}},{"type":"Feature","properties":{"k":"minor","n":""},"geometry":{"type":"LineString","coordinates":[[-6.23555,53.35262],[-6.23558,53.3526],[-6.23561,53.35258],[-6.23564,53.35256],[-6.23568,53.35255],[-6.23573,53.35253],[-6.23577,53.35252],[-6.23581,53.35251],[-6.23585,53.35251],[-6.23587,53.35251],[-6.23593,53.3525],[-6.23597,53.35251],[-6.23603,53.35251],[-6.23607,53.35252],[-6.23613,53.35253],[-6.23617,53.35255],[-6.23621,53.35256],[-6.23625,53.35258],[-6.23628,53.3526],[-6.23631,53.35262],[-6.23632,53.35264],[-6.23635,53.35267],[-6.23637,53.3527],[-6.23638,53.35272],[-6.23638,53.35275],[-6.23638,53.35278],[-6.23638,53.3528],[-6.23637,53.35284],[-6.23636,53.35287],[-6.23634,53.35289],[-6.23632,53.35292],[-6.23629,53.35294],[-6.23626,53.35296],[-6.23623,53.35298],[-6.23618,53.353],[-6.23614,53.35302],[-6.23611,53.35303],[-6.23606,53.35304],[-6.236,53.35304],[-6.23593,53.35305],[-6.23583,53.35304],[-6.23576,53.35303],[-6.23571,53.35301],[-6.23568,53.353],[-6.23563,53.35298],[-6.2356,53.35297],[-6.23558,53.35295],[-6.23556,53.35293],[-6.23553,53.35291],[-6.23551,53.35288],[-6.2355,53.35286],[-6.23548,53.35284],[-6.23548,53.35281],[-6.23547,53.35278],[-6.23548,53.35274],[-6.23549,53.35271],[-6.2355,53.35268],[-6.23553,53.35265],[-6.23555,53.35262]]}},{"type":"Feature","properties":{"k":"minor","n":""},"geometry":{"type":"LineString","coordinates":[[-6.23709,53.3533],[-6.23629,53.35294]]}},{"type":"Feature","properties":{"k":"minor","n":""},"geometry":{"type":"LineString","coordinates":[[-6.23585,53.35251],[-6.23584,53.35245],[-6.23572,53.35239],[-6.23555,53.35232],[-6.23539,53.3523],[-6.23456,53.35222]]}},{"type":"Feature","properties":{"k":"minor","n":""},"geometry":{"type":"LineString","coordinates":[[-6.23636,53.3503],[-6.23635,53.35038],[-6.23628,53.35093],[-6.23624,53.35101],[-6.23623,53.35103],[-6.23621,53.35109],[-6.23612,53.35118],[-6.23583,53.35142],[-6.23563,53.35159]]}},{"type":"Feature","properties":{"k":"minor","n":""},"geometry":{"type":"LineString","coordinates":[[-6.23865,53.34885],[-6.23872,53.34885],[-6.23884,53.34886],[-6.23994,53.34896],[-6.24,53.34896]]}},{"type":"Feature","properties":{"k":"minor","n":""},"geometry":{"type":"LineString","coordinates":[[-6.26633,53.34793],[-6.26654,53.34848],[-6.26658,53.3486],[-6.2666,53.34865],[-6.26661,53.34869],[-6.26665,53.3488],[-6.26667,53.34885],[-6.26669,53.3489]]}},{"type":"Feature","properties":{"k":"minor","n":""},"geometry":{"type":"LineString","coordinates":[[-6.27039,53.34823],[-6.26954,53.34831]]}},{"type":"Feature","properties":{"k":"minor","n":""},"geometry":{"type":"LineString","coordinates":[[-6.27152,53.34694],[-6.27099,53.347],[-6.27037,53.34706],[-6.27027,53.34707]]}},{"type":"Feature","properties":{"k":"major","n":"Samuel Beckett Bridge"},"geometry":{"type":"LineString","coordinates":[[-6.24119,53.34762],[-6.2412,53.34756]]}},{"type":"Feature","properties":{"k":"major","n":"Samuel Beckett Bridge"},"geometry":{"type":"LineString","coordinates":[[-6.2412,53.34756],[-6.24118,53.34752],[-6.24115,53.34746]]}},{"type":"Feature","properties":{"k":"minor","n":""},"geometry":{"type":"LineString","coordinates":[[-6.26739,53.34868],[-6.26739,53.34865],[-6.26729,53.34838],[-6.26706,53.34778],[-6.26696,53.3475],[-6.26695,53.34748],[-6.26694,53.34746]]}},{"type":"Feature","properties":{"k":"minor","n":""},"geometry":{"type":"LineString","coordinates":[[-6.27002,53.34636],[-6.27054,53.34629],[-6.27091,53.34625],[-6.27093,53.34624],[-6.27136,53.34619]]}},{"type":"Feature","properties":{"k":"minor","n":""},"geometry":{"type":"LineString","coordinates":[[-6.26997,53.34618],[-6.27086,53.34606],[-6.27124,53.34601],[-6.2713,53.34602],[-6.27132,53.34605],[-6.27136,53.34619]]}},{"type":"Feature","properties":{"k":"minor","n":""},"geometry":{"type":"LineString","coordinates":[[-6.27186,53.34813],[-6.2721,53.34852],[-6.2723,53.34894]]}},{"type":"Feature","properties":{"k":"minor","n":""},"geometry":{"type":"LineString","coordinates":[[-6.27186,53.34813],[-6.27181,53.34805],[-6.27163,53.34734],[-6.27152,53.34694]]}},{"type":"Feature","properties":{"k":"minor","n":""},"geometry":{"type":"LineString","coordinates":[[-6.26104,53.34714],[-6.26131,53.34775]]}},{"type":"Feature","properties":{"k":"minor","n":""},"geometry":{"type":"LineString","coordinates":[[-6.26943,53.34715],[-6.26944,53.34717],[-6.26944,53.34721],[-6.26949,53.34767]]}},{"type":"Feature","properties":{"k":"minor","n":""},"geometry":{"type":"LineString","coordinates":[[-6.27144,53.3465],[-6.27107,53.34655],[-6.27105,53.34656],[-6.27066,53.34661],[-6.2706,53.34645],[-6.27054,53.34629]]}},{"type":"Feature","properties":{"k":"minor","n":""},"geometry":{"type":"LineString","coordinates":[[-6.26913,53.34638],[-6.2692,53.34641],[-6.26926,53.34646],[-6.2693,53.34656],[-6.26933,53.34659],[-6.26939,53.34659],[-6.26973,53.34654],[-6.27007,53.34648]]}},{"type":"Feature","properties":{"k":"minor","n":""},"geometry":{"type":"LineString","coordinates":[[-6.27136,53.34619],[-6.2714,53.34634],[-6.27144,53.3465],[-6.27154,53.34683],[-6.27155,53.34689],[-6.27156,53.34691],[-6.27156,53.34693]]}},{"type":"Feature","properties":{"k":"minor","n":""},"geometry":{"type":"LineString","coordinates":[[-6.27128,53.34822],[-6.27137,53.34862],[-6.2714,53.34891],[-6.27136,53.34907]]}},{"type":"Feature","properties":{"k":"minor","n":""},"geometry":{"type":"LineString","coordinates":[[-6.27057,53.34915],[-6.27055,53.34905],[-6.27044,53.34887],[-6.27039,53.34874],[-6.27038,53.34868],[-6.2704,53.34852],[-6.2704,53.34834],[-6.27039,53.34823]]}},{"type":"Feature","properties":{"k":"minor","n":""},"geometry":{"type":"LineString","coordinates":[[-6.2706,53.35071],[-6.27055,53.35062],[-6.27055,53.3506],[-6.27056,53.35013],[-6.27058,53.34946],[-6.27058,53.34935],[-6.27058,53.34919],[-6.27057,53.34915]]}},{"type":"Feature","properties":{"k":"minor","n":""},"geometry":{"type":"LineString","coordinates":[[-6.27136,53.34907],[-6.27137,53.34913],[-6.27144,53.34927],[-6.27146,53.3494],[-6.27145,53.3497],[-6.27143,53.34983],[-6.27136,53.34995],[-6.27124,53.35023],[-6.27123,53.35026]]}},{"type":"Feature","properties":{"k":"minor","n":""},"geometry":{"type":"LineString","coordinates":[[-6.26984,53.34932],[-6.26987,53.34935],[-6.26993,53.34944],[-6.26996,53.34951],[-6.27004,53.34968],[-6.27007,53.34981],[-6.27007,53.34983]]}},{"type":"Feature","properties":{"k":"minor","n":""},"geometry":{"type":"LineString","coordinates":[[-6.26984,53.34932],[-6.26979,53.34926],[-6.26975,53.34912],[-6.26971,53.34897]]}},{"type":"Feature","properties":{"k":"minor","n":""},"geometry":{"type":"LineString","coordinates":[[-6.23554,53.34725],[-6.23552,53.34736],[-6.2355,53.34747],[-6.23539,53.34809],[-6.23538,53.34815],[-6.23537,53.34819],[-6.23537,53.3482],[-6.2353,53.34862],[-6.23529,53.3487],[-6.23528,53.34872]]}},{"type":"Feature","properties":{"k":"pedestrian","n":""},"geometry":{"type":"LineString","coordinates":[[-6.25949,53.34111],[-6.2596,53.3407],[-6.2597,53.34039],[-6.25975,53.34033]]}},{"type":"Feature","properties":{"k":"pedestrian","n":""},"geometry":{"type":"LineString","coordinates":[[-6.25949,53.34111],[-6.26036,53.3412],[-6.26047,53.34121]]}},{"type":"Feature","properties":{"k":"pedestrian","n":""},"geometry":{"type":"LineString","coordinates":[[-6.2596,53.3407],[-6.2599,53.34074]]}},{"type":"Feature","properties":{"k":"pedestrian","n":""},"geometry":{"type":"LineString","coordinates":[[-6.25929,53.34147],[-6.25923,53.34146]]}},{"type":"Feature","properties":{"k":"minor","n":""},"geometry":{"type":"LineString","coordinates":[[-6.26699,53.34414],[-6.26697,53.34407],[-6.26688,53.34382]]}},{"type":"Feature","properties":{"k":"major","n":"Cork Hill"},"geometry":{"type":"LineString","coordinates":[[-6.26784,53.34404],[-6.26765,53.34406]]}},{"type":"Feature","properties":{"k":"minor","n":""},"geometry":{"type":"LineString","coordinates":[[-6.27007,53.34164],[-6.26989,53.34164],[-6.26976,53.34163]]}},{"type":"Feature","properties":{"k":"major","n":"Sir John Rogerson's Quay"},"geometry":{"type":"LineString","coordinates":[[-6.24047,53.34613],[-6.24055,53.34615],[-6.24068,53.34616],[-6.24122,53.3462]]}},{"type":"Feature","properties":{"k":"minor","n":""},"geometry":{"type":"LineString","coordinates":[[-6.24663,53.34515],[-6.24673,53.3451],[-6.2469,53.34502],[-6.24707,53.34488],[-6.24713,53.34484]]}},{"type":"Feature","properties":{"k":"minor","n":""},"geometry":{"type":"LineString","coordinates":[[-6.23983,53.34442],[-6.24051,53.34447],[-6.24059,53.34447],[-6.24064,53.34448],[-6.24079,53.34449]]}},{"type":"Feature","properties":{"k":"major","n":"Gardiner Street Middle"},"geometry":{"type":"LineString","coordinates":[[-6.25693,53.35427],[-6.25703,53.3544]]}},{"type":"Feature","properties":{"k":"major","n":"Summerhill"},"geometry":{"type":"LineString","coordinates":[[-6.25303,53.35565],[-6.25258,53.3558],[-6.2524,53.35586],[-6.25216,53.35594],[-6.2517,53.35612],[-6.25139,53.35623],[-6.2512,53.35632],[-6.25101,53.35641]]}},{"type":"Feature","properties":{"k":"minor","n":""},"geometry":{"type":"LineString","coordinates":[[-6.26859,53.35497],[-6.26854,53.35507],[-6.26846,53.35521],[-6.26839,53.35536],[-6.2683,53.35552],[-6.26826,53.3556],[-6.26809,53.35594],[-6.26804,53.35607]]}},{"type":"Feature","properties":{"k":"major","n":"Dorset Street Upper"},"geometry":{"type":"LineString","coordinates":[[-6.26525,53.35602],[-6.26531,53.35596]]}},{"type":"Feature","properties":{"k":"major","n":"Frederick Street North"},"geometry":{"type":"LineString","coordinates":[[-6.26401,53.35497],[-6.26397,53.35494],[-6.26381,53.35481],[-6.26368,53.35467]]}},{"type":"Feature","properties":{"k":"major","n":"Cavendish Row"},"geometry":{"type":"LineString","coordinates":[[-6.26184,53.3531],[-6.26157,53.3529],[-6.26144,53.35277],[-6.26143,53.35275]]}},{"type":"Feature","properties":{"k":"minor","n":""},"geometry":{"type":"LineString","coordinates":[[-6.25627,53.34896],[-6.25601,53.349],[-6.25513,53.34916],[-6.25506,53.34917],[-6.25494,53.3492]]}},{"type":"Feature","properties":{"k":"minor","n":""},"geometry":{"type":"LineString","coordinates":[[-6.25494,53.3492],[-6.25478,53.3492],[-6.25473,53.3492]]}},{"type":"Feature","properties":{"k":"major","n":"North Strand Road"},"geometry":{"type":"LineString","coordinates":[[-6.2451,53.35596],[-6.24496,53.35605],[-6.24468,53.35624],[-6.24456,53.35632],[-6.24452,53.35635],[-6.24446,53.35639]]}},{"type":"Feature","properties":{"k":"major","n":"Pearse Street"},"geometry":{"type":"LineString","coordinates":[[-6.24456,53.34318],[-6.24445,53.34316],[-6.24441,53.34315],[-6.24398,53.34309],[-6.2439,53.34308],[-6.24381,53.34307],[-6.24334,53.34301],[-6.2433,53.34301],[-6.24309,53.34298],[-6.2427,53.34293],[-6.24248,53.3429],[-6.24232,53.34288],[-6.24203,53.34285],[-6.24186,53.34283],[-6.24139,53.34277],[-6.24134,53.34277],[-6.24131,53.34276],[-6.24115,53.34275]]}},{"type":"Feature","properties":{"k":"major","n":"St. Stephen's Green"},"geometry":{"type":"LineString","coordinates":[[-6.2594,53.33675],[-6.25985,53.33681],[-6.26011,53.33688],[-6.26015,53.33689],[-6.26032,53.33694],[-6.26148,53.33725],[-6.2625,53.33751],[-6.26256,53.33753],[-6.26262,53.33754],[-6.26267,53.33754],[-6.2627,53.33754]]}},{"type":"Feature","properties":{"k":"major","n":"Island Street"},"geometry":{"type":"LineString","coordinates":[[-6.28097,53.34539],[-6.28089,53.34537],[-6.28082,53.34536]]}},{"type":"Feature","properties":{"k":"major","n":"Usher's Island"},"geometry":{"type":"LineString","coordinates":[[-6.2828,53.34642],[-6.28346,53.34648],[-6.28354,53.34648]]}},{"type":"Feature","properties":{"k":"minor","n":""},"geometry":{"type":"LineString","coordinates":[[-6.27949,53.34982],[-6.27955,53.34983],[-6.27962,53.34985],[-6.27974,53.34989],[-6.27985,53.35002]]}},{"type":"Feature","properties":{"k":"minor","n":""},"geometry":{"type":"LineString","coordinates":[[-6.27985,53.35009],[-6.27983,53.35037]]}},{"type":"Feature","properties":{"k":"pedestrian","n":""},"geometry":{"type":"LineString","coordinates":[[-6.26879,53.34846],[-6.26807,53.34857]]}},{"type":"Feature","properties":{"k":"minor","n":""},"geometry":{"type":"LineString","coordinates":[[-6.26028,53.34827],[-6.26174,53.34812],[-6.2622,53.34807],[-6.26296,53.34798],[-6.26322,53.34795],[-6.26345,53.34794]]}},{"type":"Feature","properties":{"k":"minor","n":""},"geometry":{"type":"LineString","coordinates":[[-6.24226,53.34143],[-6.24262,53.34105]]}},{"type":"Feature","properties":{"k":"major","n":"Gardiner Street Lower"},"geometry":{"type":"LineString","coordinates":[[-6.25604,53.35303],[-6.25685,53.35415],[-6.25689,53.35421]]}},{"type":"Feature","properties":{"k":"major","n":"Dorset Street Upper"},"geometry":{"type":"LineString","coordinates":[[-6.26392,53.35741],[-6.26413,53.3572],[-6.26429,53.35704],[-6.26446,53.35687]]}},{"type":"Feature","properties":{"k":"major","n":"Dorset Street Upper"},"geometry":{"type":"LineString","coordinates":[[-6.26392,53.35741],[-6.26391,53.35743],[-6.26386,53.35754]]}},{"type":"Feature","properties":{"k":"major","n":"Dorset Street Upper"},"geometry":{"type":"LineString","coordinates":[[-6.26375,53.3575],[-6.26389,53.35743],[-6.26392,53.35741]]}},{"type":"Feature","properties":{"k":"minor","n":""},"geometry":{"type":"LineString","coordinates":[[-6.26098,53.35581],[-6.26109,53.35589],[-6.26163,53.35626],[-6.26173,53.35633],[-6.26175,53.35635],[-6.26213,53.35662],[-6.26249,53.35689],[-6.26251,53.3569],[-6.26277,53.35699],[-6.26278,53.357]]}},{"type":"Feature","properties":{"k":"pedestrian","n":""},"geometry":{"type":"LineString","coordinates":[[-6.26751,53.34495],[-6.26749,53.34489],[-6.26727,53.34422],[-6.26725,53.34417],[-6.26723,53.34411]]}},{"type":"Feature","properties":{"k":"major","n":"Amiens Street"},"geometry":{"type":"LineString","coordinates":[[-6.25004,53.35142],[-6.24997,53.35151],[-6.24979,53.35178]]}},{"type":"Feature","properties":{"k":"major","n":"Amiens Street"},"geometry":{"type":"LineString","coordinates":[[-6.24979,53.35178],[-6.24972,53.35189],[-6.24967,53.35195],[-6.2495,53.35215]]}},{"type":"Feature","properties":{"k":"major","n":"Amiens Street"},"geometry":{"type":"LineString","coordinates":[[-6.24925,53.35241],[-6.24899,53.35263],[-6.24894,53.35266],[-6.2489,53.35269],[-6.24883,53.35276],[-6.2488,53.35279]]}},{"type":"Feature","properties":{"k":"major","n":"Portland Row"},"geometry":{"type":"LineString","coordinates":[[-6.24698,53.35492],[-6.24687,53.35484],[-6.24681,53.3548]]}},{"type":"Feature","properties":{"k":"major","n":"North Strand Road"},"geometry":{"type":"LineString","coordinates":[[-6.24633,53.35503],[-6.24618,53.35516],[-6.2456,53.3556],[-6.24547,53.3557],[-6.24544,53.35573],[-6.24522,53.35588],[-6.2451,53.35596]]}},{"type":"Feature","properties":{"k":"minor","n":""},"geometry":{"type":"LineString","coordinates":[[-6.25975,53.34833],[-6.25986,53.34831],[-6.25991,53.34831]]}},{"type":"Feature","properties":{"k":"major","n":"St. Stephen's Green"},"geometry":{"type":"LineString","coordinates":[[-6.25753,53.33916],[-6.25793,53.33927],[-6.25804,53.3393],[-6.2582,53.33934],[-6.25838,53.33939],[-6.25862,53.33945],[-6.25867,53.33947]]}},{"type":"Feature","properties":{"k":"minor","n":""},"geometry":{"type":"LineString","coordinates":[[-6.24372,53.35373],[-6.24378,53.35368],[-6.24445,53.35312],[-6.24449,53.35308]]}},{"type":"Feature","properties":{"k":"minor","n":""},"geometry":{"type":"LineString","coordinates":[[-6.25641,53.35512],[-6.25602,53.35462],[-6.256,53.35459]]}},{"type":"Feature","properties":{"k":"minor","n":""},"geometry":{"type":"LineString","coordinates":[[-6.27297,53.35349],[-6.27318,53.3535],[-6.27336,53.35352],[-6.27346,53.35354],[-6.2738,53.3536],[-6.27411,53.35364],[-6.27414,53.35365],[-6.27427,53.35366],[-6.27429,53.35373],[-6.2743,53.35375]]}},{"type":"Feature","properties":{"k":"pedestrian","n":""},"geometry":{"type":"LineString","coordinates":[[-6.25167,53.35189],[-6.25164,53.35186],[-6.25119,53.35142],[-6.25116,53.35133],[-6.25114,53.35127]]}},{"type":"Feature","properties":{"k":"minor","n":""},"geometry":{"type":"LineString","coordinates":[[-6.27983,53.34217],[-6.2798,53.34197],[-6.27978,53.34177]]}},{"type":"Feature","properties":{"k":"minor","n":""},"geometry":{"type":"LineString","coordinates":[[-6.27813,53.34037],[-6.27771,53.34044],[-6.27746,53.34049],[-6.27714,53.34054],[-6.27691,53.34058],[-6.2761,53.34071],[-6.27592,53.34074],[-6.27562,53.3408],[-6.27467,53.34099],[-6.27463,53.341],[-6.27459,53.341]]}},{"type":"Feature","properties":{"k":"minor","n":""},"geometry":{"type":"LineString","coordinates":[[-6.2634,53.34084],[-6.26338,53.34078],[-6.26339,53.34071],[-6.26341,53.34067],[-6.26347,53.34057]]}},{"type":"Feature","properties":{"k":"minor","n":""},"geometry":{"type":"LineString","coordinates":[[-6.2637,53.33764],[-6.26371,53.33769],[-6.26371,53.33843],[-6.2637,53.33845],[-6.26367,53.33852]]}},{"type":"Feature","properties":{"k":"major","n":"Cuffe Street"},"geometry":{"type":"LineString","coordinates":[[-6.2637,53.33764],[-6.26282,53.33765],[-6.26273,53.33765],[-6.26261,53.33764]]}},{"type":"Feature","properties":{"k":"major","n":"Cuffe Street"},"geometry":{"type":"LineString","coordinates":[[-6.2637,53.33755],[-6.26473,53.33756]]}},{"type":"Feature","properties":{"k":"park","n":""},"geometry":{"type":"Polygon","coordinates":[[[-6.24236,53.34405],[-6.24168,53.34393],[-6.2418,53.34345],[-6.2419,53.34295],[-6.24225,53.343],[-6.24259,53.34304],[-6.24249,53.34351],[-6.24236,53.34405]]]}},{"type":"Feature","properties":{"k":"minor","n":""},"geometry":{"type":"LineString","coordinates":[[-6.24314,53.34114],[-6.24295,53.34133],[-6.24268,53.34159]]}},{"type":"Feature","properties":{"k":"minor","n":""},"geometry":{"type":"LineString","coordinates":[[-6.24217,53.34101],[-6.24232,53.34056],[-6.24223,53.34055]]}},{"type":"Feature","properties":{"k":"minor","n":""},"geometry":{"type":"LineString","coordinates":[[-6.27136,53.34907],[-6.27126,53.34909],[-6.27085,53.34911],[-6.27057,53.34915]]}},{"type":"Feature","properties":{"k":"minor","n":""},"geometry":{"type":"LineString","coordinates":[[-6.24063,53.3491],[-6.23999,53.34905]]}},{"type":"Feature","properties":{"k":"minor","n":""},"geometry":{"type":"LineString","coordinates":[[-6.23992,53.34905],[-6.23984,53.34904],[-6.23879,53.34896]]}},{"type":"Feature","properties":{"k":"minor","n":""},"geometry":{"type":"LineString","coordinates":[[-6.24295,53.34133],[-6.24334,53.34147],[-6.24354,53.34149]]}},{"type":"Feature","properties":{"k":"minor","n":""},"geometry":{"type":"LineString","coordinates":[[-6.24268,53.34159],[-6.24325,53.34177],[-6.24356,53.34181]]}},{"type":"Feature","properties":{"k":"minor","n":""},"geometry":{"type":"LineString","coordinates":[[-6.24271,53.34105],[-6.24274,53.34097],[-6.24276,53.3409],[-6.24281,53.34071],[-6.24283,53.34066],[-6.24288,53.3406],[-6.24298,53.3405],[-6.24311,53.34038],[-6.24311,53.34037],[-6.24315,53.34031]]}},{"type":"Feature","properties":{"k":"major","n":"Grand Canal Street Lower"},"geometry":{"type":"LineString","coordinates":[[-6.24315,53.34031],[-6.24309,53.34028],[-6.24264,53.34008],[-6.24251,53.34003]]}},{"type":"Feature","properties":{"k":"minor","n":""},"geometry":{"type":"LineString","coordinates":[[-6.24244,53.34411],[-6.24162,53.34396]]}},{"type":"Feature","properties":{"k":"minor","n":""},"geometry":{"type":"LineString","coordinates":[[-6.24162,53.34396],[-6.24174,53.34344],[-6.24184,53.34291],[-6.24186,53.34283]]}},{"type":"Feature","properties":{"k":"minor","n":""},"geometry":{"type":"LineString","coordinates":[[-6.24267,53.33931],[-6.24223,53.33982],[-6.24216,53.33988]]}},{"type":"Feature","properties":{"k":"minor","n":""},"geometry":{"type":"LineString","coordinates":[[-6.24336,53.33859],[-6.2433,53.33864],[-6.24309,53.33887]]}},{"type":"Feature","properties":{"k":"minor","n":""},"geometry":{"type":"LineString","coordinates":[[-6.24313,53.33955],[-6.2432,53.33957],[-6.24362,53.33971],[-6.24368,53.33973]]}},{"type":"Feature","properties":{"k":"major","n":"Hogan Place"},"geometry":{"type":"LineString","coordinates":[[-6.24449,53.34086],[-6.24427,53.34077],[-6.24366,53.34053],[-6.24322,53.34034],[-6.24315,53.34031]]}},{"type":"Feature","properties":{"k":"minor","n":""},"geometry":{"type":"LineString","coordinates":[[-6.24634,53.34298],[-6.24623,53.34295],[-6.24557,53.34277],[-6.24492,53.34257],[-6.24483,53.34255]]}},{"type":"Feature","properties":{"k":"minor","n":""},"geometry":{"type":"LineString","coordinates":[[-6.24636,53.34315],[-6.24624,53.34312],[-6.24481,53.34285],[-6.24471,53.34283]]}},{"type":"Feature","properties":{"k":"minor","n":""},"geometry":{"type":"LineString","coordinates":[[-6.24634,53.34298],[-6.24635,53.34301],[-6.24636,53.34315],[-6.24639,53.3434],[-6.24639,53.34343],[-6.24639,53.34344]]}},{"type":"Feature","properties":{"k":"major","n":"Usher's Island"},"geometry":{"type":"LineString","coordinates":[[-6.2813,53.34627],[-6.28179,53.34632],[-6.28211,53.34635],[-6.28229,53.34637],[-6.28266,53.3464]]}},{"type":"Feature","properties":{"k":"major","n":"Ellis Quay"},"geometry":{"type":"LineString","coordinates":[[-6.28251,53.34688],[-6.28188,53.3468],[-6.28111,53.34672],[-6.28052,53.34665],[-6.2804,53.34664],[-6.28032,53.34663]]}},{"type":"Feature","properties":{"k":"minor","n":""},"geometry":{"type":"LineString","coordinates":[[-6.24441,53.34358],[-6.24463,53.34361],[-6.24574,53.34376],[-6.2458,53.34377],[-6.24583,53.34372]]}},{"type":"Feature","properties":{"k":"minor","n":""},"geometry":{"type":"LineString","coordinates":[[-6.27118,53.33846],[-6.2713,53.33838],[-6.2714,53.33837],[-6.27212,53.33843],[-6.27234,53.33842],[-6.27239,53.33842],[-6.27245,53.33842]]}},{"type":"Feature","properties":{"k":"minor","n":""},"geometry":{"type":"LineString","coordinates":[[-6.23731,53.33302],[-6.23732,53.33306],[-6.23737,53.33313],[-6.23741,53.33319],[-6.23745,53.33324],[-6.23748,53.33329],[-6.23753,53.33336],[-6.23756,53.3334],[-6.23765,53.33353],[-6.23772,53.33364],[-6.23779,53.33374],[-6.23786,53.33384],[-6.23788,53.33386],[-6.2379,53.33389],[-6.23792,53.33392],[-6.23793,53.33394],[-6.23798,53.33401],[-6.23801,53.33405],[-6.23803,53.33408],[-6.23819,53.33431],[-6.23827,53.33443]]}},{"type":"Feature","properties":{"k":"minor","n":""},"geometry":{"type":"LineString","coordinates":[[-6.24005,53.33325],[-6.24004,53.33328],[-6.24,53.3333],[-6.23968,53.33338],[-6.23961,53.3334],[-6.23955,53.33342],[-6.23786,53.33384]]}},{"type":"Feature","properties":{"k":"minor","n":""},"geometry":{"type":"LineString","coordinates":[[-6.23827,53.33443],[-6.2383,53.33448],[-6.23834,53.33454],[-6.23876,53.33514]]}},{"type":"Feature","properties":{"k":"minor","n":""},"geometry":{"type":"LineString","coordinates":[[-6.24028,53.3355],[-6.23975,53.33486],[-6.2397,53.33478],[-6.23921,53.33419]]}},{"type":"Feature","properties":{"k":"minor","n":""},"geometry":{"type":"LineString","coordinates":[[-6.23837,53.33525],[-6.23846,53.33523],[-6.23857,53.3352],[-6.23864,53.33518],[-6.23866,53.33517],[-6.23876,53.33514],[-6.23884,53.33512],[-6.23895,53.33508],[-6.23904,53.33506],[-6.23931,53.33498],[-6.2394,53.33496],[-6.23949,53.33493],[-6.23975,53.33486]]}},{"type":"Feature","properties":{"k":"minor","n":""},"geometry":{"type":"LineString","coordinates":[[-6.24055,53.33457],[-6.24054,53.33456],[-6.24051,53.33453],[-6.2397,53.33478]]}},{"type":"Feature","properties":{"k":"minor","n":""},"geometry":{"type":"LineString","coordinates":[[-6.24222,53.33347],[-6.24211,53.33343]]}},{"type":"Feature","properties":{"k":"minor","n":""},"geometry":{"type":"LineString","coordinates":[[-6.24255,53.33482],[-6.24243,53.33471],[-6.24232,53.33466],[-6.24211,53.33456],[-6.2421,53.33453],[-6.24211,53.3345],[-6.24226,53.33446],[-6.24348,53.33409]]}},{"type":"Feature","properties":{"k":"minor","n":""},"geometry":{"type":"LineString","coordinates":[[-6.24211,53.33343],[-6.2425,53.33299],[-6.24257,53.33291]]}},{"type":"Feature","properties":{"k":"minor","n":""},"geometry":{"type":"LineString","coordinates":[[-6.25364,53.3566],[-6.25415,53.35641],[-6.25436,53.35633]]}},{"type":"Feature","properties":{"k":"minor","n":""},"geometry":{"type":"LineString","coordinates":[[-6.28614,53.35127],[-6.28543,53.35041],[-6.28515,53.35009],[-6.28491,53.34979],[-6.28487,53.34975]]}},{"type":"Feature","properties":{"k":"minor","n":""},"geometry":{"type":"LineString","coordinates":[[-6.28515,53.35009],[-6.28504,53.35011],[-6.28466,53.35016],[-6.28414,53.35023],[-6.2841,53.35024],[-6.28405,53.35023],[-6.28403,53.35021],[-6.28392,53.34992],[-6.28391,53.34988]]}},{"type":"Feature","properties":{"k":"minor","n":""},"geometry":{"type":"LineString","coordinates":[[-6.28569,53.35142],[-6.28467,53.35019],[-6.28466,53.35016]]}},{"type":"Feature","properties":{"k":"minor","n":""},"geometry":{"type":"LineString","coordinates":[[-6.2775,53.35212],[-6.27692,53.35208],[-6.27653,53.35211],[-6.27642,53.3521],[-6.27625,53.35205],[-6.2761,53.35197],[-6.27609,53.35196],[-6.27601,53.3519],[-6.27592,53.35182],[-6.27588,53.35174],[-6.27587,53.35172],[-6.27586,53.35168],[-6.27583,53.35159],[-6.27583,53.35143],[-6.27583,53.35141],[-6.27582,53.35079],[-6.27582,53.35074]]}},{"type":"Feature","properties":{"k":"minor","n":""},"geometry":{"type":"LineString","coordinates":[[-6.28015,53.3472],[-6.28006,53.3472],[-6.27987,53.34718],[-6.27958,53.34717],[-6.27955,53.34717],[-6.27953,53.34717],[-6.27949,53.34719],[-6.27948,53.3472],[-6.27946,53.34721],[-6.27946,53.34723],[-6.27942,53.34741],[-6.27939,53.34758],[-6.27937,53.34768]]}},{"type":"Feature","properties":{"k":"minor","n":""},"geometry":{"type":"LineString","coordinates":[[-6.27814,53.34782],[-6.27812,53.34793],[-6.27805,53.34819],[-6.27799,53.34844],[-6.27796,53.34856],[-6.27792,53.3487],[-6.27786,53.34895],[-6.27785,53.349]]}},{"type":"Feature","properties":{"k":"pedestrian","n":""},"geometry":{"type":"LineString","coordinates":[[-6.27961,53.34936],[-6.27953,53.3493],[-6.27946,53.34924],[-6.27932,53.34916],[-6.27919,53.3491],[-6.27903,53.34905],[-6.27895,53.34903],[-6.27889,53.34902],[-6.27885,53.34901],[-6.27878,53.34899],[-6.27868,53.34898],[-6.27855,53.34897],[-6.27848,53.34897],[-6.27841,53.34897],[-6.27838,53.34897]]}},{"type":"Feature","properties":{"k":"minor","n":""},"geometry":{"type":"LineString","coordinates":[[-6.27769,53.35057],[-6.2777,53.35051],[-6.27773,53.35003],[-6.27775,53.3498],[-6.27775,53.34975]]}},{"type":"Feature","properties":{"k":"minor","n":""},"geometry":{"type":"LineString","coordinates":[[-6.25065,53.35756],[-6.25072,53.3575],[-6.25075,53.35747],[-6.25083,53.35739],[-6.25088,53.35737],[-6.2513,53.35719]]}},{"type":"Feature","properties":{"k":"minor","n":""},"geometry":{"type":"LineString","coordinates":[[-6.26345,53.34794],[-6.26362,53.34794],[-6.26374,53.34794],[-6.26383,53.34793]]}},{"type":"Feature","properties":{"k":"minor","n":""},"geometry":{"type":"LineString","coordinates":[[-6.27247,53.34673],[-6.27203,53.34677]]}},{"type":"Feature","properties":{"k":"minor","n":""},"geometry":{"type":"LineString","coordinates":[[-6.27203,53.34677],[-6.27202,53.34675],[-6.27198,53.3466],[-6.27183,53.34614]]}},{"type":"Feature","properties":{"k":"minor","n":""},"geometry":{"type":"LineString","coordinates":[[-6.27246,53.3466],[-6.27246,53.34666],[-6.27247,53.3467],[-6.27247,53.34673],[-6.27246,53.34679],[-6.27245,53.34681]]}},{"type":"Feature","properties":{"k":"minor","n":""},"geometry":{"type":"LineString","coordinates":[[-6.24919,53.34621],[-6.24858,53.34614],[-6.2483,53.34611],[-6.24823,53.3461],[-6.24814,53.34607]]}},{"type":"Feature","properties":{"k":"minor","n":""},"geometry":{"type":"LineString","coordinates":[[-6.24814,53.34607],[-6.24808,53.34605],[-6.24805,53.34604],[-6.24732,53.34593]]}},{"type":"Feature","properties":{"k":"minor","n":""},"geometry":{"type":"LineString","coordinates":[[-6.27691,53.34546],[-6.27704,53.34522],[-6.27712,53.34508],[-6.27714,53.34502],[-6.27715,53.34489],[-6.27715,53.34481],[-6.27708,53.34434],[-6.27703,53.34423],[-6.27699,53.34415]]}},{"type":"Feature","properties":{"k":"minor","n":""},"geometry":{"type":"LineString","coordinates":[[-6.26126,53.34134],[-6.26118,53.34134],[-6.26104,53.34132]]}},{"type":"Feature","properties":{"k":"minor","n":""},"geometry":{"type":"LineString","coordinates":[[-6.27024,53.35684],[-6.2703,53.35669],[-6.27041,53.35637],[-6.27042,53.35633]]}},{"type":"Feature","properties":{"k":"minor","n":""},"geometry":{"type":"LineString","coordinates":[[-6.26698,53.33756],[-6.26705,53.33721],[-6.26708,53.33701],[-6.26707,53.33698]]}},{"type":"Feature","properties":{"k":"minor","n":""},"geometry":{"type":"LineString","coordinates":[[-6.27145,53.36032],[-6.27181,53.35924],[-6.27194,53.35889],[-6.27201,53.35865],[-6.27203,53.35856],[-6.27211,53.35825],[-6.27217,53.35798],[-6.27224,53.3577]]}},{"type":"Feature","properties":{"k":"minor","n":""},"geometry":{"type":"LineString","coordinates":[[-6.272,53.35685],[-6.27215,53.35686],[-6.27218,53.35686],[-6.27238,53.35688]]}},{"type":"Feature","properties":{"k":"minor","n":""},"geometry":{"type":"LineString","coordinates":[[-6.27247,53.35636],[-6.27265,53.35637],[-6.27283,53.35638],[-6.2729,53.35637]]}},{"type":"Feature","properties":{"k":"minor","n":""},"geometry":{"type":"LineString","coordinates":[[-6.27296,53.35588],[-6.2729,53.35626],[-6.27289,53.35634],[-6.2729,53.35637]]}},{"type":"Feature","properties":{"k":"minor","n":""},"geometry":{"type":"LineString","coordinates":[[-6.26917,53.35436],[-6.26969,53.35453],[-6.27098,53.35495]]}},{"type":"Feature","properties":{"k":"minor","n":""},"geometry":{"type":"LineString","coordinates":[[-6.27098,53.35495],[-6.27121,53.35475],[-6.27162,53.35438],[-6.27163,53.35436],[-6.27165,53.35433],[-6.27165,53.35432]]}},{"type":"Feature","properties":{"k":"minor","n":""},"geometry":{"type":"LineString","coordinates":[[-6.2683,53.35552],[-6.26792,53.35546],[-6.26777,53.35543],[-6.26764,53.3554]]}},{"type":"Feature","properties":{"k":"minor","n":""},"geometry":{"type":"LineString","coordinates":[[-6.26797,53.35649],[-6.26944,53.35665],[-6.26979,53.35669]]}},{"type":"Feature","properties":{"k":"minor","n":""},"geometry":{"type":"LineString","coordinates":[[-6.26944,53.35665],[-6.26951,53.35644]]}},{"type":"Feature","properties":{"k":"pedestrian","n":""},"geometry":{"type":"LineString","coordinates":[[-6.25937,53.34763],[-6.25936,53.34762],[-6.25935,53.34762],[-6.25933,53.34762],[-6.25929,53.34763],[-6.25927,53.34763],[-6.25925,53.34764],[-6.25924,53.34765],[-6.25924,53.34767],[-6.25927,53.34772],[-6.25929,53.34777],[-6.25954,53.3483],[-6.25956,53.34835],[-6.25963,53.34834],[-6.25968,53.34834],[-6.25966,53.34828],[-6.25938,53.34764],[-6.25937,53.34763]]}},{"type":"Feature","properties":{"k":"minor","n":""},"geometry":{"type":"LineString","coordinates":[[-6.27718,53.34659],[-6.27745,53.34664],[-6.27752,53.34665],[-6.27785,53.34672],[-6.278,53.34675],[-6.27834,53.34681],[-6.27848,53.34683]]}},{"type":"Feature","properties":{"k":"minor","n":""},"geometry":{"type":"LineString","coordinates":[[-6.2788,53.34688],[-6.27898,53.34645],[-6.27901,53.34638]]}},{"type":"Feature","properties":{"k":"minor","n":""},"geometry":{"type":"LineString","coordinates":[[-6.27848,53.34683],[-6.27839,53.34705],[-6.27838,53.34707],[-6.27834,53.3471]]}},{"type":"Feature","properties":{"k":"minor","n":""},"geometry":{"type":"LineString","coordinates":[[-6.27848,53.34683],[-6.2788,53.34688]]}},{"type":"Feature","properties":{"k":"minor","n":""},"geometry":{"type":"LineString","coordinates":[[-6.2788,53.34688],[-6.27888,53.34688],[-6.27932,53.34694],[-6.27963,53.34698]]}},{"type":"Feature","properties":{"k":"minor","n":""},"geometry":{"type":"LineString","coordinates":[[-6.27688,53.34766],[-6.27688,53.34769],[-6.27687,53.34778],[-6.27683,53.34788],[-6.27676,53.34801]]}},{"type":"Feature","properties":{"k":"major","n":"Westland Row"},"geometry":{"type":"LineString","coordinates":[[-6.24928,53.34411],[-6.24932,53.34406]]}},{"type":"Feature","properties":{"k":"major","n":"Westland Row"},"geometry":{"type":"LineString","coordinates":[[-6.24994,53.34306],[-6.2501,53.34281],[-6.25031,53.34247]]}},{"type":"Feature","properties":{"k":"major","n":"Beresford Place"},"geometry":{"type":"LineString","coordinates":[[-6.25495,53.34866],[-6.25467,53.34904],[-6.25464,53.34907]]}},{"type":"Feature","properties":{"k":"minor","n":""},"geometry":{"type":"LineString","coordinates":[[-6.24625,53.34066],[-6.24623,53.34069],[-6.2462,53.34075],[-6.24616,53.34082],[-6.24655,53.34096],[-6.24638,53.34116]]}},{"type":"Feature","properties":{"k":"park","n":""},"geometry":{"type":"Polygon","coordinates":[[[-6.26726,53.34838],[-6.26713,53.3484],[-6.26662,53.34847],[-6.2666,53.34842],[-6.26641,53.34789],[-6.26649,53.34788],[-6.26704,53.34779],[-6.2671,53.34796],[-6.26726,53.34838]]]}},{"type":"Feature","properties":{"k":"minor","n":""},"geometry":{"type":"LineString","coordinates":[[-6.26278,53.357],[-6.26286,53.35702],[-6.26291,53.35704],[-6.26295,53.35705],[-6.26302,53.35709],[-6.26308,53.35712],[-6.26315,53.35716],[-6.26322,53.35722],[-6.26329,53.35727],[-6.26336,53.35733],[-6.26342,53.35737],[-6.26366,53.35746],[-6.26367,53.35746],[-6.26375,53.3575]]}},{"type":"Feature","properties":{"k":"minor","n":""},"geometry":{"type":"LineString","coordinates":[[-6.26278,53.357],[-6.26267,53.35709],[-6.26266,53.3571],[-6.26234,53.35736],[-6.2624,53.35745],[-6.26255,53.35752],[-6.26269,53.35758],[-6.26279,53.35759],[-6.26289,53.35759],[-6.26319,53.35735],[-6.2632,53.35734],[-6.26326,53.3573],[-6.26329,53.35727]]}},{"type":"Feature","properties":{"k":"minor","n":""},"geometry":{"type":"LineString","coordinates":[[-6.26446,53.35687],[-6.26459,53.3569],[-6.26522,53.35709],[-6.26555,53.35718],[-6.26597,53.3573],[-6.26622,53.35737],[-6.26639,53.35742],[-6.26679,53.35753],[-6.26705,53.35761],[-6.2671,53.35764]]}},{"type":"Feature","properties":{"k":"minor","n":""},"geometry":{"type":"LineString","coordinates":[[-6.24719,53.34627],[-6.24722,53.34619],[-6.24732,53.34593],[-6.24739,53.34576]]}},{"type":"Feature","properties":{"k":"minor","n":""},"geometry":{"type":"LineString","coordinates":[[-6.27234,53.3442],[-6.27234,53.34413],[-6.27234,53.34406],[-6.27232,53.34388],[-6.2723,53.34363],[-6.2723,53.3436],[-6.2723,53.34355]]}},{"type":"Feature","properties":{"k":"minor","n":""},"geometry":{"type":"LineString","coordinates":[[-6.27184,53.34354],[-6.27197,53.34355],[-6.27201,53.34355],[-6.27223,53.34355],[-6.2723,53.34355]]}},{"type":"Feature","properties":{"k":"minor","n":""},"geometry":{"type":"LineString","coordinates":[[-6.27325,53.34386],[-6.27232,53.34388]]}},{"type":"Feature","properties":{"k":"major","n":"Cuffe Street"},"geometry":{"type":"LineString","coordinates":[[-6.26473,53.33756],[-6.26542,53.33757],[-6.26566,53.33757],[-6.26579,53.33763]]}},{"type":"Feature","properties":{"k":"major","n":"Cuffe Street"},"geometry":{"type":"LineString","coordinates":[[-6.26457,53.33764],[-6.2637,53.33764]]}},{"type":"Feature","properties":{"k":"minor","n":""},"geometry":{"type":"LineString","coordinates":[[-6.2657,53.34626],[-6.26592,53.34681]]}},{"type":"Feature","properties":{"k":"minor","n":""},"geometry":{"type":"LineString","coordinates":[[-6.24535,53.34035],[-6.24505,53.34077],[-6.24494,53.34093],[-6.2449,53.34099]]}},{"type":"Feature","properties":{"k":"major","n":"Hogan Place"},"geometry":{"type":"LineString","coordinates":[[-6.2449,53.34099],[-6.24449,53.34086]]}},{"type":"Feature","properties":{"k":"minor","n":""},"geometry":{"type":"LineString","coordinates":[[-6.23646,53.33795],[-6.23616,53.3383],[-6.23611,53.33832],[-6.23592,53.33826],[-6.23573,53.33819],[-6.23551,53.33812],[-6.23511,53.33798]]}},{"type":"Feature","properties":{"k":"minor","n":""},"geometry":{"type":"LineString","coordinates":[[-6.26364,53.34033],[-6.26375,53.3403],[-6.26391,53.34031]]}},{"type":"Feature","properties":{"k":"major","n":"Dean Street"},"geometry":{"type":"LineString","coordinates":[[-6.27322,53.33908],[-6.27293,53.339],[-6.27287,53.33899],[-6.27284,53.33898],[-6.27277,53.33896]]}},{"type":"Feature","properties":{"k":"major","n":"Gardiner Street Lower"},"geometry":{"type":"LineString","coordinates":[[-6.25386,53.34994],[-6.25402,53.35018],[-6.25435,53.35065],[-6.25437,53.35069],[-6.25441,53.35074]]}},{"type":"Feature","properties":{"k":"minor","n":""},"geometry":{"type":"LineString","coordinates":[[-6.26409,53.35416],[-6.26386,53.35421],[-6.26364,53.35424],[-6.2635,53.35424],[-6.26343,53.35424],[-6.26337,53.35424],[-6.26329,53.35423],[-6.26326,53.35423],[-6.26311,53.35419]]}},{"type":"Feature","properties":{"k":"pedestrian","n":""},"geometry":{"type":"LineString","coordinates":[[-6.26981,53.3445],[-6.26975,53.34451],[-6.26946,53.34455],[-6.26912,53.3446],[-6.26898,53.34462],[-6.26871,53.34466],[-6.26815,53.34475]]}},{"type":"Feature","properties":{"k":"park","n":""},"geometry":{"type":"Polygon","coordinates":[[[-6.27158,53.34459],[-6.27153,53.34437],[-6.27158,53.34437],[-6.27155,53.34428],[-6.27152,53.34428],[-6.27151,53.34424],[-6.27151,53.34423],[-6.27121,53.34425],[-6.27119,53.34426],[-6.27106,53.34436],[-6.27109,53.34438],[-6.27111,53.3444],[-6.2711,53.34443],[-6.2711,53.34444],[-6.2711,53.34445],[-6.2716,53.34467],[-6.27158,53.34459]]]}},{"type":"Feature","properties":{"k":"major","n":"Kevin Street Lower"},"geometry":{"type":"LineString","coordinates":[[-6.2683,53.33773],[-6.26803,53.33769],[-6.26778,53.33765],[-6.26756,53.33764],[-6.26697,53.33761],[-6.26635,53.3376]]}},{"type":"Feature","properties":{"k":"minor","n":""},"geometry":{"type":"LineString","coordinates":[[-6.2683,53.33773],[-6.26855,53.33766],[-6.26862,53.33765],[-6.26908,53.33766],[-6.26917,53.33765]]}},{"type":"Feature","properties":{"k":"minor","n":""},"geometry":{"type":"LineString","coordinates":[[-6.27072,53.33836],[-6.27076,53.33825],[-6.27077,53.33811],[-6.27078,53.33799],[-6.2708,53.33757],[-6.27078,53.33752],[-6.27077,53.33743]]}},{"type":"Feature","properties":{"k":"major","n":"Kevin Street Lower"},"geometry":{"type":"LineString","coordinates":[[-6.26635,53.3376],[-6.26612,53.33762]]}},{"type":"Feature","properties":{"k":"major","n":"Dame Street"},"geometry":{"type":"LineString","coordinates":[[-6.2668,53.34416],[-6.26667,53.34416],[-6.26655,53.34417]]}},{"type":"Feature","properties":{"k":"pedestrian","n":""},"geometry":{"type":"LineString","coordinates":[[-6.26494,53.34543],[-6.26427,53.34553]]}},{"type":"Feature","properties":{"k":"pedestrian","n":""},"geometry":{"type":"LineString","coordinates":[[-6.26337,53.34503],[-6.26337,53.34499],[-6.26336,53.34494],[-6.26336,53.34488]]}},{"type":"Feature","properties":{"k":"minor","n":""},"geometry":{"type":"LineString","coordinates":[[-6.26336,53.34488],[-6.26334,53.3443],[-6.26334,53.34424],[-6.26334,53.34421]]}},{"type":"Feature","properties":{"k":"major","n":"Kevin Street Upper"},"geometry":{"type":"LineString","coordinates":[[-6.27072,53.33836],[-6.2705,53.33832],[-6.27021,53.33828],[-6.26949,53.33821],[-6.2693,53.33815]]}},{"type":"Feature","properties":{"k":"major","n":"College Green"},"geometry":{"type":"LineString","coordinates":[[-6.25998,53.34448],[-6.25996,53.34442],[-6.25995,53.34437],[-6.25995,53.34433]]}},{"type":"Feature","properties":{"k":"minor","n":""},"geometry":{"type":"LineString","coordinates":[[-6.25721,53.34732],[-6.25722,53.34727],[-6.25722,53.34723],[-6.2572,53.3471],[-6.25717,53.3469],[-6.25715,53.3468]]}},{"type":"Feature","properties":{"k":"major","n":"Burgh Quay"},"geometry":{"type":"LineString","coordinates":[[-6.25721,53.34732],[-6.25728,53.34731],[-6.25735,53.3473]]}},{"type":"Feature","properties":{"k":"pedestrian","n":""},"geometry":{"type":"LineString","coordinates":[[-6.26342,53.34559],[-6.26284,53.34561]]}},{"type":"Feature","properties":{"k":"pedestrian","n":""},"geometry":{"type":"LineString","coordinates":[[-6.26289,53.34586],[-6.2629,53.34587],[-6.26291,53.34599]]}},{"type":"Feature","properties":{"k":"pedestrian","n":""},"geometry":{"type":"LineString","coordinates":[[-6.26427,53.34553],[-6.26394,53.34555],[-6.26342,53.34559]]}},{"type":"Feature","properties":{"k":"minor","n":""},"geometry":{"type":"LineString","coordinates":[[-6.2719,53.35536],[-6.27189,53.35537],[-6.27181,53.35582],[-6.27172,53.35621],[-6.27168,53.3565],[-6.27165,53.35676],[-6.27164,53.35682]]}},{"type":"Feature","properties":{"k":"minor","n":""},"geometry":{"type":"LineString","coordinates":[[-6.27172,53.35621],[-6.27164,53.3562],[-6.27053,53.35605]]}},{"type":"Feature","properties":{"k":"minor","n":""},"geometry":{"type":"LineString","coordinates":[[-6.28178,53.34147],[-6.28173,53.34148],[-6.28171,53.34148],[-6.28161,53.34148],[-6.28152,53.34148]]}},{"type":"Feature","properties":{"k":"minor","n":""},"geometry":{"type":"LineString","coordinates":[[-6.28079,53.34149],[-6.28059,53.34151],[-6.28014,53.34152],[-6.27984,53.34152],[-6.27951,53.34154],[-6.27918,53.34157],[-6.27879,53.34161]]}},{"type":"Feature","properties":{"k":"park","n":""},"geometry":{"type":"Polygon","coordinates":[[[-6.25263,53.33606],[-6.25261,53.33607],[-6.25259,53.33607],[-6.25169,53.33573],[-6.2508,53.33539],[-6.25079,53.33538],[-6.25079,53.33537],[-6.25108,53.33506],[-6.2514,53.33474],[-6.25141,53.33473],[-6.25144,53.33473],[-6.2532,53.33541],[-6.2529,53.33576],[-6.25263,53.33606]]]}},{"type":"Feature","properties":{"k":"major","n":"Seville Place"},"geometry":{"type":"LineString","coordinates":[[-6.2449,53.35338],[-6.24449,53.35308],[-6.24354,53.35237],[-6.24344,53.3523],[-6.24342,53.35228]]}},{"type":"Feature","properties":{"k":"major","n":"Sheriff Street Upper"},"geometry":{"type":"LineString","coordinates":[[-6.2405,53.35059],[-6.24043,53.35058],[-6.24037,53.35058]]}},{"type":"Feature","properties":{"k":"major","n":"Seville Place"},"geometry":{"type":"LineString","coordinates":[[-6.24546,53.3538],[-6.24531,53.35369]]}},{"type":"Feature","properties":{"k":"minor","n":""},"geometry":{"type":"LineString","coordinates":[[-6.24096,53.34912],[-6.24096,53.34909],[-6.24097,53.34906],[-6.24098,53.34894]]}},{"type":"Feature","properties":{"k":"minor","n":""},"geometry":{"type":"LineString","coordinates":[[-6.23778,53.3488],[-6.23865,53.34885]]}},{"type":"Feature","properties":{"k":"minor","n":""},"geometry":{"type":"LineString","coordinates":[[-6.23528,53.34872],[-6.23528,53.34873],[-6.23527,53.3488],[-6.23524,53.34896],[-6.23519,53.34927],[-6.23518,53.34931],[-6.23515,53.34946],[-6.23514,53.34955],[-6.23512,53.34965],[-6.2351,53.34975],[-6.23505,53.35005],[-6.23504,53.35012],[-6.23502,53.35021]]}},{"type":"Feature","properties":{"k":"minor","n":""},"geometry":{"type":"LineString","coordinates":[[-6.23528,53.34872],[-6.23514,53.34871],[-6.23494,53.3487],[-6.23407,53.34864],[-6.23328,53.34859],[-6.23216,53.34851],[-6.23201,53.3485]]}},{"type":"Feature","properties":{"k":"minor","n":""},"geometry":{"type":"LineString","coordinates":[[-6.24834,53.35173],[-6.24892,53.35176]]}},{"type":"Feature","properties":{"k":"minor","n":""},"geometry":{"type":"LineString","coordinates":[[-6.24914,53.35178],[-6.24941,53.3518]]}},{"type":"Feature","properties":{"k":"minor","n":""},"geometry":{"type":"LineString","coordinates":[[-6.24844,53.34319],[-6.24865,53.34289],[-6.24879,53.3427]]}},{"type":"Feature","properties":{"k":"minor","n":""},"geometry":{"type":"LineString","coordinates":[[-6.24818,53.34354],[-6.24844,53.34319]]}},{"type":"Feature","properties":{"k":"pedestrian","n":""},"geometry":{"type":"LineString","coordinates":[[-6.24809,53.3494],[-6.24822,53.34941],[-6.24838,53.34859],[-6.24825,53.34858],[-6.24828,53.3484],[-6.24829,53.34836],[-6.2483,53.34832],[-6.24832,53.3482],[-6.24833,53.34817],[-6.24834,53.34815],[-6.24852,53.34817],[-6.24887,53.34819],[-6.24887,53.34821],[-6.2489,53.34831],[-6.24896,53.34852],[-6.24896,53.34854],[-6.24896,53.34856],[-6.24895,53.34856],[-6.24894,53.34857],[-6.24866,53.34855],[-6.24862,53.34854],[-6.2486,53.34855],[-6.2486,53.34856],[-6.24844,53.34941],[-6.24844,53.34941],[-6.24845,53.34942],[-6.24845,53.34942],[-6.24843,53.34945],[-6.24842,53.34951],[-6.2484,53.34951],[-6.24837,53.34952],[-6.24827,53.34951],[-6.24814,53.3495],[-6.24812,53.3495],[-6.24808,53.34948],[-6.24809,53.3494]]}},{"type":"Feature","properties":{"k":"pedestrian","n":""},"geometry":{"type":"LineString","coordinates":[[-6.24982,53.34933],[-6.25001,53.34934],[-6.25024,53.34935],[-6.25025,53.34932],[-6.25045,53.34934],[-6.25045,53.34936],[-6.25061,53.34937],[-6.2506,53.34943],[-6.2507,53.34943],[-6.25066,53.34964],[-6.25071,53.34964],[-6.25069,53.34973],[-6.25065,53.34973],[-6.25064,53.34979],[-6.25072,53.34981],[-6.25082,53.34984],[-6.25085,53.34979],[-6.25088,53.34975],[-6.25089,53.34973],[-6.25092,53.3497],[-6.25096,53.34965],[-6.25118,53.34952],[-6.25116,53.34949],[-6.25112,53.34949],[-6.25111,53.34951],[-6.25102,53.3495],[-6.25102,53.34946],[-6.25092,53.34945],[-6.25095,53.34926],[-6.25084,53.34925],[-6.25085,53.34919],[-6.2508,53.34918],[-6.25083,53.34901],[-6.25087,53.34901],[-6.25088,53.34894],[-6.25075,53.34894],[-6.25072,53.34886],[-6.25069,53.34885],[-6.2507,53.34884],[-6.25062,53.34883],[-6.25054,53.34883],[-6.25054,53.34886],[-6.25033,53.34885],[-6.25033,53.34882],[-6.25013,53.34881],[-6.25013,53.34878],[-6.25004,53.34877],[-6.25008,53.34857],[-6.24999,53.34856],[-6.25001,53.34847],[-6.25011,53.34848],[-6.25012,53.34844],[-6.24988,53.34843],[-6.24957,53.34841],[-6.2493,53.34839],[-6.2493,53.3484],[-6.24929,53.34844],[-6.24925,53.34844],[-6.24923,53.34844],[-6.24915,53.34846],[-6.24915,53.34848],[-6.24916,53.34849],[-6.24913,53.3485],[-6.24913,53.34855],[-6.24914,53.34856],[-6.24915,53.34858],[-6.24918,53.34858],[-6.24976,53.34862],[-6.24959,53.34949],[-6.24957,53.34967],[-6.24957,53.34969],[-6.24969,53.34977],[-6.24971,53.34977],[-6.24973,53.34977],[-6.24975,53.34976],[-6.24976,53.34975],[-6.24976,53.34974],[-6.24972,53.34974],[-6.24971,53.34974],[-6.2497,53.34973],[-6.24969,53.34972],[-6.24973,53.34949],[-6.24974,53.34937],[-6.24982,53.34933]]}},{"type":"Feature","properties":{"k":"park","n":""},"geometry":{"type":"Polygon","coordinates":[[[-6.26918,53.34507],[-6.26986,53.34501],[-6.26986,53.34503],[-6.26986,53.34504],[-6.26985,53.34505],[-6.26983,53.34506],[-6.26981,53.34507],[-6.26965,53.34508],[-6.26953,53.34509],[-6.26921,53.34514],[-6.26918,53.34507]]]}},{"type":"Feature","properties":{"k":"minor","n":""},"geometry":{"type":"LineString","coordinates":[[-6.24284,53.35296],[-6.24162,53.35243],[-6.24148,53.3524],[-6.24141,53.3522]]}},{"type":"Feature","properties":{"k":"minor","n":""},"geometry":{"type":"LineString","coordinates":[[-6.24148,53.3524],[-6.24137,53.35242],[-6.2411,53.35265],[-6.24125,53.35272]]}},{"type":"Feature","properties":{"k":"minor","n":""},"geometry":{"type":"LineString","coordinates":[[-6.24525,53.35088],[-6.24379,53.3508],[-6.24291,53.35074],[-6.24234,53.35071]]}},{"type":"Feature","properties":{"k":"minor","n":""},"geometry":{"type":"LineString","coordinates":[[-6.24354,53.35237],[-6.2435,53.35241],[-6.24337,53.35252],[-6.24284,53.35296],[-6.24235,53.35337],[-6.24232,53.35339],[-6.24227,53.35341],[-6.24184,53.35351],[-6.24181,53.35352],[-6.24178,53.35354]]}},{"type":"Feature","properties":{"k":"minor","n":""},"geometry":{"type":"LineString","coordinates":[[-6.24147,53.35316],[-6.2417,53.3535],[-6.24172,53.35352],[-6.24175,53.35353],[-6.24178,53.35354],[-6.24178,53.35356],[-6.24178,53.35358],[-6.24182,53.35368],[-6.24183,53.35374],[-6.24182,53.35378],[-6.24181,53.35382],[-6.24178,53.35385],[-6.2417,53.35391],[-6.24169,53.35395]]}},{"type":"Feature","properties":{"k":"minor","n":""},"geometry":{"type":"LineString","coordinates":[[-6.24271,53.3525],[-6.24299,53.35232],[-6.24313,53.35223],[-6.2432,53.35219],[-6.24325,53.35216]]}},{"type":"Feature","properties":{"k":"minor","n":""},"geometry":{"type":"LineString","coordinates":[[-6.24642,53.35495],[-6.24632,53.35491],[-6.24623,53.35488],[-6.24488,53.35424],[-6.24477,53.3543]]}},{"type":"Feature","properties":{"k":"minor","n":""},"geometry":{"type":"LineString","coordinates":[[-6.24234,53.35236],[-6.2429,53.35201],[-6.24293,53.352],[-6.24298,53.35197]]}},{"type":"Feature","properties":{"k":"minor","n":""},"geometry":{"type":"LineString","coordinates":[[-6.24108,53.35173],[-6.24103,53.3517],[-6.24089,53.35157],[-6.24088,53.35128],[-6.24104,53.35112],[-6.2411,53.35104]]}},{"type":"Feature","properties":{"k":"minor","n":""},"geometry":{"type":"LineString","coordinates":[[-6.24227,53.35144],[-6.24284,53.35099],[-6.24287,53.35095],[-6.24289,53.35082]]}},{"type":"Feature","properties":{"k":"minor","n":""},"geometry":{"type":"LineString","coordinates":[[-6.24289,53.35189],[-6.24292,53.35186],[-6.24295,53.35183],[-6.2433,53.35152],[-6.24375,53.35111],[-6.24376,53.35107]]}},{"type":"Feature","properties":{"k":"minor","n":""},"geometry":{"type":"LineString","coordinates":[[-6.24203,53.35127],[-6.24197,53.3513],[-6.24108,53.35173],[-6.24094,53.3518],[-6.24083,53.35182],[-6.24059,53.35183],[-6.24051,53.35187],[-6.24054,53.35206],[-6.24059,53.35212],[-6.24063,53.35215]]}},{"type":"Feature","properties":{"k":"minor","n":""},"geometry":{"type":"LineString","coordinates":[[-6.24158,53.35204],[-6.24233,53.35159],[-6.24236,53.35157],[-6.2424,53.35155]]}},{"type":"Feature","properties":{"k":"minor","n":""},"geometry":{"type":"LineString","coordinates":[[-6.24199,53.3522],[-6.24262,53.35181],[-6.24265,53.35179],[-6.2427,53.35176]]}},{"type":"Feature","properties":{"k":"minor","n":""},"geometry":{"type":"LineString","coordinates":[[-6.24088,53.35128],[-6.24063,53.35128]]}},{"type":"Feature","properties":{"k":"major","n":"Sir John Rogerson's Quay"},"geometry":{"type":"LineString","coordinates":[[-6.24131,53.34635],[-6.24129,53.34632],[-6.24124,53.34629],[-6.24113,53.34627],[-6.24077,53.34624],[-6.24067,53.34623],[-6.24062,53.34622],[-6.24059,53.34621],[-6.24054,53.34619],[-6.24049,53.34616],[-6.24047,53.34613]]}},{"type":"Feature","properties":{"k":"minor","n":""},"geometry":{"type":"LineString","coordinates":[[-6.27369,53.33663],[-6.27324,53.33664]]}},{"type":"Feature","properties":{"k":"minor","n":""},"geometry":{"type":"LineString","coordinates":[[-6.24829,53.35123],[-6.24754,53.35117],[-6.24707,53.35114],[-6.24672,53.35111],[-6.24568,53.35105],[-6.24588,53.35004],[-6.24589,53.34998]]}},{"type":"Feature","properties":{"k":"pedestrian","n":""},"geometry":{"type":"LineString","coordinates":[[-6.26924,53.34968],[-6.26944,53.35014],[-6.26946,53.35024]]}},{"type":"Feature","properties":{"k":"major","n":"Samuel Beckett Bridge"},"geometry":{"type":"LineString","coordinates":[[-6.24147,53.34636],[-6.24148,53.3464],[-6.24148,53.34649],[-6.24129,53.34743],[-6.24128,53.34747]]}},{"type":"Feature","properties":{"k":"major","n":"Samuel Beckett Bridge"},"geometry":{"type":"LineString","coordinates":[[-6.24122,53.3462],[-6.24124,53.34621],[-6.24134,53.34624],[-6.24139,53.34627],[-6.24144,53.34631],[-6.24147,53.34636]]}},{"type":"Feature","properties":{"k":"major","n":"Cardiff Lane"},"geometry":{"type":"LineString","coordinates":[[-6.24079,53.34449],[-6.24077,53.34459],[-6.24077,53.34461],[-6.24061,53.34535],[-6.24058,53.34552],[-6.24056,53.34559],[-6.2405,53.34582],[-6.24045,53.34599],[-6.24045,53.34602],[-6.24045,53.34604],[-6.24045,53.3461],[-6.24047,53.34613]]}},{"type":"Feature","properties":{"k":"minor","n":""},"geometry":{"type":"LineString","coordinates":[[-6.2559,53.35637],[-6.25562,53.35609],[-6.25539,53.35585],[-6.25531,53.35577]]}},{"type":"Feature","properties":{"k":"water","n":""},"geometry":{"type":"Polygon","coordinates":[[[-6.2378,53.33972],[-6.23901,53.34026],[-6.23907,53.34029],[-6.23899,53.34065],[-6.23887,53.3412],[-6.2388,53.34134],[-6.23881,53.34134],[-6.23877,53.34149],[-6.23879,53.34149],[-6.23876,53.34162],[-6.23878,53.34162],[-6.23877,53.34167],[-6.23873,53.34186],[-6.23867,53.34215],[-6.23863,53.34233],[-6.23859,53.34251],[-6.23834,53.34364],[-6.23806,53.34356],[-6.23795,53.34369],[-6.23831,53.3438],[-6.23824,53.34413],[-6.23796,53.3441],[-6.2367,53.34399],[-6.23506,53.34385],[-6.23278,53.34366],[-6.23101,53.34351],[-6.231,53.34351],[-6.231,53.34352],[-6.23099,53.34352],[-6.23099,53.34353],[-6.23098,53.34355],[-6.23095,53.34354],[-6.23091,53.34354],[-6.23093,53.3435],[-6.23084,53.3435],[-6.23083,53.3435],[-6.23081,53.34354],[-6.23081,53.34355],[-6.23081,53.34356],[-6.2308,53.34358],[-6.23074,53.34355],[-6.23068,53.34355],[-6.23078,53.34338],[-6.23077,53.34337],[-6.23077,53.34336],[-6.23074,53.34334],[-6.2307,53.34334],[-6.23066,53.34336],[-6.23065,53.3434],[-6.23059,53.34341],[-6.23057,53.34341],[-6.23049,53.34338],[-6.23055,53.34328],[-6.2306,53.3432],[-6.23051,53.34318],[-6.23054,53.34312],[-6.23064,53.34314],[-6.23068,53.34308],[-6.23066,53.34307],[-6.23072,53.34297],[-6.23075,53.34296],[-6.23079,53.3429],[-6.23074,53.34288],[-6.2307,53.34288],[-6.23064,53.34287],[-6.23072,53.34277],[-6.23086,53.3428],[-6.23088,53.34277],[-6.23093,53.34268],[-6.23099,53.34265],[-6.23102,53.3426],[-6.23099,53.34259],[-6.23096,53.34259],[-6.23091,53.34257],[-6.23091,53.34256],[-6.23085,53.34254],[-6.23089,53.34249],[-6.23105,53.34256],[-6.23107,53.34255],[-6.23109,53.34253],[-6.2336,53.34274],[-6.23407,53.34278],[-6.23451,53.34282],[-6.23585,53.34293],[-6.23703,53.34303],[-6.23706,53.34303],[-6.23707,53.34302],[-6.23708,53.34301],[-6.23709,53.34299],[-6.23715,53.34269],[-6.23723,53.34234],[-6.23726,53.34216],[-6.23727,53.34211],[-6.23729,53.34201],[-6.23731,53.34192],[-6.23739,53.34156],[-6.23745,53.34132],[-6.23751,53.34112],[-6.23754,53.34094],[-6.23754,53.34092],[-6.23758,53.34077],[-6.23768,53.34029],[-6.2378,53.33972]]]}},{"type":"Feature","properties":{"k":"minor","n":""},"geometry":{"type":"LineString","coordinates":[[-6.23838,53.34427],[-6.2385,53.34427],[-6.23877,53.3443],[-6.23904,53.34432],[-6.23926,53.34434],[-6.23933,53.34434],[-6.23965,53.34437],[-6.23974,53.34438],[-6.23977,53.34439],[-6.2398,53.34441],[-6.23983,53.34442]]}},{"type":"Feature","properties":{"k":"minor","n":""},"geometry":{"type":"LineString","coordinates":[[-6.2544,53.33715],[-6.25446,53.33707],[-6.25465,53.33682],[-6.25469,53.33676],[-6.2547,53.33675]]}},{"type":"Feature","properties":{"k":"water","n":""},"geometry":{"type":"Polygon","coordinates":[[[-6.18912,53.34503],[-6.18898,53.34534],[-6.18901,53.34546],[-6.18774,53.34343],[-6.18654,53.34209],[-6.18697,53.34209],[-6.18696,53.34197],[-6.18684,53.34197],[-6.18684,53.3419],[-6.18681,53.34189],[-6.18678,53.34082],[-6.18805,53.34082],[-6.18806,53.34112],[-6.18831,53.34111],[-6.1883,53.34085],[-6.18836,53.34085],[-6.18836,53.34082],[-6.18896,53.34082],[-6.18896,53.34101],[-6.1895,53.341],[-6.1895,53.34082],[-6.19126,53.34081],[-6.19128,53.34081],[-6.19134,53.34089],[-6.19136,53.34088],[-6.19156,53.34114],[-6.19217,53.34115],[-6.19217,53.34114],[-6.19226,53.34114],[-6.19223,53.34117],[-6.19233,53.34119],[-6.19252,53.3412],[-6.19254,53.34119],[-6.19257,53.34118],[-6.19259,53.34115],[-6.19258,53.34112],[-6.19254,53.3411],[-6.19231,53.34105],[-6.19299,53.33993],[-6.19312,53.33989],[-6.1931,53.33987],[-6.19337,53.33978],[-6.19371,53.33982],[-6.19364,53.34101],[-6.19373,53.34101],[-6.19373,53.34112],[-6.19331,53.34111],[-6.19331,53.3411],[-6.19318,53.3411],[-6.19318,53.34118],[-6.19331,53.34118],[-6.19331,53.34117],[-6.19374,53.34117],[-6.19388,53.34118],[-6.19496,53.3412],[-6.19502,53.34138],[-6.19509,53.34189],[-6.19684,53.34192],[-6.19697,53.342],[-6.19717,53.34201],[-6.1973,53.34197],[-6.19747,53.34189],[-6.19762,53.34171],[-6.1977,53.34159],[-6.19781,53.34142],[-6.19788,53.34122],[-6.19822,53.34123],[-6.19825,53.34114],[-6.19835,53.34094],[-6.19844,53.34077],[-6.19857,53.34064],[-6.19875,53.34058],[-6.19896,53.34054],[-6.19912,53.34053],[-6.19932,53.34056],[-6.20284,53.34106],[-6.20282,53.34112],[-6.20287,53.34114],[-6.20311,53.34117],[-6.20315,53.34117],[-6.20317,53.34114],[-6.20323,53.34112],[-6.20348,53.34115],[-6.20342,53.34119],[-6.20354,53.34126],[-6.20355,53.34128],[-6.20355,53.34133],[-6.20354,53.34135],[-6.20353,53.34135],[-6.20348,53.34135],[-6.20343,53.34138],[-6.20338,53.3414],[-6.20342,53.34149],[-6.20338,53.34158],[-6.20324,53.34171],[-6.2032,53.34173],[-6.20313,53.34173],[-6.20303,53.34172],[-6.20298,53.34171],[-6.2029,53.34171],[-6.20264,53.34163],[-6.20245,53.34148],[-6.20206,53.34115],[-6.2018,53.34103],[-6.1999,53.34074],[-6.19914,53.34069],[-6.19884,53.3407],[-6.1987,53.34075],[-6.1986,53.34089],[-6.19847,53.3412],[-6.19843,53.34129],[-6.19826,53.34143],[-6.19828,53.34155],[-6.1979,53.34233],[-6.19974,53.34248],[-6.2034,53.34272],[-6.2043,53.34282],[-6.20587,53.34298],[-6.20638,53.34303],[-6.20899,53.34324],[-6.20921,53.34326],[-6.20943,53.34329],[-6.21012,53.34337],[-6.21129,53.34349],[-6.21257,53.34363],[-6.21261,53.34361],[-6.21358,53.34371],[-6.21374,53.34372],[-6.21463,53.34382],[-6.21475,53.34383],[-6.21477,53.34377],[-6.21473,53.34377],[-6.21468,53.34371],[-6.21471,53.3436],[-6.2148,53.34352],[-6.21514,53.34339],[-6.21592,53.34352],[-6.21605,53.34356],[-6.21627,53.34362],[-6.2165,53.34365],[-6.2167,53.34368],[-6.217,53.34348],[-6.21704,53.34348],[-6.21707,53.34349],[-6.21732,53.34334],[-6.22044,53.34376],[-6.2222,53.34403],[-6.22305,53.34414],[-6.22337,53.34423],[-6.22366,53.34432],[-6.22406,53.34442],[-6.2247,53.34454],[-6.22667,53.34484],[-6.22709,53.34491],[-6.22726,53.34499],[-6.22733,53.34507],[-6.22733,53.3451],[-6.22743,53.34516],[-6.2276,53.34517],[-6.22759,53.34521],[-6.22773,53.34517],[-6.22784,53.34513],[-6.22808,53.34505],[-6.22837,53.34498],[-6.22886,53.34493],[-6.22888,53.34494],[-6.22887,53.34495],[-6.22895,53.34497],[-6.22898,53.34493],[-6.22903,53.34495],[-6.22909,53.34484],[-6.22904,53.34483],[-6.22927,53.34437],[-6.22926,53.34384],[-6.22962,53.34382],[-6.22995,53.34384],[-6.22996,53.34389],[-6.23002,53.34393],[-6.23009,53.34394],[-6.23016,53.34392],[-6.23021,53.34388],[-6.23029,53.3439],[-6.23036,53.34392],[-6.23037,53.34394],[-6.23037,53.34394],[-6.2304,53.34395],[-6.23045,53.34395],[-6.23048,53.34392],[-6.2305,53.34388],[-6.23054,53.34387],[-6.23056,53.34387],[-6.2306,53.3439],[-6.2306,53.34392],[-6.23058,53.34397],[-6.23058,53.34399],[-6.23062,53.344],[-6.23065,53.34399],[-6.23068,53.34396],[-6.23069,53.34395],[-6.23072,53.34396],[-6.23072,53.344],[-6.23071,53.34403],[-6.23071,53.34407],[-6.23072,53.3441],[-6.23023,53.34546],[-6.23024,53.34548],[-6.23025,53.34551],[-6.23029,53.34552],[-6.23033,53.34553],[-6.23055,53.34555],[-6.23216,53.34567],[-6.23309,53.34574],[-6.23317,53.34575],[-6.23517,53.3459],[-6.23643,53.34599],[-6.23652,53.346],[-6.23661,53.346],[-6.23826,53.34613],[-6.23976,53.34624],[-6.24028,53.34628],[-6.24228,53.34643],[-6.24342,53.34651],[-6.24464,53.3466],[-6.24528,53.34665],[-6.24613,53.34671],[-6.24616,53.34669],[-6.24622,53.3467],[-6.24606,53.34711],[-6.24582,53.34774],[-6.24218,53.3475],[-6.24065,53.34739],[-6.24062,53.3474],[-6.24057,53.3474],[-6.24051,53.3474],[-6.24049,53.34738],[-6.24034,53.34738],[-6.23825,53.34724],[-6.23741,53.34719],[-6.23668,53.34714],[-6.23496,53.34703],[-6.23138,53.34678],[-6.23006,53.34669],[-6.22858,53.34659],[-6.22739,53.34651],[-6.2274,53.3465],[-6.22721,53.34649],[-6.22375,53.34625],[-6.22089,53.34605],[-6.22075,53.34604],[-6.21805,53.34586],[-6.21666,53.34576],[-6.21666,53.34574],[-6.21664,53.34572],[-6.21662,53.3457],[-6.2166,53.34568],[-6.21656,53.34567],[-6.21652,53.34566],[-6.21648,53.34566],[-6.21644,53.34567],[-6.21641,53.34568],[-6.21638,53.3457],[-6.21637,53.34572],[-6.21637,53.34574],[-6.21357,53.34553],[-6.2125,53.34544],[-6.21045,53.34532],[-6.21042,53.34534],[-6.21042,53.34537],[-6.21219,53.34701],[-6.21234,53.34714],[-6.21226,53.34717],[-6.21252,53.34741],[-6.21247,53.34743],[-6.21214,53.34713],[-6.21219,53.34705],[-6.212,53.34687],[-6.21182,53.34694],[-6.21163,53.34702],[-6.21182,53.34719],[-6.21198,53.34719],[-6.21231,53.34749],[-6.21228,53.3475],[-6.21196,53.34721],[-6.20678,53.34697],[-6.20698,53.3451],[-6.20694,53.34499],[-6.20673,53.34498],[-6.20666,53.34508],[-6.20642,53.34707],[-6.20646,53.34707],[-6.20645,53.34713],[-6.20649,53.34714],[-6.20645,53.34751],[-6.20564,53.34748],[-6.2055,53.34748],[-6.20537,53.34747],[-6.20404,53.34742],[-6.20396,53.34741],[-6.20389,53.34739],[-6.20383,53.34737],[-6.20377,53.34734],[-6.20372,53.34731],[-6.20368,53.34727],[-6.20365,53.34722],[-6.20363,53.34718],[-6.20363,53.34699],[-6.20357,53.34695],[-6.20355,53.34691],[-6.20355,53.34684],[-6.20357,53.3468],[-6.2036,53.34677],[-6.20364,53.34675],[-6.20368,53.34676],[-6.20379,53.34572],[-6.20376,53.34572],[-6.20373,53.34602],[-6.2037,53.34599],[-6.2037,53.34596],[-6.20372,53.34571],[-6.20374,53.3454],[-6.20375,53.34532],[-6.2038,53.34516],[-6.20382,53.34508],[-6.20382,53.34501],[-6.2038,53.34496],[-6.20382,53.34494],[-6.20384,53.34492],[-6.20385,53.34492],[-6.20387,53.34493],[-6.20388,53.34497],[-6.20388,53.34499],[-6.2039,53.34499],[-6.20391,53.34496],[-6.2039,53.34494],[-6.20389,53.34492],[-6.20387,53.34491],[-6.20331,53.34471],[-6.20325,53.34469],[-6.20319,53.34469],[-6.20311,53.34469],[-6.20306,53.34471],[-6.20302,53.34473],[-6.20298,53.34476],[-6.20297,53.3448],[-6.20296,53.34484],[-6.20298,53.34487],[-6.203,53.3449],[-6.20305,53.34493],[-6.20311,53.34498],[-6.20303,53.34502],[-6.20302,53.3452],[-6.20033,53.34511],[-6.19999,53.34851],[-6.19985,53.34851],[-6.19918,53.34849],[-6.19921,53.34811],[-6.19922,53.34795],[-6.1992,53.34793],[-6.19905,53.34793],[-6.19903,53.34795],[-6.19902,53.34797],[-6.19902,53.34806],[-6.19865,53.34805],[-6.19866,53.34766],[-6.19859,53.34766],[-6.19866,53.34587],[-6.19863,53.34584],[-6.19858,53.34583],[-6.19852,53.34584],[-6.19849,53.34587],[-6.19846,53.34653],[-6.19843,53.34653],[-6.19842,53.34688],[-6.19831,53.34692],[-6.19822,53.34695],[-6.19812,53.34696],[-6.19807,53.34696],[-6.19799,53.34696],[-6.19788,53.34695],[-6.19783,53.34681],[-6.19783,53.34672],[-6.1979,53.34497],[-6.19789,53.34492],[-6.19786,53.34489],[-6.19778,53.34485],[-6.1977,53.34484],[-6.19666,53.34483],[-6.19666,53.34494],[-6.19611,53.34494],[-6.1961,53.34505],[-6.19665,53.34506],[-6.19665,53.34513],[-6.19494,53.34514],[-6.19288,53.34515],[-6.19288,53.34526],[-6.1933,53.34526],[-6.1933,53.34615],[-6.19331,53.34724],[-6.19331,53.34819],[-6.19327,53.34823],[-6.19316,53.34827],[-6.19302,53.34828],[-6.19286,53.34826],[-6.19285,53.34807],[-6.19292,53.34807],[-6.19292,53.34796],[-6.19278,53.34796],[-6.19262,53.34797],[-6.19262,53.34807],[-6.19269,53.34807],[-6.1927,53.34825],[-6.19253,53.34823],[-6.19232,53.34819],[-6.19213,53.34816],[-6.19197,53.34816],[-6.19187,53.34819],[-6.19186,53.34812],[-6.19193,53.34799],[-6.19199,53.34799],[-6.19199,53.34777],[-6.19176,53.34777],[-6.19155,53.34777],[-6.19155,53.34799],[-6.1916,53.34799],[-6.19168,53.34812],[-6.19169,53.34823],[-6.19159,53.34823],[-6.19159,53.34817],[-6.19148,53.34817],[-6.1915,53.34655],[-6.19125,53.34648],[-6.19081,53.34564],[-6.19075,53.34533],[-6.18912,53.34503]]]}},{"type":"Feature","properties":{"k":"minor","n":""},"geometry":{"type":"LineString","coordinates":[[-6.26546,53.33645],[-6.26552,53.33644],[-6.26642,53.33638]]}},{"type":"Feature","properties":{"k":"minor","n":""},"geometry":{"type":"LineString","coordinates":[[-6.26951,53.33371],[-6.26951,53.33367],[-6.26933,53.33248],[-6.26932,53.33242]]}},{"type":"Feature","properties":{"k":"minor","n":""},"geometry":{"type":"LineString","coordinates":[[-6.26695,53.33493],[-6.26703,53.33493],[-6.26765,53.33489],[-6.26802,53.33487]]}},{"type":"Feature","properties":{"k":"minor","n":""},"geometry":{"type":"LineString","coordinates":[[-6.26802,53.33487],[-6.26797,53.33453]]}},{"type":"Feature","properties":{"k":"minor","n":""},"geometry":{"type":"LineString","coordinates":[[-6.26881,53.33556],[-6.26889,53.33555],[-6.26896,53.33555],[-6.26933,53.33552],[-6.26936,53.33552],[-6.26958,53.33549],[-6.26973,53.33546],[-6.26976,53.33544],[-6.26979,53.33542],[-6.2698,53.33538],[-6.26977,53.33514],[-6.26969,53.33469],[-6.2696,53.33423]]}},{"type":"Feature","properties":{"k":"minor","n":""},"geometry":{"type":"LineString","coordinates":[[-6.27084,53.3361],[-6.27085,53.33613],[-6.27086,53.33618],[-6.2709,53.33635],[-6.27091,53.33645],[-6.27114,53.33645]]}},{"type":"Feature","properties":{"k":"minor","n":""},"geometry":{"type":"LineString","coordinates":[[-6.27249,53.336],[-6.27242,53.33595],[-6.27236,53.33594],[-6.27196,53.3359]]}},{"type":"Feature","properties":{"k":"minor","n":""},"geometry":{"type":"LineString","coordinates":[[-6.27243,53.33609],[-6.27251,53.33609],[-6.27269,53.33611],[-6.27273,53.33612],[-6.27275,53.3361],[-6.27277,53.33606]]}},{"type":"Feature","properties":{"k":"minor","n":""},"geometry":{"type":"LineString","coordinates":[[-6.26765,53.33489],[-6.2676,53.33455]]}},{"type":"Feature","properties":{"k":"park","n":""},"geometry":{"type":"Polygon","coordinates":[[[-6.26719,53.33698],[-6.26656,53.33685],[-6.26646,53.33685],[-6.26647,53.33681],[-6.26649,53.33677],[-6.26652,53.33668],[-6.26651,53.33659],[-6.26679,53.33657],[-6.26676,53.33643],[-6.26676,53.33639],[-6.26686,53.33639],[-6.26749,53.33635],[-6.26732,53.33688],[-6.26722,53.33687],[-6.26719,53.33698]]]}},{"type":"Feature","properties":{"k":"minor","n":""},"geometry":{"type":"LineString","coordinates":[[-6.26801,53.33453],[-6.26797,53.33453],[-6.2676,53.33455],[-6.26741,53.33456]]}},{"type":"Feature","properties":{"k":"major","n":"Mellows Bridge"},"geometry":{"type":"LineString","coordinates":[[-6.28034,53.3466],[-6.28042,53.34638]]}},{"type":"Feature","properties":{"k":"major","n":"Mellows Bridge"},"geometry":{"type":"LineString","coordinates":[[-6.28049,53.34623],[-6.28051,53.34618]]}},{"type":"Feature","properties":{"k":"minor","n":""},"geometry":{"type":"LineString","coordinates":[[-6.28456,53.35287],[-6.28442,53.35298],[-6.28426,53.3531],[-6.28416,53.35319],[-6.28406,53.35332],[-6.28399,53.3534],[-6.28394,53.35342],[-6.28389,53.35343]]}},{"type":"Feature","properties":{"k":"minor","n":""},"geometry":{"type":"LineString","coordinates":[[-6.28345,53.34995],[-6.28349,53.35001],[-6.2836,53.35016],[-6.28374,53.3504],[-6.28373,53.35042],[-6.28371,53.35044],[-6.28329,53.3506],[-6.28259,53.35089],[-6.28245,53.35095]]}},{"type":"Feature","properties":{"k":"minor","n":""},"geometry":{"type":"LineString","coordinates":[[-6.27675,53.34377],[-6.27627,53.34318],[-6.27624,53.34315],[-6.27617,53.34307]]}},{"type":"Feature","properties":{"k":"minor","n":""},"geometry":{"type":"LineString","coordinates":[[-6.27305,53.34055],[-6.27293,53.34056],[-6.27271,53.34057]]}},{"type":"Feature","properties":{"k":"major","n":"Baggot Street Upper"},"geometry":{"type":"LineString","coordinates":[[-6.24327,53.33317],[-6.24312,53.33311],[-6.24308,53.3331],[-6.24308,53.3331],[-6.24267,53.33295],[-6.24257,53.33291]]}},{"type":"Feature","properties":{"k":"minor","n":""},"geometry":{"type":"LineString","coordinates":[[-6.28377,53.34731],[-6.28365,53.34755]]}},{"type":"Feature","properties":{"k":"minor","n":""},"geometry":{"type":"LineString","coordinates":[[-6.24226,53.34143],[-6.24268,53.34159]]}},{"type":"Feature","properties":{"k":"minor","n":""},"geometry":{"type":"LineString","coordinates":[[-6.27355,53.34957],[-6.274,53.34954],[-6.27406,53.34953]]}},{"type":"Feature","properties":{"k":"minor","n":""},"geometry":{"type":"LineString","coordinates":[[-6.27344,53.34875],[-6.2738,53.34873],[-6.27435,53.34872]]}},{"type":"Feature","properties":{"k":"minor","n":""},"geometry":{"type":"LineString","coordinates":[[-6.27476,53.34831],[-6.27462,53.34832]]}},{"type":"Feature","properties":{"k":"minor","n":""},"geometry":{"type":"LineString","coordinates":[[-6.27471,53.34919],[-6.27455,53.34921]]}},{"type":"Feature","properties":{"k":"minor","n":""},"geometry":{"type":"LineString","coordinates":[[-6.27466,53.34985],[-6.27407,53.34986]]}},{"type":"Feature","properties":{"k":"minor","n":""},"geometry":{"type":"LineString","coordinates":[[-6.28395,53.34693],[-6.28408,53.34666],[-6.28412,53.34658]]}},{"type":"Feature","properties":{"k":"minor","n":""},"geometry":{"type":"LineString","coordinates":[[-6.28412,53.34658],[-6.28414,53.34652]]}},{"type":"Feature","properties":{"k":"minor","n":""},"geometry":{"type":"LineString","coordinates":[[-6.23632,53.34073],[-6.2363,53.34087],[-6.23628,53.34093],[-6.23624,53.34113]]}},{"type":"Feature","properties":{"k":"minor","n":""},"geometry":{"type":"LineString","coordinates":[[-6.25511,53.34683],[-6.25596,53.34684],[-6.25694,53.34685],[-6.257,53.34684],[-6.25704,53.34684],[-6.25706,53.34683],[-6.25711,53.34682],[-6.25715,53.3468]]}},{"type":"Feature","properties":{"k":"minor","n":""},"geometry":{"type":"LineString","coordinates":[[-6.2541,53.34588],[-6.2538,53.34587],[-6.25324,53.34585],[-6.25303,53.34584]]}},{"type":"Feature","properties":{"k":"pedestrian","n":""},"geometry":{"type":"LineString","coordinates":[[-6.26013,53.34982],[-6.25999,53.34984],[-6.25912,53.34998],[-6.25826,53.35012],[-6.25821,53.35013]]}},{"type":"Feature","properties":{"k":"minor","n":""},"geometry":{"type":"LineString","coordinates":[[-6.26864,53.35491],[-6.26859,53.35497]]}},{"type":"Feature","properties":{"k":"park","n":""},"geometry":{"type":"Polygon","coordinates":[[[-6.27133,53.34962],[-6.27134,53.34942],[-6.27128,53.34924],[-6.27125,53.34921],[-6.27117,53.34919],[-6.27069,53.34919],[-6.27065,53.34946],[-6.27065,53.34961],[-6.27133,53.34962]]]}},{"type":"Feature","properties":{"k":"park","n":""},"geometry":{"type":"Polygon","coordinates":[[[-6.27588,53.34392],[-6.27564,53.3438],[-6.2752,53.34367],[-6.2751,53.34364],[-6.27489,53.3436],[-6.27466,53.34356],[-6.27458,53.3437],[-6.27454,53.34378],[-6.27442,53.34379],[-6.27438,53.34382],[-6.27433,53.34383],[-6.27433,53.34385],[-6.27397,53.3438],[-6.27398,53.34388],[-6.27398,53.34389],[-6.27393,53.34396],[-6.27358,53.34397],[-6.27347,53.34396],[-6.27345,53.34404],[-6.27346,53.34409],[-6.27399,53.34409],[-6.274,53.34408],[-6.27407,53.34408],[-6.27409,53.34408],[-6.27586,53.34406],[-6.27591,53.34403],[-6.27591,53.34397],[-6.27588,53.34392]]]}},{"type":"Feature","properties":{"k":"minor","n":""},"geometry":{"type":"LineString","coordinates":[[-6.26013,53.34982],[-6.25981,53.34909],[-6.25979,53.34902]]}},{"type":"Feature","properties":{"k":"major","n":"Beresford Place"},"geometry":{"type":"LineString","coordinates":[[-6.25246,53.34943],[-6.25232,53.3494]]}},{"type":"Feature","properties":{"k":"major","n":"Parnell Square East"},"geometry":{"type":"LineString","coordinates":[[-6.26291,53.35401],[-6.26225,53.35346]]}},{"type":"Feature","properties":{"k":"minor","n":""},"geometry":{"type":"LineString","coordinates":[[-6.26409,53.35416],[-6.26362,53.35438],[-6.26359,53.35439],[-6.26355,53.35441],[-6.26345,53.35446]]}},{"type":"Feature","properties":{"k":"minor","n":""},"geometry":{"type":"LineString","coordinates":[[-6.26107,53.35194],[-6.26084,53.35142],[-6.2608,53.35132],[-6.26038,53.35038],[-6.26031,53.35022],[-6.26018,53.34993]]}},{"type":"Feature","properties":{"k":"minor","n":""},"geometry":{"type":"LineString","coordinates":[[-6.25646,53.34592],[-6.25624,53.34592],[-6.25591,53.34592],[-6.25531,53.34591],[-6.25525,53.34591],[-6.25515,53.34591]]}},{"type":"Feature","properties":{"k":"major","n":"Lombard Street East"},"geometry":{"type":"LineString","coordinates":[[-6.24853,53.3453],[-6.24867,53.34506],[-6.24881,53.34483]]}},{"type":"Feature","properties":{"k":"pedestrian","n":""},"geometry":{"type":"LineString","coordinates":[[-6.27828,53.34948],[-6.27825,53.3495]]}},{"type":"Feature","properties":{"k":"minor","n":""},"geometry":{"type":"LineString","coordinates":[[-6.25012,53.35139],[-6.25016,53.35139],[-6.25021,53.35139],[-6.25024,53.3514],[-6.25033,53.35141],[-6.25049,53.35142],[-6.25063,53.35138],[-6.25076,53.35133],[-6.25085,53.35132],[-6.2511,53.35128],[-6.25112,53.35127],[-6.25114,53.35127],[-6.25119,53.35126]]}},{"type":"Feature","properties":{"k":"minor","n":""},"geometry":{"type":"LineString","coordinates":[[-6.24155,53.33799],[-6.2415,53.33803],[-6.24149,53.33805],[-6.24132,53.33823],[-6.24128,53.33827],[-6.24119,53.33835],[-6.24103,53.33846],[-6.24098,53.33849],[-6.24057,53.33874]]}},{"type":"Feature","properties":{"k":"minor","n":""},"geometry":{"type":"LineString","coordinates":[[-6.24234,53.33825],[-6.2423,53.33829],[-6.24205,53.33859],[-6.24214,53.33862],[-6.24227,53.33866]]}},{"type":"Feature","properties":{"k":"minor","n":""},"geometry":{"type":"LineString","coordinates":[[-6.27526,53.33307],[-6.27515,53.33306],[-6.27513,53.33305],[-6.27487,53.33303]]}},{"type":"Feature","properties":{"k":"minor","n":""},"geometry":{"type":"LineString","coordinates":[[-6.27507,53.33351],[-6.27496,53.33349],[-6.27471,53.33345],[-6.27468,53.33345],[-6.27464,53.33347],[-6.27453,53.33368],[-6.27437,53.33365]]}},{"type":"Feature","properties":{"k":"minor","n":""},"geometry":{"type":"LineString","coordinates":[[-6.23624,53.34113],[-6.23612,53.34166],[-6.23605,53.34201],[-6.23603,53.3421]]}},{"type":"Feature","properties":{"k":"minor","n":""},"geometry":{"type":"LineString","coordinates":[[-6.27741,53.33537],[-6.27736,53.3354],[-6.27729,53.3354],[-6.27686,53.33539],[-6.27658,53.33531],[-6.27648,53.33534],[-6.27628,53.33535],[-6.27575,53.33531]]}},{"type":"Feature","properties":{"k":"minor","n":""},"geometry":{"type":"LineString","coordinates":[[-6.27572,53.33499],[-6.27581,53.33491],[-6.27609,53.33466]]}},{"type":"Feature","properties":{"k":"minor","n":""},"geometry":{"type":"LineString","coordinates":[[-6.27658,53.33531],[-6.27652,53.33523],[-6.27581,53.33491]]}},{"type":"Feature","properties":{"k":"minor","n":""},"geometry":{"type":"LineString","coordinates":[[-6.27609,53.33466],[-6.2774,53.33525],[-6.27743,53.33531],[-6.27744,53.33534],[-6.27741,53.33537]]}},{"type":"Feature","properties":{"k":"minor","n":""},"geometry":{"type":"LineString","coordinates":[[-6.27374,53.33444],[-6.27392,53.33426],[-6.27398,53.33426],[-6.27442,53.33436],[-6.27446,53.33437],[-6.27451,53.33439]]}},{"type":"Feature","properties":{"k":"minor","n":""},"geometry":{"type":"LineString","coordinates":[[-6.27511,53.33597],[-6.27497,53.33596],[-6.27469,53.33595],[-6.27405,53.33593],[-6.27381,53.33591]]}},{"type":"Feature","properties":{"k":"minor","n":""},"geometry":{"type":"LineString","coordinates":[[-6.27184,53.33788],[-6.27189,53.33762],[-6.27191,53.33755],[-6.27198,53.3375],[-6.27205,53.33728],[-6.27206,53.33726],[-6.27204,53.33724],[-6.27201,53.33723],[-6.27162,53.3372]]}},{"type":"Feature","properties":{"k":"minor","n":""},"geometry":{"type":"LineString","coordinates":[[-6.25821,53.35013],[-6.25805,53.34976],[-6.25786,53.34931]]}},{"type":"Feature","properties":{"k":"park","n":""},"geometry":{"type":"Polygon","coordinates":[[[-6.27289,53.35415],[-6.27288,53.35419],[-6.27287,53.35423],[-6.27231,53.35436],[-6.27224,53.35437],[-6.27219,53.35435],[-6.27225,53.35433],[-6.27229,53.35434],[-6.27249,53.35423],[-6.27267,53.35412],[-6.27277,53.35408],[-6.27283,53.35407],[-6.27285,53.35407],[-6.27289,53.35415]]]}},{"type":"Feature","properties":{"k":"minor","n":""},"geometry":{"type":"LineString","coordinates":[[-6.27332,53.35131],[-6.27353,53.35131]]}},{"type":"Feature","properties":{"k":"minor","n":""},"geometry":{"type":"LineString","coordinates":[[-6.27254,53.35089],[-6.27266,53.35089],[-6.27278,53.35088],[-6.27328,53.35086]]}},{"type":"Feature","properties":{"k":"major","n":"North King Street"},"geometry":{"type":"LineString","coordinates":[[-6.27321,53.35017],[-6.27285,53.35019],[-6.27246,53.35024],[-6.27235,53.35026],[-6.27231,53.35027],[-6.27226,53.35027],[-6.27197,53.35031],[-6.27163,53.35037],[-6.27123,53.35047],[-6.27089,53.35058],[-6.2706,53.35071]]}},{"type":"Feature","properties":{"k":"minor","n":""},"geometry":{"type":"LineString","coordinates":[[-6.272,53.35168],[-6.27199,53.35138],[-6.27207,53.35109],[-6.27208,53.35091]]}},{"type":"Feature","properties":{"k":"minor","n":""},"geometry":{"type":"LineString","coordinates":[[-6.27254,53.35089],[-6.2725,53.35065],[-6.27248,53.35044],[-6.27246,53.35035],[-6.27246,53.35032],[-6.27246,53.35024]]}},{"type":"Feature","properties":{"k":"pedestrian","n":""},"geometry":{"type":"LineString","coordinates":[[-6.27274,53.3507],[-6.27271,53.35071],[-6.27268,53.35071],[-6.27265,53.35071],[-6.27261,53.3507],[-6.27261,53.35066],[-6.2726,53.35061],[-6.27263,53.3506],[-6.27266,53.35059],[-6.2727,53.3506],[-6.27272,53.3506],[-6.27273,53.35066],[-6.27274,53.3507]]}},{"type":"Feature","properties":{"k":"minor","n":""},"geometry":{"type":"LineString","coordinates":[[-6.27208,53.35091],[-6.272,53.3504],[-6.272,53.35038],[-6.27197,53.35031]]}},{"type":"Feature","properties":{"k":"minor","n":""},"geometry":{"type":"LineString","coordinates":[[-6.28123,53.34381],[-6.28136,53.3438],[-6.28164,53.34382],[-6.28175,53.34385],[-6.28215,53.34387],[-6.28223,53.34389],[-6.28228,53.34392],[-6.28242,53.34402],[-6.2825,53.34411],[-6.2825,53.3442],[-6.28254,53.34423],[-6.28273,53.34424]]}},{"type":"Feature","properties":{"k":"minor","n":""},"geometry":{"type":"LineString","coordinates":[[-6.27862,53.34128],[-6.27799,53.3414],[-6.27775,53.34144],[-6.27756,53.34146]]}},{"type":"Feature","properties":{"k":"minor","n":""},"geometry":{"type":"LineString","coordinates":[[-6.27714,53.34054],[-6.27715,53.34057],[-6.27734,53.34098]]}},{"type":"Feature","properties":{"k":"minor","n":""},"geometry":{"type":"LineString","coordinates":[[-6.27739,53.34108],[-6.27718,53.3411],[-6.27624,53.34119],[-6.27591,53.34122],[-6.27586,53.34121],[-6.27584,53.34119]]}},{"type":"Feature","properties":{"k":"minor","n":""},"geometry":{"type":"LineString","coordinates":[[-6.27762,53.34092],[-6.27734,53.34098]]}},{"type":"Feature","properties":{"k":"minor","n":""},"geometry":{"type":"LineString","coordinates":[[-6.27409,53.34022],[-6.27413,53.34021],[-6.27441,53.34017],[-6.27524,53.34012],[-6.27586,53.34008]]}},{"type":"Feature","properties":{"k":"minor","n":""},"geometry":{"type":"LineString","coordinates":[[-6.27584,53.34119],[-6.27564,53.34083],[-6.27562,53.3408],[-6.27524,53.34012]]}},{"type":"Feature","properties":{"k":"minor","n":""},"geometry":{"type":"LineString","coordinates":[[-6.2761,53.34071],[-6.27598,53.34045],[-6.27594,53.3403],[-6.27593,53.34026],[-6.27586,53.34008],[-6.27579,53.33985],[-6.2758,53.33967]]}},{"type":"Feature","properties":{"k":"minor","n":""},"geometry":{"type":"LineString","coordinates":[[-6.27693,53.34008],[-6.27697,53.34017],[-6.27702,53.34027],[-6.27712,53.3405],[-6.27714,53.34054]]}},{"type":"Feature","properties":{"k":"minor","n":""},"geometry":{"type":"LineString","coordinates":[[-6.27506,53.34171],[-6.27516,53.34169],[-6.27619,53.34154],[-6.27643,53.34152]]}},{"type":"Feature","properties":{"k":"minor","n":""},"geometry":{"type":"LineString","coordinates":[[-6.27756,53.34235],[-6.27755,53.34233],[-6.2772,53.34148]]}},{"type":"Feature","properties":{"k":"minor","n":""},"geometry":{"type":"LineString","coordinates":[[-6.28114,53.34449],[-6.28222,53.34456]]}},{"type":"Feature","properties":{"k":"minor","n":""},"geometry":{"type":"LineString","coordinates":[[-6.28012,53.34524],[-6.2803,53.34527],[-6.28059,53.34532]]}},{"type":"Feature","properties":{"k":"minor","n":""},"geometry":{"type":"LineString","coordinates":[[-6.26795,53.34039],[-6.26819,53.34032],[-6.26858,53.3403],[-6.26863,53.34039]]}},{"type":"Feature","properties":{"k":"major","n":"Nicholas Street"},"geometry":{"type":"LineString","coordinates":[[-6.27234,53.34151],[-6.27233,53.34161],[-6.27233,53.34169]]}},{"type":"Feature","properties":{"k":"major","n":"Blackhall Place"},"geometry":{"type":"LineString","coordinates":[[-6.28196,53.34875],[-6.28194,53.34882],[-6.28193,53.34885],[-6.28186,53.34922],[-6.28174,53.34973],[-6.28172,53.34988],[-6.28172,53.35003]]}},{"type":"Feature","properties":{"k":"major","n":"St. Stephen's Green"},"geometry":{"type":"LineString","coordinates":[[-6.25586,53.338],[-6.25583,53.33804]]}},{"type":"Feature","properties":{"k":"major","n":"College Green"},"geometry":{"type":"LineString","coordinates":[[-6.2609,53.34428],[-6.26099,53.34428],[-6.26132,53.34427],[-6.26164,53.34425],[-6.26181,53.34428]]}},{"type":"Feature","properties":{"k":"minor","n":""},"geometry":{"type":"LineString","coordinates":[[-6.26003,53.35217],[-6.25924,53.35236],[-6.25916,53.35237]]}},{"type":"Feature","properties":{"k":"major","n":"James's Street"},"geometry":{"type":"LineString","coordinates":[[-6.28678,53.34355],[-6.28628,53.34356],[-6.28597,53.34356],[-6.2858,53.34356],[-6.28542,53.34354],[-6.28506,53.34351],[-6.28486,53.34349]]}},{"type":"Feature","properties":{"k":"major","n":"Thomas Street"},"geometry":{"type":"LineString","coordinates":[[-6.28451,53.34346],[-6.28429,53.34344],[-6.28373,53.3434],[-6.28353,53.34339],[-6.28346,53.34339],[-6.2834,53.34339],[-6.28301,53.34337],[-6.28255,53.34334],[-6.28213,53.34331],[-6.28208,53.34331],[-6.2816,53.34326],[-6.28152,53.34325]]}},{"type":"Feature","properties":{"k":"major","n":"Patrick Street"},"geometry":{"type":"LineString","coordinates":[[-6.27257,53.33937],[-6.27259,53.3393]]}},{"type":"Feature","properties":{"k":"major","n":"Christchurch Place"},"geometry":{"type":"LineString","coordinates":[[-6.27075,53.34307],[-6.2707,53.34308],[-6.27057,53.34311],[-6.27043,53.34317]]}},{"type":"Feature","properties":{"k":"major","n":"Parnell Street"},"geometry":{"type":"LineString","coordinates":[[-6.25941,53.35349],[-6.25917,53.35358],[-6.25859,53.35377],[-6.25855,53.35378],[-6.2585,53.3538],[-6.25843,53.35382]]}},{"type":"Feature","properties":{"k":"minor","n":""},"geometry":{"type":"LineString","coordinates":[[-6.24829,53.34503],[-6.24801,53.34492]]}},{"type":"Feature","properties":{"k":"major","n":"Dawson Street"},"geometry":{"type":"LineString","coordinates":[[-6.25824,53.3413],[-6.25822,53.34135],[-6.25813,53.34166],[-6.25812,53.34169],[-6.25812,53.34171],[-6.2581,53.34177],[-6.25809,53.3418]]}},{"type":"Feature","properties":{"k":"major","n":"Kildare Street"},"geometry":{"type":"LineString","coordinates":[[-6.25582,53.33989],[-6.25587,53.33979],[-6.25597,53.33965],[-6.25616,53.33942],[-6.25648,53.33902],[-6.25651,53.33898],[-6.25652,53.33896]]}},{"type":"Feature","properties":{"k":"minor","n":""},"geometry":{"type":"LineString","coordinates":[[-6.28076,53.3331],[-6.28074,53.33308],[-6.28072,53.33303],[-6.28069,53.33302],[-6.28063,53.33299],[-6.28061,53.33298],[-6.28011,53.33279],[-6.2801,53.33278],[-6.28007,53.33277],[-6.28002,53.33275],[-6.28001,53.33275],[-6.27955,53.33257],[-6.2795,53.33255]]}},{"type":"Feature","properties":{"k":"minor","n":""},"geometry":{"type":"LineString","coordinates":[[-6.27943,53.33372],[-6.27955,53.33403],[-6.27958,53.33411],[-6.27981,53.33455],[-6.27983,53.33458]]}},{"type":"Feature","properties":{"k":"minor","n":""},"geometry":{"type":"LineString","coordinates":[[-6.27983,53.33458],[-6.27984,53.33461],[-6.27999,53.33489],[-6.28004,53.33499],[-6.28008,53.33507],[-6.28023,53.33537],[-6.28051,53.3359],[-6.28059,53.33607],[-6.28065,53.33617],[-6.2807,53.33626],[-6.28073,53.33631],[-6.28073,53.33634],[-6.28072,53.33638],[-6.28038,53.3368],[-6.28035,53.33682]]}},{"type":"Feature","properties":{"k":"minor","n":""},"geometry":{"type":"LineString","coordinates":[[-6.27835,53.33703],[-6.27844,53.33701],[-6.27848,53.33698],[-6.27855,53.33692],[-6.27861,53.33683],[-6.27865,53.33676],[-6.27866,53.33669],[-6.27862,53.33613],[-6.27859,53.33604],[-6.27853,53.33593],[-6.27843,53.33572],[-6.27797,53.33484],[-6.27797,53.33482],[-6.27796,53.3348],[-6.27792,53.3348],[-6.27785,53.33478],[-6.27668,53.3344],[-6.27634,53.33431],[-6.27631,53.33429],[-6.27627,53.33425]]}},{"type":"Feature","properties":{"k":"pedestrian","n":""},"geometry":{"type":"LineString","coordinates":[[-6.23959,53.34547],[-6.23959,53.34552],[-6.2395,53.34597],[-6.23948,53.34607]]}},{"type":"Feature","properties":{"k":"minor","n":""},"geometry":{"type":"LineString","coordinates":[[-6.28066,53.35052],[-6.28028,53.35054],[-6.27993,53.35057],[-6.27986,53.35057],[-6.27972,53.35057],[-6.27965,53.35057],[-6.27958,53.35057]]}},{"type":"Feature","properties":{"k":"pedestrian","n":""},"geometry":{"type":"LineString","coordinates":[[-6.24962,53.3497],[-6.24968,53.34931],[-6.24973,53.349],[-6.24978,53.34881],[-6.24983,53.34859],[-6.24987,53.34844],[-6.24988,53.34843],[-6.24992,53.34826],[-6.24993,53.34821]]}},{"type":"Feature","properties":{"k":"major","n":"City Quay"},"geometry":{"type":"LineString","coordinates":[[-6.25166,53.34737],[-6.25162,53.34734],[-6.25158,53.34732],[-6.25151,53.34728],[-6.25144,53.34725],[-6.25138,53.34724],[-6.25132,53.34723],[-6.25089,53.34717],[-6.25017,53.34708]]}},{"type":"Feature","properties":{"k":"minor","n":""},"geometry":{"type":"LineString","coordinates":[[-6.24918,53.3573],[-6.24929,53.35738],[-6.2496,53.35762],[-6.24958,53.35766],[-6.24982,53.35784],[-6.24983,53.35785],[-6.24997,53.35796],[-6.25004,53.35798],[-6.2505,53.35807],[-6.25058,53.35809]]}},{"type":"Feature","properties":{"k":"minor","n":""},"geometry":{"type":"LineString","coordinates":[[-6.23842,53.35035],[-6.23758,53.35028],[-6.23756,53.35028],[-6.23754,53.35027],[-6.23752,53.35025],[-6.23752,53.35023],[-6.23751,53.3502],[-6.23752,53.35016],[-6.23758,53.3498],[-6.23761,53.34963],[-6.23765,53.34942],[-6.23772,53.34913],[-6.23777,53.3489]]}},{"type":"Feature","properties":{"k":"pedestrian","n":""},"geometry":{"type":"LineString","coordinates":[[-6.23761,53.34963],[-6.23973,53.34977]]}},{"type":"Feature","properties":{"k":"major","n":"College Green"},"geometry":{"type":"LineString","coordinates":[[-6.25978,53.34452],[-6.25973,53.34454],[-6.25969,53.34455],[-6.25956,53.3446],[-6.2595,53.34462],[-6.25944,53.34465],[-6.25936,53.34468]]}},{"type":"Feature","properties":{"k":"major","n":"Thomas Street"},"geometry":{"type":"LineString","coordinates":[[-6.28123,53.34319],[-6.2811,53.34316],[-6.28107,53.34315],[-6.28101,53.34314],[-6.28079,53.3431],[-6.28024,53.34299],[-6.27984,53.34292],[-6.27961,53.34288],[-6.27934,53.34284],[-6.27915,53.34283]]}},{"type":"Feature","properties":{"k":"major","n":"Bridgefoot Street"},"geometry":{"type":"LineString","coordinates":[[-6.28114,53.34449],[-6.28103,53.34506],[-6.28097,53.34535],[-6.28097,53.34539]]}},{"type":"Feature","properties":{"k":"major","n":"Summerhill"},"geometry":{"type":"LineString","coordinates":[[-6.25689,53.35421],[-6.25676,53.35429],[-6.25658,53.35436]]}},{"type":"Feature","properties":{"k":"minor","n":""},"geometry":{"type":"LineString","coordinates":[[-6.24174,53.33923],[-6.24202,53.33935]]}},{"type":"Feature","properties":{"k":"minor","n":""},"geometry":{"type":"LineString","coordinates":[[-6.24128,53.33827],[-6.24133,53.33829],[-6.24171,53.33842]]}},{"type":"Feature","properties":{"k":"minor","n":""},"geometry":{"type":"LineString","coordinates":[[-6.2422,53.3391],[-6.24202,53.33931],[-6.24202,53.33935]]}},{"type":"Feature","properties":{"k":"minor","n":""},"geometry":{"type":"LineString","coordinates":[[-6.24223,53.33822],[-6.24233,53.33812],[-6.24234,53.33811]]}},{"type":"Feature","properties":{"k":"minor","n":""},"geometry":{"type":"LineString","coordinates":[[-6.24298,53.33899],[-6.24293,53.33905],[-6.24293,53.33907],[-6.24329,53.3392],[-6.24334,53.33923],[-6.24389,53.33942],[-6.24394,53.33944]]}},{"type":"Feature","properties":{"k":"minor","n":""},"geometry":{"type":"LineString","coordinates":[[-6.24273,53.33783],[-6.24269,53.33786]]}},{"type":"Feature","properties":{"k":"minor","n":""},"geometry":{"type":"LineString","coordinates":[[-6.24509,53.33925],[-6.24515,53.33918]]}},{"type":"Feature","properties":{"k":"minor","n":""},"geometry":{"type":"LineString","coordinates":[[-6.24499,53.33935],[-6.24509,53.33925]]}},{"type":"Feature","properties":{"k":"minor","n":""},"geometry":{"type":"LineString","coordinates":[[-6.24309,53.33887],[-6.24298,53.33899]]}},{"type":"Feature","properties":{"k":"minor","n":""},"geometry":{"type":"LineString","coordinates":[[-6.23749,53.33755],[-6.23721,53.33748],[-6.23697,53.33741],[-6.23682,53.33737],[-6.23676,53.33732]]}},{"type":"Feature","properties":{"k":"major","n":"Custom House Quay"},"geometry":{"type":"LineString","coordinates":[[-6.24906,53.34817],[-6.24884,53.34816]]}},{"type":"Feature","properties":{"k":"major","n":"Custom House Quay"},"geometry":{"type":"LineString","coordinates":[[-6.24881,53.34808],[-6.24903,53.34809]]}},{"type":"Feature","properties":{"k":"major","n":"North Wall Quay"},"geometry":{"type":"LineString","coordinates":[[-6.25145,53.34848],[-6.2514,53.34843],[-6.25138,53.34841],[-6.25137,53.34839]]}},{"type":"Feature","properties":{"k":"major","n":"Custom House Quay"},"geometry":{"type":"LineString","coordinates":[[-6.25115,53.34822],[-6.25131,53.34823],[-6.2514,53.34823],[-6.25155,53.34824]]}},{"type":"Feature","properties":{"k":"pedestrian","n":""},"geometry":{"type":"LineString","coordinates":[[-6.2602,53.34161],[-6.26012,53.3416],[-6.25928,53.3415]]}},{"type":"Feature","properties":{"k":"pedestrian","n":""},"geometry":{"type":"LineString","coordinates":[[-6.25915,53.34191],[-6.25984,53.34199],[-6.25994,53.34201]]}},{"type":"Feature","properties":{"k":"minor","n":""},"geometry":{"type":"LineString","coordinates":[[-6.28179,53.34711],[-6.28186,53.34685],[-6.28188,53.3468]]}},{"type":"Feature","properties":{"k":"major","n":"North Wall Quay"},"geometry":{"type":"LineString","coordinates":[[-6.24034,53.3476],[-6.24019,53.34758],[-6.23986,53.34754]]}},{"type":"Feature","properties":{"k":"major","n":"Scherzer Lifting Bridge"},"geometry":{"type":"LineString","coordinates":[[-6.24073,53.34762],[-6.24034,53.3476]]}},{"type":"Feature","properties":{"k":"major","n":"North Wall Quay"},"geometry":{"type":"LineString","coordinates":[[-6.23986,53.34754],[-6.23998,53.34754],[-6.24035,53.34753]]}},{"type":"Feature","properties":{"k":"major","n":"North Wall Quay"},"geometry":{"type":"LineString","coordinates":[[-6.24094,53.3476],[-6.24073,53.34762]]}},{"type":"Feature","properties":{"k":"major","n":"Scherzer Lifting Bridge"},"geometry":{"type":"LineString","coordinates":[[-6.24035,53.34753],[-6.24074,53.34755]]}},{"type":"Feature","properties":{"k":"major","n":"North Wall Quay"},"geometry":{"type":"LineString","coordinates":[[-6.24074,53.34755],[-6.24086,53.34758],[-6.24092,53.3476],[-6.24094,53.3476]]}},{"type":"Feature","properties":{"k":"major","n":"Camden Street Lower"},"geometry":{"type":"LineString","coordinates":[[-6.26505,53.33347],[-6.26511,53.33352],[-6.26513,53.33358],[-6.26514,53.33362],[-6.26521,53.33381],[-6.26517,53.33387]]}},{"type":"Feature","properties":{"k":"minor","n":""},"geometry":{"type":"LineString","coordinates":[[-6.26485,53.33366],[-6.26446,53.33367],[-6.26422,53.33368],[-6.26401,53.3337],[-6.26338,53.33379],[-6.26318,53.33381]]}},{"type":"Feature","properties":{"k":"minor","n":""},"geometry":{"type":"LineString","coordinates":[[-6.25023,53.35874],[-6.25041,53.35842],[-6.25058,53.35809],[-6.25074,53.35779],[-6.25079,53.3577],[-6.2508,53.35768],[-6.25084,53.35761]]}},{"type":"Feature","properties":{"k":"minor","n":""},"geometry":{"type":"LineString","coordinates":[[-6.24983,53.35785],[-6.2488,53.35837],[-6.24871,53.3584]]}},{"type":"Feature","properties":{"k":"minor","n":""},"geometry":{"type":"LineString","coordinates":[[-6.24034,53.35701],[-6.24036,53.35702],[-6.24145,53.35754],[-6.24206,53.35784],[-6.24209,53.35786],[-6.24218,53.3579]]}},{"type":"Feature","properties":{"k":"minor","n":""},"geometry":{"type":"LineString","coordinates":[[-6.24145,53.35754],[-6.24169,53.35736]]}},{"type":"Feature","properties":{"k":"major","n":"St. Stephen's Green"},"geometry":{"type":"LineString","coordinates":[[-6.2565,53.33882],[-6.25666,53.33885],[-6.25671,53.33887],[-6.25677,53.33888],[-6.2568,53.33889],[-6.25683,53.33891],[-6.25685,53.33893],[-6.25687,53.33897]]}},{"type":"Feature","properties":{"k":"minor","n":""},"geometry":{"type":"LineString","coordinates":[[-6.26929,53.33838],[-6.2693,53.33815]]}},{"type":"Feature","properties":{"k":"minor","n":""},"geometry":{"type":"LineString","coordinates":[[-6.2693,53.33923],[-6.26927,53.33913],[-6.26928,53.33899],[-6.26928,53.33874],[-6.26929,53.33838]]}},{"type":"Feature","properties":{"k":"minor","n":""},"geometry":{"type":"LineString","coordinates":[[-6.26993,53.34313],[-6.26983,53.34282],[-6.26982,53.34279],[-6.26982,53.34273],[-6.26984,53.34264],[-6.26985,53.34256]]}},{"type":"Feature","properties":{"k":"minor","n":""},"geometry":{"type":"LineString","coordinates":[[-6.28111,53.33875],[-6.28081,53.33878],[-6.28068,53.33844],[-6.28064,53.33834]]}},{"type":"Feature","properties":{"k":"pedestrian","n":""},"geometry":{"type":"LineString","coordinates":[[-6.2788,53.34952],[-6.27882,53.34949],[-6.27885,53.34936],[-6.27895,53.34903]]}},{"type":"Feature","properties":{"k":"pedestrian","n":""},"geometry":{"type":"LineString","coordinates":[[-6.27874,53.34945],[-6.27876,53.34936],[-6.27885,53.34936],[-6.27888,53.34937],[-6.2789,53.34937],[-6.27889,53.34938],[-6.27895,53.34939],[-6.27894,53.34944],[-6.27899,53.34944],[-6.27897,53.34955],[-6.27896,53.34957],[-6.27871,53.34955],[-6.27872,53.34952],[-6.27872,53.3495],[-6.27874,53.34945]]}},{"type":"Feature","properties":{"k":"pedestrian","n":""},"geometry":{"type":"LineString","coordinates":[[-6.2788,53.34952],[-6.27876,53.34953],[-6.27872,53.34952],[-6.27828,53.34948]]}},{"type":"Feature","properties":{"k":"pedestrian","n":""},"geometry":{"type":"LineString","coordinates":[[-6.27722,53.34831],[-6.27715,53.34832],[-6.27707,53.34832],[-6.277,53.3483],[-6.27694,53.34826],[-6.27693,53.34824],[-6.27697,53.34817],[-6.27723,53.34821],[-6.27724,53.34821],[-6.27725,53.3482],[-6.27729,53.3482],[-6.27727,53.34823],[-6.27727,53.34828],[-6.27724,53.34829],[-6.27722,53.34831]]}},{"type":"Feature","properties":{"k":"pedestrian","n":""},"geometry":{"type":"LineString","coordinates":[[-6.27697,53.34817],[-6.27717,53.34824],[-6.27724,53.34829],[-6.27727,53.34834],[-6.27733,53.34838],[-6.2774,53.3484],[-6.27741,53.3484],[-6.27741,53.34842],[-6.27739,53.34848]]}},{"type":"Feature","properties":{"k":"pedestrian","n":""},"geometry":{"type":"LineString","coordinates":[[-6.27667,53.34813],[-6.27674,53.34814],[-6.27675,53.34814]]}},{"type":"Feature","properties":{"k":"minor","n":""},"geometry":{"type":"LineString","coordinates":[[-6.24148,53.34117],[-6.24148,53.34115],[-6.24151,53.34098],[-6.24151,53.34096],[-6.24155,53.34068],[-6.24165,53.34016],[-6.24168,53.34005]]}},{"type":"Feature","properties":{"k":"minor","n":""},"geometry":{"type":"LineString","coordinates":[[-6.24144,53.34134],[-6.24148,53.34117]]}},{"type":"Feature","properties":{"k":"major","n":"Northumberland Road"},"geometry":{"type":"LineString","coordinates":[[-6.24023,53.33751],[-6.24017,53.33747],[-6.24009,53.33742]]}},{"type":"Feature","properties":{"k":"major","n":"McKenny's Bridge"},"geometry":{"type":"LineString","coordinates":[[-6.24043,53.3376],[-6.24037,53.33758],[-6.24031,53.33755]]}},{"type":"Feature","properties":{"k":"minor","n":""},"geometry":{"type":"LineString","coordinates":[[-6.28309,53.35042],[-6.28329,53.3506]]}},{"type":"Feature","properties":{"k":"minor","n":""},"geometry":{"type":"LineString","coordinates":[[-6.24754,53.35117],[-6.24756,53.35101]]}},{"type":"Feature","properties":{"k":"minor","n":""},"geometry":{"type":"LineString","coordinates":[[-6.24669,53.35092],[-6.24674,53.35097],[-6.24672,53.35111]]}},{"type":"Feature","properties":{"k":"minor","n":""},"geometry":{"type":"LineString","coordinates":[[-6.24756,53.35101],[-6.24761,53.35098]]}},{"type":"Feature","properties":{"k":"water","n":""},"geometry":{"type":"Polygon","coordinates":[[[-6.2473,53.35059],[-6.24733,53.35045],[-6.2473,53.35043],[-6.24721,53.35042],[-6.24717,53.35044],[-6.24715,53.35058],[-6.24718,53.35059],[-6.24722,53.35059],[-6.24726,53.35059],[-6.2473,53.35059]]]}},{"type":"Feature","properties":{"k":"water","n":""},"geometry":{"type":"Polygon","coordinates":[[[-6.2473,53.35043],[-6.24731,53.35041],[-6.24731,53.35039],[-6.24731,53.35037],[-6.24737,53.35036],[-6.24738,53.3503],[-6.24717,53.35029],[-6.24716,53.35035],[-6.24721,53.35037],[-6.24721,53.35038],[-6.24721,53.3504],[-6.24721,53.35042],[-6.2473,53.35043]]]}},{"type":"Feature","properties":{"k":"minor","n":""},"geometry":{"type":"LineString","coordinates":[[-6.27982,53.35199],[-6.27993,53.35197],[-6.28007,53.35196],[-6.28031,53.35196],[-6.28036,53.35196],[-6.28053,53.35195]]}},{"type":"Feature","properties":{"k":"minor","n":""},"geometry":{"type":"LineString","coordinates":[[-6.28389,53.35343],[-6.28376,53.35364],[-6.28371,53.35367],[-6.28364,53.35366],[-6.28339,53.35359]]}},{"type":"Feature","properties":{"k":"minor","n":""},"geometry":{"type":"LineString","coordinates":[[-6.27987,53.35203],[-6.27976,53.35205],[-6.27943,53.35206],[-6.27937,53.35207]]}},{"type":"Feature","properties":{"k":"minor","n":""},"geometry":{"type":"LineString","coordinates":[[-6.278,53.35572],[-6.27794,53.35572],[-6.27789,53.35572],[-6.27711,53.35558],[-6.27705,53.35556],[-6.27701,53.35553]]}},{"type":"Feature","properties":{"k":"minor","n":""},"geometry":{"type":"LineString","coordinates":[[-6.27828,53.3553],[-6.27838,53.35509],[-6.27842,53.35499],[-6.27849,53.35486],[-6.2785,53.35483],[-6.27871,53.35444]]}},{"type":"Feature","properties":{"k":"minor","n":""},"geometry":{"type":"LineString","coordinates":[[-6.27332,53.35131],[-6.27328,53.35086],[-6.27326,53.35071],[-6.27324,53.35049],[-6.27321,53.3503],[-6.27321,53.35026],[-6.27321,53.35024],[-6.27321,53.35017]]}},{"type":"Feature","properties":{"k":"minor","n":""},"geometry":{"type":"LineString","coordinates":[[-6.27369,53.3516],[-6.27418,53.35169],[-6.27425,53.35166],[-6.27455,53.35166]]}},{"type":"Feature","properties":{"k":"minor","n":""},"geometry":{"type":"LineString","coordinates":[[-6.27418,53.35169],[-6.27411,53.35188],[-6.27407,53.35199]]}},{"type":"Feature","properties":{"k":"minor","n":""},"geometry":{"type":"LineString","coordinates":[[-6.2817,53.35045],[-6.28165,53.35046],[-6.28121,53.35049],[-6.28104,53.3505],[-6.28066,53.35052]]}},{"type":"Feature","properties":{"k":"pedestrian","n":""},"geometry":{"type":"LineString","coordinates":[[-6.26047,53.34121],[-6.26076,53.34072],[-6.2608,53.34058],[-6.26081,53.34043],[-6.26073,53.34011],[-6.26074,53.34006]]}},{"type":"Feature","properties":{"k":"minor","n":""},"geometry":{"type":"LineString","coordinates":[[-6.26829,53.35353],[-6.2687,53.35367],[-6.26873,53.35369],[-6.26874,53.35372],[-6.26876,53.35374],[-6.26892,53.35381],[-6.26896,53.35382],[-6.26838,53.35436],[-6.26818,53.35454],[-6.26816,53.35456]]}},{"type":"Feature","properties":{"k":"major","n":"Saint Mary's Place North"},"geometry":{"type":"LineString","coordinates":[[-6.26752,53.35444],[-6.26782,53.35452],[-6.26788,53.35454],[-6.26813,53.35456],[-6.26816,53.35456],[-6.2686,53.35468],[-6.26867,53.3547],[-6.2688,53.35475]]}},{"type":"Feature","properties":{"k":"minor","n":""},"geometry":{"type":"LineString","coordinates":[[-6.26676,53.3521],[-6.26679,53.35207],[-6.26683,53.35205],[-6.26684,53.35204],[-6.26687,53.35202],[-6.26728,53.35177],[-6.2673,53.35174],[-6.26693,53.35153]]}},{"type":"Feature","properties":{"k":"minor","n":""},"geometry":{"type":"LineString","coordinates":[[-6.27264,53.3541],[-6.27273,53.35406],[-6.27276,53.35405],[-6.27287,53.35403],[-6.27291,53.35402]]}},{"type":"Feature","properties":{"k":"major","n":"College Green"},"geometry":{"type":"LineString","coordinates":[[-6.25936,53.34468],[-6.25944,53.34457],[-6.25946,53.34451],[-6.25947,53.34448]]}},{"type":"Feature","properties":{"k":"major","n":"Matt Talbot Memorial Bridge"},"geometry":{"type":"LineString","coordinates":[[-6.25155,53.34824],[-6.25158,53.34815],[-6.25158,53.34814]]}},{"type":"Feature","properties":{"k":"major","n":"Custom House Quay"},"geometry":{"type":"LineString","coordinates":[[-6.25141,53.34829],[-6.25128,53.34829],[-6.25124,53.34829]]}},{"type":"Feature","properties":{"k":"major","n":"Eden Quay"},"geometry":{"type":"LineString","coordinates":[[-6.25799,53.34783],[-6.25768,53.3479],[-6.25764,53.34791],[-6.2574,53.34796],[-6.25733,53.34797]]}},{"type":"Feature","properties":{"k":"major","n":"George's Quay"},"geometry":{"type":"LineString","coordinates":[[-6.2539,53.34743],[-6.25423,53.34743],[-6.25466,53.34745],[-6.2547,53.34745],[-6.25475,53.34745],[-6.25482,53.34745],[-6.255,53.34745]]}},{"type":"Feature","properties":{"k":"major","n":"Tara Street"},"geometry":{"type":"LineString","coordinates":[[-6.25515,53.34591],[-6.25514,53.34595],[-6.25515,53.34625],[-6.25514,53.34642]]}},{"type":"Feature","properties":{"k":"minor","n":""},"geometry":{"type":"LineString","coordinates":[[-6.25708,53.34645],[-6.25699,53.34608]]}},{"type":"Feature","properties":{"k":"major","n":"Tara Street"},"geometry":{"type":"LineString","coordinates":[[-6.25511,53.34683],[-6.25502,53.34734],[-6.25501,53.34738],[-6.255,53.34745]]}},{"type":"Feature","properties":{"k":"minor","n":""},"geometry":{"type":"LineString","coordinates":[[-6.24636,53.33798],[-6.24626,53.33809],[-6.24597,53.3384],[-6.24591,53.33847],[-6.24579,53.3386],[-6.24576,53.33863],[-6.24572,53.33867],[-6.24557,53.33884],[-6.24552,53.33889],[-6.2455,53.33892],[-6.24534,53.33908],[-6.24527,53.33914],[-6.24523,53.33921]]}},{"type":"Feature","properties":{"k":"minor","n":""},"geometry":{"type":"LineString","coordinates":[[-6.24222,53.33619],[-6.24233,53.33626]]}},{"type":"Feature","properties":{"k":"minor","n":""},"geometry":{"type":"LineString","coordinates":[[-6.24244,53.34411],[-6.24241,53.34431]]}},{"type":"Feature","properties":{"k":"minor","n":""},"geometry":{"type":"LineString","coordinates":[[-6.23916,53.34102],[-6.23912,53.34108],[-6.2391,53.34111],[-6.23903,53.3414],[-6.23897,53.34172],[-6.23897,53.34173],[-6.23894,53.34187],[-6.23887,53.34216]]}},{"type":"Feature","properties":{"k":"major","n":"College Street"},"geometry":{"type":"LineString","coordinates":[[-6.25692,53.34561],[-6.25698,53.34561],[-6.25704,53.34561],[-6.25722,53.34561],[-6.25724,53.34561]]}},{"type":"Feature","properties":{"k":"major","n":"Grafton Street"},"geometry":{"type":"LineString","coordinates":[[-6.25947,53.34448],[-6.25946,53.34442],[-6.25945,53.34438],[-6.25943,53.34435],[-6.25942,53.34432],[-6.25939,53.34429],[-6.25936,53.34424],[-6.25928,53.34413],[-6.25925,53.34409],[-6.25923,53.34406],[-6.25921,53.34402],[-6.2592,53.34399],[-6.2592,53.34395],[-6.25919,53.34389],[-6.2592,53.34382],[-6.2592,53.34376],[-6.25922,53.34369],[-6.25924,53.34361],[-6.25927,53.34353],[-6.2593,53.34344],[-6.2593,53.3434]]}},{"type":"Feature","properties":{"k":"minor","n":""},"geometry":{"type":"LineString","coordinates":[[-6.24631,53.3427],[-6.24634,53.34296]]}},{"type":"Feature","properties":{"k":"park","n":""},"geometry":{"type":"Polygon","coordinates":[[[-6.26703,53.34204],[-6.26683,53.34208],[-6.26684,53.34208],[-6.26684,53.34209],[-6.26682,53.3421],[-6.26678,53.34211],[-6.26676,53.34211],[-6.26675,53.3421],[-6.26675,53.3421],[-6.26657,53.34214],[-6.26657,53.34214],[-6.26658,53.34215],[-6.26655,53.34215],[-6.26648,53.34217],[-6.26646,53.34217],[-6.26645,53.34217],[-6.26645,53.34216],[-6.26637,53.34218],[-6.26628,53.3422],[-6.26628,53.3422],[-6.26628,53.34222],[-6.26623,53.34223],[-6.2662,53.34223],[-6.2662,53.34223],[-6.26609,53.34225],[-6.26612,53.34231],[-6.26618,53.3424],[-6.26626,53.34252],[-6.26632,53.34262],[-6.2664,53.34275],[-6.26641,53.34276],[-6.26642,53.34276],[-6.26642,53.34276],[-6.26645,53.34277],[-6.26646,53.34279],[-6.26648,53.34282],[-6.26649,53.34283],[-6.26658,53.34281],[-6.26674,53.34277],[-6.26687,53.34275],[-6.26712,53.34269],[-6.26714,53.34268],[-6.26744,53.34262],[-6.2674,53.34257],[-6.26735,53.34248],[-6.26725,53.34237],[-6.26713,53.34228],[-6.26708,53.34227],[-6.26704,53.34228],[-6.26695,53.34222],[-6.26692,53.34218],[-6.267,53.34216],[-6.26709,53.34214],[-6.2671,53.34214],[-6.26703,53.34204]]]}},{"type":"Feature","properties":{"k":"pedestrian","n":""},"geometry":{"type":"LineString","coordinates":[[-6.26703,53.34206],[-6.26709,53.34214],[-6.267,53.34216],[-6.26695,53.34217],[-6.26692,53.34218],[-6.26689,53.34219],[-6.26684,53.34211],[-6.26703,53.34206]]}},{"type":"Feature","properties":{"k":"minor","n":""},"geometry":{"type":"LineString","coordinates":[[-6.28001,53.34016],[-6.28022,53.3405],[-6.28028,53.34059]]}},{"type":"Feature","properties":{"k":"minor","n":""},"geometry":{"type":"LineString","coordinates":[[-6.27989,53.34019],[-6.27977,53.33998],[-6.27992,53.33995],[-6.27984,53.33982],[-6.27978,53.33973],[-6.27976,53.33969]]}},{"type":"Feature","properties":{"k":"minor","n":""},"geometry":{"type":"LineString","coordinates":[[-6.27879,53.34043],[-6.27897,53.34069],[-6.2792,53.34065],[-6.27932,53.34082],[-6.27946,53.34079]]}},{"type":"Feature","properties":{"k":"minor","n":""},"geometry":{"type":"LineString","coordinates":[[-6.27884,53.34042],[-6.27866,53.34014],[-6.27886,53.3401]]}},{"type":"Feature","properties":{"k":"minor","n":""},"geometry":{"type":"LineString","coordinates":[[-6.26978,53.35135],[-6.26991,53.35138],[-6.27043,53.35154]]}},{"type":"Feature","properties":{"k":"major","n":"Camden Street Lower"},"geometry":{"type":"LineString","coordinates":[[-6.26528,53.33414],[-6.26527,53.33407],[-6.26526,53.33403],[-6.26517,53.33387]]}},{"type":"Feature","properties":{"k":"pedestrian","n":""},"geometry":{"type":"LineString","coordinates":[[-6.2545,53.34714],[-6.25453,53.34721],[-6.25457,53.34729],[-6.25466,53.34745]]}},{"type":"Feature","properties":{"k":"minor","n":""},"geometry":{"type":"LineString","coordinates":[[-6.28169,53.34102],[-6.2817,53.34097],[-6.28172,53.34086],[-6.28166,53.34082],[-6.28159,53.34068]]}},{"type":"Feature","properties":{"k":"minor","n":""},"geometry":{"type":"LineString","coordinates":[[-6.27801,53.33983],[-6.278,53.33977],[-6.27804,53.33935],[-6.27806,53.33918],[-6.27805,53.33907],[-6.27803,53.33902],[-6.27797,53.33896]]}},{"type":"Feature","properties":{"k":"minor","n":""},"geometry":{"type":"LineString","coordinates":[[-6.27981,53.33912],[-6.27977,53.33913],[-6.2796,53.33918],[-6.279,53.33942],[-6.27878,53.33948]]}},{"type":"Feature","properties":{"k":"minor","n":""},"geometry":{"type":"LineString","coordinates":[[-6.28107,53.33442],[-6.28108,53.33445],[-6.28123,53.33483],[-6.28157,53.3356],[-6.28158,53.3357]]}},{"type":"Feature","properties":{"k":"minor","n":""},"geometry":{"type":"LineString","coordinates":[[-6.28091,53.33402],[-6.28069,53.33405],[-6.28024,53.33413]]}},{"type":"Feature","properties":{"k":"minor","n":""},"geometry":{"type":"LineString","coordinates":[[-6.28004,53.33499],[-6.27995,53.33503],[-6.27951,53.33511]]}},{"type":"Feature","properties":{"k":"major","n":"Camden Street Lower"},"geometry":{"type":"LineString","coordinates":[[-6.26526,53.33583],[-6.26521,53.33562],[-6.26521,53.3356],[-6.26521,53.33556],[-6.2652,53.33553],[-6.26521,53.33548]]}},{"type":"Feature","properties":{"k":"minor","n":""},"geometry":{"type":"LineString","coordinates":[[-6.28191,53.33988],[-6.28189,53.33984],[-6.28135,53.33914]]}},{"type":"Feature","properties":{"k":"minor","n":""},"geometry":{"type":"LineString","coordinates":[[-6.2696,53.33423],[-6.26959,53.33415],[-6.26957,53.33405]]}},{"type":"Feature","properties":{"k":"water","n":""},"geometry":{"type":"LineString","coordinates":[[-6.26795,53.34569],[-6.26762,53.34573]]}},{"type":"Feature","properties":{"k":"minor","n":""},"geometry":{"type":"LineString","coordinates":[[-6.24408,53.34206],[-6.24416,53.34176]]}},{"type":"Feature","properties":{"k":"minor","n":""},"geometry":{"type":"LineString","coordinates":[[-6.23668,53.33905],[-6.23665,53.33918]]}},{"type":"Feature","properties":{"k":"minor","n":""},"geometry":{"type":"LineString","coordinates":[[-6.23659,53.33942],[-6.23657,53.33952],[-6.23652,53.33976],[-6.2365,53.3399],[-6.23649,53.33992],[-6.23646,53.34012],[-6.23638,53.34048],[-6.23632,53.34073]]}},{"type":"Feature","properties":{"k":"major","n":"Sarsfield Quay"},"geometry":{"type":"LineString","coordinates":[[-6.28468,53.34701],[-6.28406,53.34699],[-6.28391,53.34699]]}},{"type":"Feature","properties":{"k":"minor","n":""},"geometry":{"type":"LineString","coordinates":[[-6.27043,53.35154],[-6.27036,53.35161],[-6.26999,53.35203],[-6.26972,53.35233],[-6.26969,53.35237]]}},{"type":"Feature","properties":{"k":"major","n":"Berkeley Street"},"geometry":{"type":"LineString","coordinates":[[-6.26813,53.3571],[-6.26804,53.357],[-6.26802,53.35698],[-6.26801,53.35696],[-6.268,53.35694],[-6.26799,53.35692],[-6.26797,53.35687],[-6.26795,53.35681],[-6.26793,53.35677]]}},{"type":"Feature","properties":{"k":"minor","n":""},"geometry":{"type":"LineString","coordinates":[[-6.27067,53.35566],[-6.27078,53.35537]]}},{"type":"Feature","properties":{"k":"minor","n":""},"geometry":{"type":"LineString","coordinates":[[-6.27028,53.35527],[-6.27016,53.35554],[-6.27014,53.35559]]}},{"type":"Feature","properties":{"k":"minor","n":""},"geometry":{"type":"LineString","coordinates":[[-6.27023,53.35583],[-6.2701,53.35581],[-6.27007,53.3558],[-6.27006,53.35578],[-6.27011,53.35563],[-6.27014,53.35559]]}},{"type":"Feature","properties":{"k":"minor","n":""},"geometry":{"type":"LineString","coordinates":[[-6.26643,53.35615],[-6.26658,53.35593],[-6.26665,53.35581],[-6.26669,53.35577]]}},{"type":"Feature","properties":{"k":"minor","n":""},"geometry":{"type":"LineString","coordinates":[[-6.26679,53.35753],[-6.26721,53.35702]]}},{"type":"Feature","properties":{"k":"minor","n":""},"geometry":{"type":"LineString","coordinates":[[-6.26574,53.35694],[-6.26482,53.35667],[-6.26469,53.35663]]}},{"type":"Feature","properties":{"k":"minor","n":""},"geometry":{"type":"LineString","coordinates":[[-6.26639,53.35742],[-6.2668,53.35691]]}},{"type":"Feature","properties":{"k":"minor","n":""},"geometry":{"type":"LineString","coordinates":[[-6.26705,53.35761],[-6.26741,53.35713],[-6.26741,53.35709],[-6.26736,53.35705],[-6.26721,53.35702],[-6.26698,53.35696]]}},{"type":"Feature","properties":{"k":"minor","n":""},"geometry":{"type":"LineString","coordinates":[[-6.26555,53.35718],[-6.26574,53.35694],[-6.26594,53.35668]]}},{"type":"Feature","properties":{"k":"minor","n":""},"geometry":{"type":"LineString","coordinates":[[-6.26597,53.3573],[-6.26638,53.35678]]}},{"type":"Feature","properties":{"k":"pedestrian","n":""},"geometry":{"type":"LineString","coordinates":[[-6.26405,53.34839],[-6.26397,53.3484]]}},{"type":"Feature","properties":{"k":"major","n":"Baggot Street Lower"},"geometry":{"type":"LineString","coordinates":[[-6.24694,53.33535],[-6.24751,53.33574],[-6.24831,53.33627],[-6.24835,53.3363],[-6.24854,53.33643]]}},{"type":"Feature","properties":{"k":"major","n":"Custom House Quay"},"geometry":{"type":"LineString","coordinates":[[-6.25124,53.34829],[-6.25104,53.34828],[-6.24993,53.34821],[-6.24906,53.34817]]}},{"type":"Feature","properties":{"k":"major","n":"Memorial Road"},"geometry":{"type":"LineString","coordinates":[[-6.25145,53.34848],[-6.2515,53.34843],[-6.25151,53.3484],[-6.25152,53.34838],[-6.25154,53.3483]]}},{"type":"Feature","properties":{"k":"major","n":"Beresford Place"},"geometry":{"type":"LineString","coordinates":[[-6.25339,53.34942],[-6.25325,53.34944],[-6.25312,53.34946],[-6.25298,53.34947],[-6.25285,53.34947],[-6.25271,53.34946],[-6.25262,53.34945]]}},{"type":"Feature","properties":{"k":"major","n":"Gardiner Street Upper"},"geometry":{"type":"LineString","coordinates":[[-6.26189,53.35899],[-6.2618,53.35895],[-6.26164,53.35889],[-6.26085,53.35851],[-6.26082,53.35849],[-6.2608,53.35847],[-6.26074,53.35842],[-6.25993,53.35762],[-6.2599,53.35759],[-6.25987,53.35756],[-6.25979,53.35748],[-6.25926,53.35695],[-6.25922,53.3569],[-6.2591,53.35679]]}},{"type":"Feature","properties":{"k":"major","n":"Dorset Street Lower"},"geometry":{"type":"LineString","coordinates":[[-6.26189,53.35899],[-6.26206,53.35885],[-6.26232,53.35864],[-6.26256,53.35845],[-6.26338,53.35782],[-6.26375,53.3575]]}},{"type":"Feature","properties":{"k":"minor","n":""},"geometry":{"type":"LineString","coordinates":[[-6.26698,53.35696],[-6.2668,53.35691],[-6.26638,53.35678]]}},{"type":"Feature","properties":{"k":"pedestrian","n":""},"geometry":{"type":"LineString","coordinates":[[-6.26638,53.35678],[-6.26633,53.35677],[-6.26598,53.35669],[-6.26594,53.35668]]}},{"type":"Feature","properties":{"k":"minor","n":""},"geometry":{"type":"LineString","coordinates":[[-6.26594,53.35668],[-6.26553,53.35657],[-6.2657,53.35636]]}},{"type":"Feature","properties":{"k":"minor","n":""},"geometry":{"type":"LineString","coordinates":[[-6.2671,53.35764],[-6.26707,53.35768],[-6.26702,53.35775]]}},{"type":"Feature","properties":{"k":"minor","n":""},"geometry":{"type":"LineString","coordinates":[[-6.27328,53.35702],[-6.27342,53.35703]]}},{"type":"Feature","properties":{"k":"minor","n":""},"geometry":{"type":"LineString","coordinates":[[-6.27342,53.35703],[-6.27345,53.35703],[-6.27359,53.35703]]}},{"type":"Feature","properties":{"k":"minor","n":""},"geometry":{"type":"LineString","coordinates":[[-6.27308,53.35758],[-6.27318,53.35702],[-6.27317,53.35696],[-6.27313,53.35692],[-6.27313,53.35677]]}},{"type":"Feature","properties":{"k":"minor","n":""},"geometry":{"type":"LineString","coordinates":[[-6.27361,53.35653],[-6.27377,53.35651],[-6.27383,53.3565],[-6.27384,53.3565],[-6.27373,53.35576],[-6.27368,53.35549],[-6.27365,53.35526],[-6.27363,53.35506],[-6.27363,53.35505],[-6.27363,53.35503]]}},{"type":"Feature","properties":{"k":"minor","n":""},"geometry":{"type":"LineString","coordinates":[[-6.27318,53.35702],[-6.27328,53.35702]]}},{"type":"Feature","properties":{"k":"minor","n":""},"geometry":{"type":"LineString","coordinates":[[-6.28174,53.34865],[-6.28178,53.34864],[-6.28184,53.34862],[-6.282,53.34858]]}},{"type":"Feature","properties":{"k":"pedestrian","n":""},"geometry":{"type":"LineString","coordinates":[[-6.24722,53.35059],[-6.24721,53.35064],[-6.2472,53.35067],[-6.24718,53.35079],[-6.24718,53.3508],[-6.24717,53.35087]]}},{"type":"Feature","properties":{"k":"minor","n":""},"geometry":{"type":"LineString","coordinates":[[-6.24672,53.35077],[-6.24669,53.35092]]}},{"type":"Feature","properties":{"k":"pedestrian","n":""},"geometry":{"type":"LineString","coordinates":[[-6.24746,53.35083],[-6.2475,53.35056],[-6.24755,53.35033],[-6.24755,53.35031],[-6.24741,53.3503],[-6.24738,53.3503],[-6.24737,53.35036],[-6.24731,53.35037],[-6.24731,53.35039],[-6.24731,53.35041],[-6.2473,53.35043],[-6.24733,53.35045],[-6.2473,53.35059],[-6.24726,53.35059],[-6.24722,53.35059],[-6.24718,53.35059],[-6.24715,53.35058],[-6.24717,53.35044],[-6.24721,53.35042],[-6.24721,53.3504],[-6.24721,53.35038],[-6.24721,53.35037],[-6.24716,53.35035],[-6.24717,53.35029],[-6.24702,53.35028],[-6.24701,53.3503],[-6.24699,53.35042],[-6.24698,53.3505],[-6.24691,53.35079],[-6.247,53.35079],[-6.24718,53.3508],[-6.24735,53.35082],[-6.24746,53.35083]]}},{"type":"Feature","properties":{"k":"minor","n":""},"geometry":{"type":"LineString","coordinates":[[-6.28766,53.35124],[-6.28754,53.35122],[-6.28711,53.35137],[-6.28666,53.3515],[-6.28653,53.35154],[-6.28561,53.35182],[-6.28501,53.35202],[-6.2848,53.35208],[-6.28431,53.35223],[-6.28405,53.35232],[-6.28399,53.35234],[-6.28392,53.35236]]}},{"type":"Feature","properties":{"k":"minor","n":""},"geometry":{"type":"LineString","coordinates":[[-6.28711,53.35137],[-6.28703,53.35134],[-6.28685,53.35115],[-6.28673,53.35114],[-6.2866,53.35113],[-6.28614,53.35127],[-6.28569,53.35142],[-6.28524,53.35156],[-6.28479,53.3517],[-6.28452,53.35179]]}},{"type":"Feature","properties":{"k":"minor","n":""},"geometry":{"type":"LineString","coordinates":[[-6.24714,53.34228],[-6.24715,53.34225],[-6.24717,53.3422],[-6.2473,53.34171],[-6.24733,53.34156],[-6.24735,53.34149]]}},{"type":"Feature","properties":{"k":"pedestrian","n":""},"geometry":{"type":"LineString","coordinates":[[-6.25703,53.34587],[-6.25715,53.34586],[-6.2572,53.34586],[-6.25718,53.34578],[-6.25718,53.34575],[-6.25718,53.34572],[-6.2572,53.34569],[-6.25725,53.34565],[-6.25724,53.34565],[-6.25719,53.34567],[-6.25711,53.34573],[-6.25708,53.34577],[-6.25706,53.34579],[-6.25704,53.34583],[-6.25703,53.34587]]}},{"type":"Feature","properties":{"k":"minor","n":""},"geometry":{"type":"LineString","coordinates":[[-6.23563,53.35159],[-6.23555,53.35159],[-6.23537,53.35156],[-6.23529,53.35154],[-6.23499,53.35141],[-6.23458,53.35122],[-6.23446,53.35117],[-6.23426,53.35108]]}},{"type":"Feature","properties":{"k":"minor","n":""},"geometry":{"type":"LineString","coordinates":[[-6.27835,53.33703],[-6.27826,53.33689],[-6.27815,53.33664]]}},{"type":"Feature","properties":{"k":"pedestrian","n":""},"geometry":{"type":"LineString","coordinates":[[-6.2648,53.34909],[-6.26482,53.34913]]}},{"type":"Feature","properties":{"k":"pedestrian","n":""},"geometry":{"type":"LineString","coordinates":[[-6.2628,53.3505],[-6.26292,53.35046]]}},{"type":"Feature","properties":{"k":"pedestrian","n":""},"geometry":{"type":"LineString","coordinates":[[-6.24194,53.335],[-6.24118,53.33418],[-6.24089,53.33386],[-6.24083,53.3338]]}},{"type":"Feature","properties":{"k":"minor","n":""},"geometry":{"type":"LineString","coordinates":[[-6.23792,53.33699],[-6.23795,53.33705]]}},{"type":"Feature","properties":{"k":"minor","n":""},"geometry":{"type":"LineString","coordinates":[[-6.25915,53.34191],[-6.2589,53.34188],[-6.25818,53.34181],[-6.25809,53.3418],[-6.25809,53.3418]]}},{"type":"Feature","properties":{"k":"water","n":""},"geometry":{"type":"Polygon","coordinates":[[[-6.239,53.34006],[-6.23903,53.33987],[-6.23914,53.33929],[-6.23914,53.33926],[-6.23914,53.33924],[-6.2391,53.3392],[-6.23906,53.33916],[-6.23851,53.33882],[-6.23856,53.33865],[-6.23865,53.33867],[-6.23873,53.3387],[-6.23875,53.33874],[-6.23876,53.33875],[-6.23879,53.33877],[-6.23884,53.33879],[-6.23935,53.33897],[-6.23913,53.34012],[-6.23906,53.34009],[-6.239,53.34006]]]}},{"type":"Feature","properties":{"k":"pedestrian","n":""},"geometry":{"type":"LineString","coordinates":[[-6.23952,53.33947],[-6.23962,53.33948],[-6.23986,53.33959],[-6.24009,53.33968],[-6.23993,53.3398],[-6.23958,53.33965],[-6.23949,53.33962]]}},{"type":"Feature","properties":{"k":"minor","n":""},"geometry":{"type":"LineString","coordinates":[[-6.2345,53.34482],[-6.23458,53.34483],[-6.23606,53.34493],[-6.23618,53.34495],[-6.23694,53.345],[-6.23708,53.34501],[-6.2372,53.34502],[-6.23807,53.34508],[-6.2382,53.34509]]}},{"type":"Feature","properties":{"k":"pedestrian","n":""},"geometry":{"type":"LineString","coordinates":[[-6.23867,53.34215],[-6.23881,53.34216],[-6.23888,53.34187],[-6.23893,53.34163],[-6.2388,53.34162],[-6.23878,53.34162],[-6.23877,53.34167],[-6.23874,53.34184],[-6.23873,53.34186],[-6.23873,53.34187],[-6.23867,53.34215]]}},{"type":"Feature","properties":{"k":"minor","n":""},"geometry":{"type":"LineString","coordinates":[[-6.26725,53.35849],[-6.2672,53.35848],[-6.26715,53.35846],[-6.26707,53.35844],[-6.26605,53.35814],[-6.26558,53.358],[-6.26547,53.35797],[-6.26544,53.35796],[-6.26494,53.35781],[-6.26473,53.35775],[-6.26386,53.35754]]}},{"type":"Feature","properties":{"k":"pedestrian","n":""},"geometry":{"type":"LineString","coordinates":[[-6.25899,53.34111],[-6.25901,53.34106]]}},{"type":"Feature","properties":{"k":"pedestrian","n":""},"geometry":{"type":"LineString","coordinates":[[-6.25905,53.34144],[-6.25911,53.34123],[-6.25896,53.34121],[-6.25897,53.34119]]}},{"type":"Feature","properties":{"k":"pedestrian","n":""},"geometry":{"type":"LineString","coordinates":[[-6.25897,53.34119],[-6.25899,53.34111]]}},{"type":"Feature","properties":{"k":"minor","n":""},"geometry":{"type":"LineString","coordinates":[[-6.25843,53.35382],[-6.25848,53.35387],[-6.25868,53.3541],[-6.2588,53.35423],[-6.25907,53.35448]]}},{"type":"Feature","properties":{"k":"minor","n":""},"geometry":{"type":"LineString","coordinates":[[-6.24217,53.34101],[-6.24254,53.34104],[-6.24262,53.34105],[-6.24271,53.34105],[-6.24314,53.34114],[-6.24338,53.34119]]}},{"type":"Feature","properties":{"k":"minor","n":""},"geometry":{"type":"LineString","coordinates":[[-6.24253,53.3424],[-6.24261,53.34214]]}},{"type":"Feature","properties":{"k":"minor","n":""},"geometry":{"type":"LineString","coordinates":[[-6.2413,53.34198],[-6.24154,53.34201],[-6.24212,53.34208],[-6.24261,53.34214],[-6.24276,53.34215],[-6.24316,53.3422],[-6.24326,53.34219],[-6.24331,53.34216]]}},{"type":"Feature","properties":{"k":"major","n":"Matt Talbot Memorial Bridge"},"geometry":{"type":"LineString","coordinates":[[-6.25154,53.3483],[-6.25155,53.34824]]}},{"type":"Feature","properties":{"k":"major","n":"Memorial Road"},"geometry":{"type":"LineString","coordinates":[[-6.25153,53.3489],[-6.25149,53.34883],[-6.25147,53.34877],[-6.25146,53.3487],[-6.25145,53.34861],[-6.25145,53.34848]]}},{"type":"Feature","properties":{"k":"major","n":"Memorial Road"},"geometry":{"type":"LineString","coordinates":[[-6.25152,53.34906],[-6.25153,53.349],[-6.25153,53.34897],[-6.25153,53.3489]]}},{"type":"Feature","properties":{"k":"major","n":"Memorial Road"},"geometry":{"type":"LineString","coordinates":[[-6.25232,53.3494],[-6.25228,53.3494],[-6.2522,53.34939],[-6.25217,53.34939]]}},{"type":"Feature","properties":{"k":"major","n":"Beresford Place"},"geometry":{"type":"LineString","coordinates":[[-6.2548,53.34909],[-6.25476,53.34917],[-6.25473,53.3492]]}},{"type":"Feature","properties":{"k":"minor","n":""},"geometry":{"type":"LineString","coordinates":[[-6.25968,53.35337],[-6.25963,53.35334],[-6.2596,53.3533],[-6.25957,53.35325],[-6.25952,53.35317],[-6.2593,53.35266],[-6.25922,53.3525],[-6.25916,53.35237]]}},{"type":"Feature","properties":{"k":"minor","n":""},"geometry":{"type":"LineString","coordinates":[[-6.2593,53.35266],[-6.25936,53.35265],[-6.25941,53.35264],[-6.25963,53.35254],[-6.25982,53.35246],[-6.26001,53.35237]]}},{"type":"Feature","properties":{"k":"minor","n":""},"geometry":{"type":"LineString","coordinates":[[-6.25638,53.3519],[-6.25661,53.35226],[-6.25664,53.35227],[-6.25668,53.35227],[-6.25704,53.3522],[-6.25722,53.35248],[-6.25734,53.35269],[-6.25738,53.35275]]}},{"type":"Feature","properties":{"k":"minor","n":""},"geometry":{"type":"LineString","coordinates":[[-6.25916,53.35237],[-6.25912,53.35227],[-6.25885,53.35164],[-6.25881,53.35154],[-6.25868,53.35124],[-6.25856,53.35095]]}},{"type":"Feature","properties":{"k":"minor","n":""},"geometry":{"type":"LineString","coordinates":[[-6.25873,53.35458],[-6.25839,53.35467],[-6.25757,53.35489],[-6.25751,53.35491],[-6.25741,53.35494]]}},{"type":"Feature","properties":{"k":"minor","n":""},"geometry":{"type":"LineString","coordinates":[[-6.25979,53.35748],[-6.25971,53.35751],[-6.25924,53.35768],[-6.25895,53.35778],[-6.25862,53.3579],[-6.25799,53.35813]]}},{"type":"Feature","properties":{"k":"minor","n":""},"geometry":{"type":"LineString","coordinates":[[-6.27308,53.34068],[-6.27343,53.34064]]}},{"type":"Feature","properties":{"k":"minor","n":""},"geometry":{"type":"LineString","coordinates":[[-6.27293,53.34056],[-6.27287,53.34034]]}},{"type":"Feature","properties":{"k":"minor","n":""},"geometry":{"type":"LineString","coordinates":[[-6.25241,53.33239],[-6.25207,53.3325],[-6.2517,53.33261],[-6.2515,53.33267],[-6.2501,53.33308],[-6.25005,53.33309],[-6.25,53.33312],[-6.24996,53.33315],[-6.24992,53.33319],[-6.24989,53.33324]]}},{"type":"Feature","properties":{"k":"major","n":"Ringsend Road"},"geometry":{"type":"LineString","coordinates":[[-6.23541,53.34202],[-6.23521,53.342],[-6.23507,53.34198],[-6.23497,53.34197],[-6.23453,53.34191],[-6.23432,53.34188],[-6.23353,53.34179],[-6.23307,53.34173],[-6.23142,53.34151]]}},{"type":"Feature","properties":{"k":"minor","n":""},"geometry":{"type":"LineString","coordinates":[[-6.2568,53.35287],[-6.25738,53.35275],[-6.25751,53.35272]]}},{"type":"Feature","properties":{"k":"minor","n":""},"geometry":{"type":"LineString","coordinates":[[-6.26375,53.3575],[-6.26386,53.35754]]}},{"type":"Feature","properties":{"k":"minor","n":""},"geometry":{"type":"LineString","coordinates":[[-6.28479,53.3517],[-6.28404,53.3508]]}},{"type":"Feature","properties":{"k":"minor","n":""},"geometry":{"type":"LineString","coordinates":[[-6.2848,53.35208],[-6.28452,53.35179],[-6.28441,53.35168],[-6.28437,53.35166],[-6.28433,53.35166],[-6.28424,53.35167],[-6.28421,53.35167],[-6.28419,53.35165],[-6.28367,53.35102],[-6.28364,53.35096],[-6.28364,53.35093]]}},{"type":"Feature","properties":{"k":"minor","n":""},"geometry":{"type":"LineString","coordinates":[[-6.28452,53.35066],[-6.28404,53.3508],[-6.28365,53.35091],[-6.28364,53.35093]]}},{"type":"Feature","properties":{"k":"major","n":"Stoneybatter"},"geometry":{"type":"LineString","coordinates":[[-6.28172,53.35003],[-6.28174,53.35008],[-6.28176,53.35015],[-6.28182,53.3503],[-6.28185,53.35039]]}},{"type":"Feature","properties":{"k":"major","n":"Stoneybatter"},"geometry":{"type":"LineString","coordinates":[[-6.28185,53.35039],[-6.28186,53.35043],[-6.28191,53.35051],[-6.28192,53.35053],[-6.28199,53.35062],[-6.28203,53.35067],[-6.28211,53.35073],[-6.28212,53.35074],[-6.28221,53.3508],[-6.2823,53.35085],[-6.28245,53.35095],[-6.28258,53.35104],[-6.28263,53.35108],[-6.28268,53.35112],[-6.28276,53.35119]]}},{"type":"Feature","properties":{"k":"minor","n":""},"geometry":{"type":"LineString","coordinates":[[-6.25953,53.34845],[-6.25934,53.34847],[-6.25901,53.34853],[-6.25877,53.34857]]}},{"type":"Feature","properties":{"k":"pedestrian","n":""},"geometry":{"type":"LineString","coordinates":[[-6.26442,53.34915],[-6.26332,53.34933],[-6.26197,53.34954],[-6.2616,53.3496],[-6.26099,53.34969],[-6.26057,53.34976],[-6.2604,53.34979]]}},{"type":"Feature","properties":{"k":"major","n":"Essex Quay"},"geometry":{"type":"LineString","coordinates":[[-6.26775,53.34533],[-6.26888,53.34523]]}},{"type":"Feature","properties":{"k":"minor","n":""},"geometry":{"type":"LineString","coordinates":[[-6.27015,53.34383],[-6.27014,53.34379],[-6.27013,53.34377],[-6.27013,53.34377],[-6.27013,53.34374]]}},{"type":"Feature","properties":{"k":"minor","n":""},"geometry":{"type":"LineString","coordinates":[[-6.25513,53.35061],[-6.25538,53.35057],[-6.25564,53.35053],[-6.25628,53.35044],[-6.25754,53.35025],[-6.25809,53.35016],[-6.25812,53.35015],[-6.25815,53.35015],[-6.25821,53.35013]]}},{"type":"Feature","properties":{"k":"major","n":"George's Quay"},"geometry":{"type":"LineString","coordinates":[[-6.255,53.34745],[-6.25517,53.34746],[-6.25544,53.34746],[-6.25581,53.34747],[-6.25594,53.34746]]}},{"type":"Feature","properties":{"k":"major","n":"Matt Talbot Memorial Bridge"},"geometry":{"type":"LineString","coordinates":[[-6.25158,53.34814],[-6.25161,53.34804]]}},{"type":"Feature","properties":{"k":"minor","n":""},"geometry":{"type":"LineString","coordinates":[[-6.25248,53.33931],[-6.25277,53.33902],[-6.25283,53.33896],[-6.25286,53.33892],[-6.25287,53.33891],[-6.25292,53.33886],[-6.25311,53.33865],[-6.25326,53.33849],[-6.25333,53.33841],[-6.25349,53.33825],[-6.25352,53.33822],[-6.25353,53.33822],[-6.25356,53.3382],[-6.25363,53.33815]]}},{"type":"Feature","properties":{"k":"minor","n":""},"geometry":{"type":"LineString","coordinates":[[-6.27695,53.33196],[-6.27698,53.33204],[-6.27695,53.33226],[-6.27688,53.33275],[-6.27682,53.33307],[-6.27676,53.33342],[-6.27667,53.33415],[-6.27668,53.33417],[-6.27668,53.3342]]}},{"type":"Feature","properties":{"k":"minor","n":""},"geometry":{"type":"LineString","coordinates":[[-6.27784,53.33178],[-6.27788,53.33187],[-6.27785,53.33205],[-6.27782,53.33225],[-6.27777,53.3326],[-6.27764,53.33352],[-6.27758,53.33408],[-6.27757,53.33408],[-6.27757,53.33411]]}},{"type":"Feature","properties":{"k":"minor","n":""},"geometry":{"type":"LineString","coordinates":[[-6.2693,53.33815],[-6.26922,53.3379],[-6.26917,53.33765]]}},{"type":"Feature","properties":{"k":"minor","n":""},"geometry":{"type":"LineString","coordinates":[[-6.26917,53.33765],[-6.26912,53.3374],[-6.2691,53.33725],[-6.26901,53.33672],[-6.26893,53.3362]]}},{"type":"Feature","properties":{"k":"minor","n":""},"geometry":{"type":"LineString","coordinates":[[-6.2829,53.3493],[-6.28387,53.34937],[-6.28393,53.3494],[-6.28397,53.34943],[-6.28403,53.34956]]}},{"type":"Feature","properties":{"k":"minor","n":""},"geometry":{"type":"LineString","coordinates":[[-6.27602,53.33907],[-6.27597,53.33939],[-6.27593,53.33962],[-6.27592,53.33968]]}},{"type":"Feature","properties":{"k":"minor","n":""},"geometry":{"type":"LineString","coordinates":[[-6.27797,53.33896],[-6.27787,53.33894],[-6.27771,53.33895],[-6.27689,53.33901],[-6.27657,53.33902],[-6.2761,53.33903],[-6.27602,53.33907]]}},{"type":"Feature","properties":{"k":"minor","n":""},"geometry":{"type":"LineString","coordinates":[[-6.27804,53.33935],[-6.27838,53.33936],[-6.27857,53.33937]]}},{"type":"Feature","properties":{"k":"minor","n":""},"geometry":{"type":"LineString","coordinates":[[-6.27693,53.33977],[-6.27701,53.33943]]}},{"type":"Feature","properties":{"k":"minor","n":""},"geometry":{"type":"LineString","coordinates":[[-6.2798,53.34197],[-6.28002,53.34196],[-6.28013,53.34193],[-6.28032,53.34192]]}},{"type":"Feature","properties":{"k":"minor","n":""},"geometry":{"type":"LineString","coordinates":[[-6.27184,53.34354],[-6.27181,53.34383],[-6.27181,53.34392],[-6.27183,53.34407],[-6.27184,53.34411],[-6.27185,53.34417]]}},{"type":"Feature","properties":{"k":"minor","n":""},"geometry":{"type":"LineString","coordinates":[[-6.26543,53.35351],[-6.26534,53.35362],[-6.26521,53.35371],[-6.26409,53.35416]]}},{"type":"Feature","properties":{"k":"minor","n":""},"geometry":{"type":"LineString","coordinates":[[-6.25496,53.35685],[-6.25544,53.35735],[-6.25557,53.35749],[-6.25594,53.35788]]}},{"type":"Feature","properties":{"k":"minor","n":""},"geometry":{"type":"LineString","coordinates":[[-6.25506,53.3575],[-6.25544,53.35735]]}},{"type":"Feature","properties":{"k":"minor","n":""},"geometry":{"type":"LineString","coordinates":[[-6.25444,53.34681],[-6.25451,53.34682],[-6.25469,53.34682],[-6.25511,53.34683]]}},{"type":"Feature","properties":{"k":"minor","n":""},"geometry":{"type":"LineString","coordinates":[[-6.256,53.35647],[-6.25589,53.35651],[-6.25535,53.35671],[-6.2551,53.3568],[-6.25496,53.35685],[-6.25468,53.35695],[-6.2546,53.35698],[-6.25429,53.35709],[-6.25418,53.35713],[-6.25401,53.3572],[-6.25379,53.35728],[-6.2536,53.35736],[-6.2529,53.35761],[-6.25264,53.35771],[-6.25255,53.35774]]}},{"type":"Feature","properties":{"k":"minor","n":""},"geometry":{"type":"LineString","coordinates":[[-6.25313,53.35667],[-6.25343,53.35655],[-6.25354,53.35651]]}},{"type":"Feature","properties":{"k":"minor","n":""},"geometry":{"type":"LineString","coordinates":[[-6.25418,53.35713],[-6.25364,53.3566],[-6.25354,53.35651],[-6.25324,53.3562]]}},{"type":"Feature","properties":{"k":"minor","n":""},"geometry":{"type":"LineString","coordinates":[[-6.25103,53.35765],[-6.25107,53.3576],[-6.25109,53.35756],[-6.25115,53.35752],[-6.25141,53.35741],[-6.2518,53.35725],[-6.25196,53.35719],[-6.25303,53.35674]]}},{"type":"Feature","properties":{"k":"minor","n":""},"geometry":{"type":"LineString","coordinates":[[-6.28441,53.34594],[-6.28422,53.34591],[-6.28402,53.34588],[-6.28289,53.34572],[-6.2826,53.34567],[-6.28253,53.34564],[-6.2823,53.34559],[-6.28199,53.34555],[-6.28153,53.34547],[-6.28097,53.34539]]}},{"type":"Feature","properties":{"k":"minor","n":""},"geometry":{"type":"LineString","coordinates":[[-6.28414,53.34652],[-6.28416,53.34646],[-6.28441,53.34594],[-6.28445,53.34586],[-6.28462,53.34548],[-6.28466,53.34537],[-6.28477,53.34513],[-6.28478,53.3451],[-6.28481,53.34502],[-6.28484,53.34493],[-6.28484,53.34484],[-6.28484,53.34426],[-6.28484,53.34415],[-6.28484,53.34403],[-6.28485,53.34358],[-6.28486,53.34349]]}},{"type":"Feature","properties":{"k":"major","n":"New Street South"},"geometry":{"type":"LineString","coordinates":[[-6.27265,53.33842],[-6.27265,53.33848],[-6.27266,53.33851]]}},{"type":"Feature","properties":{"k":"major","n":"Clanbrassil Street Lower"},"geometry":{"type":"LineString","coordinates":[[-6.27355,53.33563],[-6.27347,53.33576],[-6.2734,53.33588],[-6.27318,53.33632]]}},{"type":"Feature","properties":{"k":"major","n":"Christchurch Place"},"geometry":{"type":"LineString","coordinates":[[-6.2718,53.34295],[-6.27151,53.34298],[-6.27101,53.34304]]}},{"type":"Feature","properties":{"k":"minor","n":""},"geometry":{"type":"LineString","coordinates":[[-6.27875,53.3316],[-6.27878,53.33168],[-6.27873,53.33204],[-6.27872,53.3321],[-6.27864,53.33252],[-6.27857,53.33291],[-6.27852,53.33343],[-6.2785,53.33353],[-6.2785,53.33356],[-6.27852,53.3336],[-6.27855,53.33363]]}},{"type":"Feature","properties":{"k":"major","n":"Bridgefoot Street"},"geometry":{"type":"LineString","coordinates":[[-6.28137,53.34322],[-6.28134,53.34331],[-6.28133,53.34338],[-6.28125,53.34375]]}},{"type":"Feature","properties":{"k":"minor","n":""},"geometry":{"type":"LineString","coordinates":[[-6.27699,53.34415],[-6.27662,53.34415],[-6.27633,53.34415]]}},{"type":"Feature","properties":{"k":"major","n":"The Coombe"},"geometry":{"type":"LineString","coordinates":[[-6.2744,53.33932],[-6.27359,53.33916]]}},{"type":"Feature","properties":{"k":"pedestrian","n":""},"geometry":{"type":"LineString","coordinates":[[-6.26419,53.34867],[-6.26408,53.34844],[-6.26405,53.34839],[-6.26384,53.34794],[-6.26383,53.34793]]}},{"type":"Feature","properties":{"k":"park","n":""},"geometry":{"type":"Polygon","coordinates":[[[-6.24821,53.34621],[-6.24824,53.34612],[-6.24833,53.34613],[-6.24832,53.34617],[-6.24835,53.34617],[-6.24838,53.34617],[-6.24838,53.3462],[-6.24851,53.34621],[-6.2484,53.34657],[-6.24834,53.34657],[-6.24834,53.3466],[-6.24848,53.34661],[-6.24843,53.34678],[-6.24821,53.34675],[-6.24815,53.34674],[-6.24809,53.34673],[-6.24803,53.34669],[-6.24803,53.34666],[-6.24802,53.34661],[-6.24821,53.34621]]]}},{"type":"Feature","properties":{"k":"minor","n":""},"geometry":{"type":"LineString","coordinates":[[-6.26226,53.34395],[-6.26236,53.34392],[-6.2637,53.34387],[-6.26378,53.34386],[-6.26445,53.34384]]}},{"type":"Feature","properties":{"k":"major","n":"Mount Street Lower"},"geometry":{"type":"LineString","coordinates":[[-6.24523,53.33921],[-6.24515,53.33918],[-6.24481,53.33907],[-6.2444,53.33893],[-6.24393,53.33878],[-6.24365,53.33869],[-6.24353,53.33865],[-6.24336,53.33859],[-6.24325,53.33855],[-6.24234,53.33825],[-6.24223,53.33822],[-6.24222,53.33821],[-6.24216,53.33819],[-6.24211,53.33817],[-6.24176,53.33806],[-6.24155,53.33799],[-6.24132,53.33791],[-6.24106,53.33783],[-6.24082,53.33775],[-6.24077,53.33773],[-6.24074,53.33772],[-6.2406,53.33767]]}},{"type":"Feature","properties":{"k":"major","n":"Northumberland Road"},"geometry":{"type":"LineString","coordinates":[[-6.23813,53.33614],[-6.23805,53.33605],[-6.23804,53.33604],[-6.23783,53.33574]]}},{"type":"Feature","properties":{"k":"minor","n":""},"geometry":{"type":"LineString","coordinates":[[-6.23587,53.34582],[-6.23429,53.3457],[-6.2331,53.34561],[-6.2324,53.34555],[-6.23166,53.34549],[-6.23099,53.34544],[-6.23078,53.34541],[-6.23074,53.34541]]}},{"type":"Feature","properties":{"k":"minor","n":""},"geometry":{"type":"LineString","coordinates":[[-6.27231,53.34222],[-6.27248,53.34225],[-6.27264,53.34228],[-6.27292,53.34239],[-6.27314,53.34248],[-6.27318,53.3425]]}},{"type":"Feature","properties":{"k":"minor","n":""},"geometry":{"type":"LineString","coordinates":[[-6.27627,53.33425],[-6.27617,53.33427],[-6.2761,53.33432],[-6.27605,53.33443]]}},{"type":"Feature","properties":{"k":"major","n":"Bridge Street Upper"},"geometry":{"type":"LineString","coordinates":[[-6.27508,53.34335],[-6.27524,53.34344],[-6.27538,53.34352]]}},{"type":"Feature","properties":{"k":"minor","n":""},"geometry":{"type":"LineString","coordinates":[[-6.27136,53.33232],[-6.27137,53.33238],[-6.27137,53.33239],[-6.27152,53.33353],[-6.27153,53.33357]]}},{"type":"Feature","properties":{"k":"minor","n":""},"geometry":{"type":"LineString","coordinates":[[-6.28138,53.33748],[-6.28126,53.33751],[-6.28111,53.33753],[-6.28054,53.33764],[-6.28027,53.33769],[-6.27936,53.33786],[-6.27903,53.33793],[-6.27895,53.33794]]}},{"type":"Feature","properties":{"k":"minor","n":""},"geometry":{"type":"LineString","coordinates":[[-6.27186,53.3442],[-6.27196,53.3442],[-6.27197,53.3442],[-6.27222,53.3442],[-6.27234,53.3442],[-6.27282,53.34419],[-6.27295,53.34419],[-6.27328,53.34419],[-6.2735,53.34418],[-6.27405,53.34417],[-6.27423,53.34417],[-6.27511,53.34416]]}},{"type":"Feature","properties":{"k":"minor","n":""},"geometry":{"type":"LineString","coordinates":[[-6.2737,53.34156],[-6.2741,53.34148],[-6.27423,53.34175]]}},{"type":"Feature","properties":{"k":"minor","n":""},"geometry":{"type":"LineString","coordinates":[[-6.27096,53.33415],[-6.271,53.33438],[-6.27103,53.33461],[-6.27112,53.33502],[-6.27112,53.33505]]}},{"type":"Feature","properties":{"k":"minor","n":""},"geometry":{"type":"LineString","coordinates":[[-6.27238,53.34096],[-6.27313,53.34098]]}},{"type":"Feature","properties":{"k":"minor","n":""},"geometry":{"type":"LineString","coordinates":[[-6.27033,53.33365],[-6.27033,53.33361],[-6.27017,53.33244],[-6.27017,53.33244],[-6.27017,53.33238]]}},{"type":"Feature","properties":{"k":"minor","n":""},"geometry":{"type":"LineString","coordinates":[[-6.27252,53.33218],[-6.27253,53.33223],[-6.27261,53.33288],[-6.27263,53.33297],[-6.27269,53.33349],[-6.2727,53.33357],[-6.27272,53.33373],[-6.27273,53.33377],[-6.27277,53.334],[-6.27277,53.33404]]}},{"type":"Feature","properties":{"k":"minor","n":""},"geometry":{"type":"LineString","coordinates":[[-6.27605,53.34299],[-6.27574,53.34261],[-6.27537,53.34218],[-6.27521,53.34195]]}},{"type":"Feature","properties":{"k":"minor","n":""},"geometry":{"type":"LineString","coordinates":[[-6.27823,53.34055],[-6.27879,53.34043],[-6.27884,53.34042],[-6.27935,53.34031]]}},{"type":"Feature","properties":{"k":"minor","n":""},"geometry":{"type":"LineString","coordinates":[[-6.27955,53.34027],[-6.27989,53.34019],[-6.28001,53.34016],[-6.28049,53.34005],[-6.28055,53.34004]]}},{"type":"Feature","properties":{"k":"minor","n":""},"geometry":{"type":"LineString","coordinates":[[-6.27922,53.33353],[-6.27927,53.33356],[-6.2793,53.33358],[-6.27933,53.33361],[-6.27938,53.33365],[-6.27943,53.33372],[-6.27948,53.33371],[-6.27954,53.33369],[-6.27973,53.33361],[-6.28048,53.3332]]}},{"type":"Feature","properties":{"k":"minor","n":""},"geometry":{"type":"LineString","coordinates":[[-6.27922,53.33353],[-6.2792,53.33351],[-6.27918,53.3335],[-6.27904,53.33343],[-6.27898,53.33341],[-6.2789,53.33341],[-6.27884,53.33343],[-6.27879,53.33346],[-6.27867,53.33354],[-6.27855,53.33363],[-6.27824,53.33387],[-6.2781,53.33398],[-6.27805,53.33399],[-6.27787,53.33405],[-6.27764,53.3341],[-6.27757,53.33411],[-6.27742,53.33413],[-6.2771,53.33415],[-6.27685,53.33418],[-6.27668,53.3342],[-6.27627,53.33425]]}},{"type":"Feature","properties":{"k":"minor","n":""},"geometry":{"type":"LineString","coordinates":[[-6.27313,53.33489],[-6.27292,53.33508],[-6.27289,53.3351],[-6.27285,53.33511],[-6.27279,53.33511],[-6.27171,53.33504],[-6.27148,53.33504]]}},{"type":"Feature","properties":{"k":"minor","n":""},"geometry":{"type":"LineString","coordinates":[[-6.27318,53.3425],[-6.27361,53.34219],[-6.27367,53.34217],[-6.27377,53.34215]]}},{"type":"Feature","properties":{"k":"minor","n":""},"geometry":{"type":"LineString","coordinates":[[-6.28224,53.33895],[-6.28207,53.33897],[-6.28135,53.33914],[-6.28086,53.33926],[-6.28077,53.33929],[-6.28018,53.33945],[-6.28011,53.33947]]}},{"type":"Feature","properties":{"k":"minor","n":""},"geometry":{"type":"LineString","coordinates":[[-6.2771,53.34288],[-6.27714,53.34295],[-6.27742,53.34343],[-6.27748,53.34356],[-6.27757,53.34394],[-6.27761,53.34416]]}},{"type":"Feature","properties":{"k":"minor","n":""},"geometry":{"type":"LineString","coordinates":[[-6.27797,53.3428],[-6.27801,53.34307],[-6.27804,53.34323],[-6.27803,53.34333],[-6.27802,53.34337],[-6.278,53.34341],[-6.27795,53.34343],[-6.27787,53.34346],[-6.27777,53.34349],[-6.27748,53.34356],[-6.27675,53.34377]]}},{"type":"Feature","properties":{"k":"minor","n":""},"geometry":{"type":"LineString","coordinates":[[-6.27482,53.33411],[-6.27472,53.3341],[-6.27468,53.33409],[-6.27434,53.33402],[-6.27408,53.33398],[-6.274,53.33397],[-6.27392,53.33397],[-6.27381,53.33397],[-6.27361,53.33398],[-6.27343,53.33399],[-6.27331,53.334],[-6.27284,53.33403],[-6.27277,53.33404],[-6.2727,53.33404],[-6.27131,53.33412],[-6.27096,53.33415],[-6.26968,53.33422],[-6.2696,53.33423]]}},{"type":"Feature","properties":{"k":"minor","n":""},"geometry":{"type":"LineString","coordinates":[[-6.27502,53.3364],[-6.27496,53.3364],[-6.27412,53.33636],[-6.27368,53.33634],[-6.27325,53.33633],[-6.27318,53.33632]]}},{"type":"Feature","properties":{"k":"major","n":"Marrowbone Lane"},"geometry":{"type":"LineString","coordinates":[[-6.28182,53.34138],[-6.28185,53.34133],[-6.28189,53.34125],[-6.28195,53.34118],[-6.282,53.34112],[-6.28206,53.34107]]}},{"type":"Feature","properties":{"k":"minor","n":""},"geometry":{"type":"LineString","coordinates":[[-6.27103,53.33461],[-6.271,53.33461],[-6.26976,53.33469],[-6.26969,53.33469]]}},{"type":"Feature","properties":{"k":"minor","n":""},"geometry":{"type":"LineString","coordinates":[[-6.28107,53.34076],[-6.28101,53.34077],[-6.28054,53.34086],[-6.28022,53.34091],[-6.28018,53.34092],[-6.27989,53.34097],[-6.27927,53.34108],[-6.27888,53.34115]]}},{"type":"Feature","properties":{"k":"minor","n":""},"geometry":{"type":"LineString","coordinates":[[-6.27801,53.33983],[-6.27802,53.33989],[-6.27805,53.34007],[-6.27806,53.34017],[-6.27807,53.34021],[-6.27811,53.3403],[-6.27813,53.34037],[-6.27823,53.34055],[-6.27838,53.34086],[-6.27858,53.3412]]}},{"type":"Feature","properties":{"k":"minor","n":""},"geometry":{"type":"LineString","coordinates":[[-6.27322,53.33908],[-6.27325,53.33903],[-6.27327,53.33899],[-6.27335,53.33886],[-6.27346,53.33868],[-6.27357,53.33854],[-6.27367,53.33846],[-6.27382,53.33834],[-6.27428,53.33797],[-6.27444,53.33785],[-6.27461,53.33774],[-6.27486,53.33754],[-6.27499,53.33745],[-6.2751,53.33737],[-6.27513,53.33736],[-6.27519,53.33732]]}},{"type":"Feature","properties":{"k":"minor","n":""},"geometry":{"type":"LineString","coordinates":[[-6.27895,53.33794],[-6.27886,53.33795],[-6.27884,53.33795],[-6.27841,53.33798],[-6.27782,53.33798]]}},{"type":"Feature","properties":{"k":"minor","n":""},"geometry":{"type":"LineString","coordinates":[[-6.28181,53.33819],[-6.28178,53.33813],[-6.28177,53.33811],[-6.28166,53.33793],[-6.28161,53.33786],[-6.28138,53.33748]]}},{"type":"Feature","properties":{"k":"minor","n":""},"geometry":{"type":"LineString","coordinates":[[-6.28035,53.33682],[-6.28078,53.33696],[-6.281,53.33702],[-6.28107,53.33704]]}},{"type":"Feature","properties":{"k":"minor","n":""},"geometry":{"type":"LineString","coordinates":[[-6.27996,53.33725],[-6.27999,53.33729],[-6.28001,53.33735],[-6.28008,53.33748]]}},{"type":"Feature","properties":{"k":"minor","n":""},"geometry":{"type":"LineString","coordinates":[[-6.27958,53.33659],[-6.27964,53.33661],[-6.27969,53.33662],[-6.27997,53.3367],[-6.28035,53.33682]]}},{"type":"Feature","properties":{"k":"minor","n":""},"geometry":{"type":"LineString","coordinates":[[-6.27269,53.33349],[-6.27262,53.3335],[-6.27241,53.33351],[-6.27211,53.33353],[-6.27153,53.33357],[-6.27076,53.33362],[-6.27033,53.33365]]}},{"type":"Feature","properties":{"k":"minor","n":""},"geometry":{"type":"LineString","coordinates":[[-6.28206,53.34107],[-6.282,53.34105],[-6.28198,53.34105],[-6.28191,53.34103],[-6.28181,53.34103],[-6.28169,53.34102],[-6.28137,53.34101],[-6.28132,53.341],[-6.28128,53.341],[-6.28124,53.34098],[-6.28121,53.34097],[-6.28119,53.34095],[-6.28117,53.34093],[-6.28107,53.34076]]}},{"type":"Feature","properties":{"k":"minor","n":""},"geometry":{"type":"LineString","coordinates":[[-6.27361,53.3419],[-6.27333,53.34196],[-6.27327,53.34195],[-6.27315,53.34189]]}},{"type":"Feature","properties":{"k":"minor","n":""},"geometry":{"type":"LineString","coordinates":[[-6.27949,53.34034],[-6.27989,53.34097]]}},{"type":"Feature","properties":{"k":"minor","n":""},"geometry":{"type":"LineString","coordinates":[[-6.27909,53.33972],[-6.27941,53.34022]]}},{"type":"Feature","properties":{"k":"minor","n":""},"geometry":{"type":"LineString","coordinates":[[-6.27221,53.3419],[-6.27147,53.34189],[-6.27021,53.34187],[-6.27002,53.34186]]}},{"type":"Feature","properties":{"k":"minor","n":""},"geometry":{"type":"LineString","coordinates":[[-6.28325,53.34061],[-6.28323,53.34057],[-6.28318,53.34046],[-6.28305,53.34023],[-6.28275,53.3397],[-6.28277,53.33965],[-6.28277,53.33964],[-6.28256,53.33923],[-6.28255,53.33921],[-6.28254,53.33919],[-6.28243,53.33901],[-6.28237,53.33895],[-6.28224,53.33895]]}},{"type":"Feature","properties":{"k":"major","n":"The Coombe"},"geometry":{"type":"LineString","coordinates":[[-6.27473,53.3394],[-6.27493,53.33944],[-6.275,53.33946],[-6.27532,53.33955],[-6.27554,53.33961],[-6.2758,53.33967],[-6.27592,53.33968],[-6.27625,53.33971],[-6.27693,53.33977],[-6.27697,53.33978]]}},{"type":"Feature","properties":{"k":"minor","n":""},"geometry":{"type":"LineString","coordinates":[[-6.27359,53.34187],[-6.27423,53.34175],[-6.27497,53.34162],[-6.275,53.34161]]}},{"type":"Feature","properties":{"k":"minor","n":""},"geometry":{"type":"LineString","coordinates":[[-6.27524,53.33738],[-6.27526,53.3374],[-6.27551,53.3377],[-6.2756,53.33781],[-6.27568,53.33789]]}},{"type":"Feature","properties":{"k":"minor","n":""},"geometry":{"type":"LineString","coordinates":[[-6.28138,53.33748],[-6.28124,53.33728],[-6.28115,53.33714],[-6.28111,53.33709],[-6.28107,53.33704]]}},{"type":"Feature","properties":{"k":"minor","n":""},"geometry":{"type":"LineString","coordinates":[[-6.27936,53.34024],[-6.27939,53.34023],[-6.27941,53.34022],[-6.27945,53.34022],[-6.27948,53.34022],[-6.27951,53.34023],[-6.27953,53.34025],[-6.27955,53.34027],[-6.27955,53.34029],[-6.27954,53.34031],[-6.27952,53.34032],[-6.27949,53.34034],[-6.27946,53.34034],[-6.27943,53.34034],[-6.2794,53.34034],[-6.27937,53.34033],[-6.27935,53.34031],[-6.27934,53.3403],[-6.27934,53.34028],[-6.27935,53.34026],[-6.27936,53.34024]]}},{"type":"Feature","properties":{"k":"minor","n":""},"geometry":{"type":"LineString","coordinates":[[-6.26181,53.34428],[-6.26181,53.34437],[-6.26182,53.34491]]}},{"type":"Feature","properties":{"k":"minor","n":""},"geometry":{"type":"LineString","coordinates":[[-6.26073,53.34656],[-6.26069,53.34647],[-6.26066,53.34618],[-6.2606,53.34573]]}},{"type":"Feature","properties":{"k":"pedestrian","n":""},"geometry":{"type":"LineString","coordinates":[[-6.26425,53.34501],[-6.26378,53.34501],[-6.26337,53.34503]]}},{"type":"Feature","properties":{"k":"minor","n":""},"geometry":{"type":"LineString","coordinates":[[-6.26182,53.34491],[-6.26251,53.3449],[-6.26254,53.3449],[-6.26272,53.3449],[-6.26336,53.34488]]}},{"type":"Feature","properties":{"k":"minor","n":""},"geometry":{"type":"LineString","coordinates":[[-6.26104,53.34504],[-6.26108,53.34504],[-6.26109,53.34504],[-6.26111,53.34505],[-6.26113,53.34506],[-6.26116,53.34506],[-6.26118,53.34506],[-6.26122,53.34505],[-6.26123,53.34505],[-6.26123,53.34504],[-6.26122,53.34501],[-6.26111,53.34474],[-6.26104,53.34464],[-6.26093,53.34451],[-6.26093,53.34449],[-6.26093,53.34448],[-6.26091,53.34441]]}},{"type":"Feature","properties":{"k":"minor","n":""},"geometry":{"type":"LineString","coordinates":[[-6.25992,53.34577],[-6.25992,53.34582],[-6.25995,53.34609],[-6.25998,53.34624],[-6.25999,53.34628],[-6.26003,53.34663],[-6.26008,53.34671]]}},{"type":"Feature","properties":{"k":"minor","n":""},"geometry":{"type":"LineString","coordinates":[[-6.2659,53.34418],[-6.2659,53.34426],[-6.26591,53.34428],[-6.26579,53.34476],[-6.26577,53.34485],[-6.26572,53.34501],[-6.2657,53.34507],[-6.26571,53.34515],[-6.26571,53.34519]]}},{"type":"Feature","properties":{"k":"pedestrian","n":""},"geometry":{"type":"LineString","coordinates":[[-6.26425,53.34418],[-6.26425,53.34425],[-6.26425,53.34429],[-6.26425,53.34488],[-6.26425,53.34501],[-6.26427,53.34537],[-6.26427,53.34546],[-6.26428,53.34549],[-6.26427,53.34553]]}},{"type":"Feature","properties":{"k":"minor","n":""},"geometry":{"type":"LineString","coordinates":[[-6.23708,53.34501],[-6.23713,53.34473],[-6.23721,53.34427],[-6.23721,53.34424],[-6.23722,53.34418]]}},{"type":"Feature","properties":{"k":"minor","n":""},"geometry":{"type":"LineString","coordinates":[[-6.24381,53.34307],[-6.24387,53.34288],[-6.2439,53.34276],[-6.24391,53.34273],[-6.24391,53.34271],[-6.24396,53.34254],[-6.24398,53.34245],[-6.24399,53.34243],[-6.24402,53.34227]]}},{"type":"Feature","properties":{"k":"minor","n":""},"geometry":{"type":"LineString","coordinates":[[-6.23802,53.34596],[-6.23804,53.34588],[-6.23814,53.34535],[-6.23816,53.34526],[-6.2382,53.34509],[-6.23837,53.34433],[-6.23838,53.34427]]}},{"type":"Feature","properties":{"k":"minor","n":""},"geometry":{"type":"LineString","coordinates":[[-6.24449,53.34086],[-6.24444,53.34092],[-6.24436,53.34117],[-6.2443,53.34133],[-6.24427,53.34144],[-6.24417,53.34173],[-6.24416,53.34176]]}},{"type":"Feature","properties":{"k":"minor","n":""},"geometry":{"type":"LineString","coordinates":[[-6.23961,53.34536],[-6.23958,53.34537],[-6.23955,53.34537],[-6.23909,53.34533],[-6.23902,53.34532],[-6.23827,53.34527],[-6.23824,53.34527],[-6.23816,53.34526]]}},{"type":"Feature","properties":{"k":"minor","n":""},"geometry":{"type":"LineString","coordinates":[[-6.24794,53.34385],[-6.24801,53.34377],[-6.24816,53.34357],[-6.24818,53.34354]]}},{"type":"Feature","properties":{"k":"minor","n":""},"geometry":{"type":"LineString","coordinates":[[-6.28466,53.34537],[-6.28406,53.34528],[-6.28384,53.34524],[-6.2835,53.34514],[-6.28348,53.34514],[-6.2829,53.34496],[-6.28285,53.34496],[-6.2828,53.34496],[-6.28271,53.34498],[-6.28267,53.34502],[-6.28253,53.34564]]}},{"type":"Feature","properties":{"k":"pedestrian","n":""},"geometry":{"type":"LineString","coordinates":[[-6.26337,53.34503],[-6.26337,53.34507],[-6.26342,53.34542],[-6.26342,53.34554],[-6.26342,53.34559]]}},{"type":"Feature","properties":{"k":"major","n":"North Strand Road"},"geometry":{"type":"LineString","coordinates":[[-6.24669,53.3547],[-6.24664,53.35474],[-6.24655,53.35482],[-6.24642,53.35495]]}},{"type":"Feature","properties":{"k":"minor","n":""},"geometry":{"type":"LineString","coordinates":[[-6.27923,53.33703],[-6.2795,53.33671],[-6.27956,53.33662],[-6.27958,53.3366],[-6.27958,53.33659]]}},{"type":"Feature","properties":{"k":"park","n":""},"geometry":{"type":"Polygon","coordinates":[[[-6.272,53.35251],[-6.27202,53.3524],[-6.27209,53.35204],[-6.27258,53.35202],[-6.27323,53.35204],[-6.27322,53.35208],[-6.27321,53.3521],[-6.27315,53.35229],[-6.27296,53.35291],[-6.27281,53.35376],[-6.27259,53.35405],[-6.27087,53.35356],[-6.27093,53.35348],[-6.27108,53.35325],[-6.27188,53.35326],[-6.272,53.35251]]]}},{"type":"Feature","properties":{"k":"minor","n":""},"geometry":{"type":"LineString","coordinates":[[-6.24876,53.35709],[-6.24906,53.35724],[-6.24918,53.3573]]}},{"type":"Feature","properties":{"k":"park","n":""},"geometry":{"type":"Polygon","coordinates":[[[-6.27024,53.35687],[-6.27199,53.35704],[-6.27193,53.35736],[-6.27187,53.35768],[-6.26975,53.35744],[-6.26963,53.35726],[-6.26967,53.35719],[-6.26973,53.35711],[-6.26978,53.35712],[-6.26978,53.35711],[-6.26992,53.35683],[-6.27024,53.35687]]]}},{"type":"Feature","properties":{"k":"minor","n":""},"geometry":{"type":"LineString","coordinates":[[-6.26993,53.35358],[-6.26992,53.35359],[-6.26989,53.35361],[-6.26964,53.35386],[-6.26949,53.35403],[-6.26932,53.35419],[-6.26917,53.35436],[-6.26888,53.35466],[-6.2688,53.35475]]}},{"type":"Feature","properties":{"k":"minor","n":""},"geometry":{"type":"LineString","coordinates":[[-6.27581,53.34319],[-6.2758,53.34324],[-6.27579,53.34326],[-6.27544,53.34348],[-6.27538,53.34352]]}},{"type":"Feature","properties":{"k":"minor","n":""},"geometry":{"type":"LineString","coordinates":[[-6.24287,53.34928],[-6.24281,53.34928],[-6.24249,53.34924],[-6.24235,53.34922],[-6.24208,53.3492],[-6.24194,53.34919],[-6.24143,53.34915],[-6.24109,53.34913],[-6.24096,53.34912]]}},{"type":"Feature","properties":{"k":"minor","n":""},"geometry":{"type":"LineString","coordinates":[[-6.2723,53.34894],[-6.27236,53.34915],[-6.27245,53.34969],[-6.27245,53.34993],[-6.27245,53.34999],[-6.27245,53.3501],[-6.27246,53.35015],[-6.27246,53.35024]]}},{"type":"Feature","properties":{"k":"pedestrian","n":""},"geometry":{"type":"LineString","coordinates":[[-6.2723,53.34894],[-6.27237,53.34894],[-6.27346,53.34888]]}},{"type":"Feature","properties":{"k":"minor","n":""},"geometry":{"type":"LineString","coordinates":[[-6.27136,53.34907],[-6.27147,53.34905],[-6.27179,53.34901],[-6.27219,53.34895],[-6.2723,53.34894]]}},{"type":"Feature","properties":{"k":"minor","n":""},"geometry":{"type":"LineString","coordinates":[[-6.28139,53.34862],[-6.28137,53.34867],[-6.28136,53.3487],[-6.28129,53.34895],[-6.28124,53.349],[-6.28115,53.34912],[-6.28112,53.34919],[-6.28108,53.34941],[-6.28109,53.34945],[-6.28113,53.34949]]}},{"type":"Feature","properties":{"k":"park","n":""},"geometry":{"type":"Polygon","coordinates":[[[-6.23781,53.3483],[-6.23707,53.34826],[-6.23705,53.34842],[-6.23685,53.34841],[-6.23681,53.34867],[-6.23774,53.34873],[-6.23781,53.3483]]]}},{"type":"Feature","properties":{"k":"minor","n":""},"geometry":{"type":"LineString","coordinates":[[-6.23791,53.34804],[-6.238,53.34755],[-6.23801,53.3475],[-6.23803,53.34742]]}},{"type":"Feature","properties":{"k":"minor","n":""},"geometry":{"type":"LineString","coordinates":[[-6.23778,53.3488],[-6.23779,53.34876],[-6.2378,53.3487],[-6.23786,53.34835],[-6.23791,53.34804]]}},{"type":"Feature","properties":{"k":"minor","n":""},"geometry":{"type":"LineString","coordinates":[[-6.24603,53.35908],[-6.24595,53.35903],[-6.24551,53.35881],[-6.24546,53.35879],[-6.24451,53.35832],[-6.24335,53.35774],[-6.24295,53.35754],[-6.2429,53.35751],[-6.24282,53.35748]]}},{"type":"Feature","properties":{"k":"minor","n":""},"geometry":{"type":"LineString","coordinates":[[-6.28066,53.3402],[-6.28072,53.34018],[-6.28128,53.34004],[-6.28191,53.33988],[-6.28225,53.3398],[-6.28275,53.3397]]}},{"type":"Feature","properties":{"k":"minor","n":""},"geometry":{"type":"LineString","coordinates":[[-6.24745,53.35649],[-6.24759,53.35643],[-6.24781,53.35628],[-6.24825,53.35602],[-6.24836,53.35596]]}},{"type":"Feature","properties":{"k":"minor","n":""},"geometry":{"type":"LineString","coordinates":[[-6.24624,53.35736],[-6.24677,53.35694],[-6.24681,53.35691]]}},{"type":"Feature","properties":{"k":"minor","n":""},"geometry":{"type":"LineString","coordinates":[[-6.24031,53.35637],[-6.24098,53.35669],[-6.24263,53.35748],[-6.24266,53.3575],[-6.24274,53.35753]]}},{"type":"Feature","properties":{"k":"minor","n":""},"geometry":{"type":"LineString","coordinates":[[-6.27002,53.34186],[-6.27005,53.34178],[-6.27007,53.34164]]}},{"type":"Feature","properties":{"k":"major","n":"Christchurch Place"},"geometry":{"type":"LineString","coordinates":[[-6.27075,53.34307],[-6.27099,53.34299],[-6.27141,53.34291],[-6.27147,53.34289],[-6.27164,53.34287],[-6.27179,53.34286]]}},{"type":"Feature","properties":{"k":"major","n":"Nicholas Street"},"geometry":{"type":"LineString","coordinates":[[-6.27179,53.34286],[-6.2718,53.34295]]}},{"type":"Feature","properties":{"k":"major","n":"Cornmarket"},"geometry":{"type":"LineString","coordinates":[[-6.27488,53.34327],[-6.2752,53.34322],[-6.27546,53.34318],[-6.27595,53.34308],[-6.27603,53.34307],[-6.27617,53.34307]]}},{"type":"Feature","properties":{"k":"major","n":"High Street"},"geometry":{"type":"LineString","coordinates":[[-6.27179,53.34286],[-6.27203,53.34287],[-6.27231,53.34292]]}},{"type":"Feature","properties":{"k":"minor","n":""},"geometry":{"type":"LineString","coordinates":[[-6.27546,53.34318],[-6.27538,53.34315],[-6.27519,53.34305],[-6.27504,53.34297],[-6.27473,53.34282],[-6.27431,53.3426],[-6.27424,53.34255],[-6.27384,53.34224],[-6.2738,53.3422]]}},{"type":"Feature","properties":{"k":"major","n":"Nicholas Street"},"geometry":{"type":"LineString","coordinates":[[-6.27215,53.34224],[-6.27221,53.3421],[-6.27221,53.3419],[-6.27222,53.3415]]}},{"type":"Feature","properties":{"k":"major","n":"Patrick Street"},"geometry":{"type":"LineString","coordinates":[[-6.27222,53.3415],[-6.27224,53.34106],[-6.27226,53.34077],[-6.27225,53.34072]]}},{"type":"Feature","properties":{"k":"major","n":"Patrick Street"},"geometry":{"type":"LineString","coordinates":[[-6.27225,53.3402],[-6.27227,53.34029]]}},{"type":"Feature","properties":{"k":"major","n":"Bridge Street Upper"},"geometry":{"type":"LineString","coordinates":[[-6.27488,53.34327],[-6.27498,53.34331],[-6.27508,53.34335]]}},{"type":"Feature","properties":{"k":"minor","n":""},"geometry":{"type":"LineString","coordinates":[[-6.24356,53.33258],[-6.24337,53.33303],[-6.24336,53.33305],[-6.24335,53.33308],[-6.24331,53.33313],[-6.24327,53.33317]]}},{"type":"Feature","properties":{"k":"major","n":"Capel Street"},"geometry":{"type":"LineString","coordinates":[[-6.26984,53.35091],[-6.26987,53.35095],[-6.26989,53.35097],[-6.26993,53.35099],[-6.26996,53.35101],[-6.27007,53.35107]]}},{"type":"Feature","properties":{"k":"minor","n":""},"geometry":{"type":"LineString","coordinates":[[-6.26916,53.35203],[-6.26898,53.35198],[-6.26896,53.35197],[-6.26785,53.35161],[-6.26724,53.35135],[-6.26717,53.3513],[-6.26695,53.3511],[-6.26663,53.35081],[-6.26636,53.35055],[-6.26634,53.35053],[-6.2663,53.35048]]}},{"type":"Feature","properties":{"k":"minor","n":""},"geometry":{"type":"LineString","coordinates":[[-6.24394,53.3344],[-6.24392,53.33431],[-6.24375,53.33422],[-6.24348,53.33409],[-6.2434,53.33405],[-6.24288,53.3338],[-6.24286,53.33378],[-6.24222,53.33347]]}},{"type":"Feature","properties":{"k":"pedestrian","n":""},"geometry":{"type":"LineString","coordinates":[[-6.26171,53.34071],[-6.26112,53.34061]]}},{"type":"Feature","properties":{"k":"major","n":"Blessington Street"},"geometry":{"type":"LineString","coordinates":[[-6.26562,53.35614],[-6.26541,53.35609]]}},{"type":"Feature","properties":{"k":"major","n":"Dorset Street Upper"},"geometry":{"type":"LineString","coordinates":[[-6.26469,53.35663],[-6.26515,53.35613],[-6.26525,53.35602]]}},{"type":"Feature","properties":{"k":"major","n":"Dorset Street Upper"},"geometry":{"type":"LineString","coordinates":[[-6.26567,53.35552],[-6.26586,53.3553],[-6.26613,53.35501],[-6.26639,53.35473],[-6.26652,53.3546],[-6.26692,53.35421]]}},{"type":"Feature","properties":{"k":"minor","n":""},"geometry":{"type":"LineString","coordinates":[[-6.27381,53.33397],[-6.27381,53.33392],[-6.27382,53.33386],[-6.27409,53.33326]]}},{"type":"Feature","properties":{"k":"minor","n":""},"geometry":{"type":"LineString","coordinates":[[-6.27343,53.33399],[-6.27342,53.33395],[-6.2734,53.33387],[-6.2734,53.33378],[-6.27341,53.33372],[-6.27355,53.33314]]}},{"type":"Feature","properties":{"k":"park","n":""},"geometry":{"type":"Polygon","coordinates":[[[-6.27201,53.34646],[-6.27234,53.34643],[-6.27237,53.34656],[-6.2724,53.34671],[-6.27208,53.34673],[-6.27205,53.34659],[-6.27201,53.34646]]]}},{"type":"Feature","properties":{"k":"major","n":"Sir John Rogerson's Quay"},"geometry":{"type":"LineString","coordinates":[[-6.24122,53.3462],[-6.24128,53.3462],[-6.24146,53.34622],[-6.24214,53.34627],[-6.24271,53.34631],[-6.24346,53.34637],[-6.24351,53.34638]]}},{"type":"Feature","properties":{"k":"major","n":"Memorial Road"},"geometry":{"type":"LineString","coordinates":[[-6.25232,53.3494],[-6.25223,53.34936],[-6.25209,53.34931],[-6.25197,53.34925],[-6.25188,53.34919]]}},{"type":"Feature","properties":{"k":"major","n":"Grand Canal Street Lower"},"geometry":{"type":"LineString","coordinates":[[-6.2397,53.33889],[-6.23924,53.33875],[-6.23911,53.33871]]}},{"type":"Feature","properties":{"k":"major","n":"North Wall Quay"},"geometry":{"type":"LineString","coordinates":[[-6.2461,53.34795],[-6.24594,53.34794],[-6.24592,53.34794],[-6.24588,53.34794],[-6.24571,53.34792],[-6.24404,53.34781],[-6.24391,53.3478],[-6.24384,53.3478],[-6.24377,53.34779],[-6.24373,53.34779],[-6.24324,53.34776],[-6.24287,53.34773]]}},{"type":"Feature","properties":{"k":"major","n":"Gardiner Street Lower"},"geometry":{"type":"LineString","coordinates":[[-6.25441,53.35074],[-6.25449,53.35084],[-6.25451,53.35088],[-6.25499,53.35153],[-6.25557,53.35235],[-6.25599,53.35295],[-6.25604,53.35303]]}},{"type":"Feature","properties":{"k":"minor","n":""},"geometry":{"type":"LineString","coordinates":[[-6.24547,53.35151],[-6.24554,53.35153],[-6.24563,53.35155],[-6.24616,53.35158],[-6.24627,53.35158]]}},{"type":"Feature","properties":{"k":"minor","n":""},"geometry":{"type":"LineString","coordinates":[[-6.23999,53.34905],[-6.23992,53.34905]]}},{"type":"Feature","properties":{"k":"minor","n":""},"geometry":{"type":"LineString","coordinates":[[-6.24506,53.35466],[-6.24552,53.35487],[-6.24605,53.3551],[-6.24618,53.35516]]}},{"type":"Feature","properties":{"k":"minor","n":""},"geometry":{"type":"LineString","coordinates":[[-6.2446,53.35557],[-6.24392,53.35525]]}},{"type":"Feature","properties":{"k":"minor","n":""},"geometry":{"type":"LineString","coordinates":[[-6.24497,53.35531],[-6.24478,53.35544],[-6.2446,53.35557],[-6.24426,53.35581],[-6.24409,53.35593]]}},{"type":"Feature","properties":{"k":"minor","n":""},"geometry":{"type":"LineString","coordinates":[[-6.24413,53.3549],[-6.24447,53.35507],[-6.24451,53.35509],[-6.24497,53.35531],[-6.24518,53.35541],[-6.24549,53.35556],[-6.2456,53.3556]]}},{"type":"Feature","properties":{"k":"minor","n":""},"geometry":{"type":"LineString","coordinates":[[-6.27873,53.33475],[-6.27871,53.33477],[-6.27873,53.33485],[-6.27892,53.33523],[-6.2791,53.33558],[-6.27935,53.33609],[-6.27958,53.33654],[-6.27958,53.33655],[-6.27959,53.33657],[-6.27958,53.33659]]}},{"type":"Feature","properties":{"k":"minor","n":""},"geometry":{"type":"LineString","coordinates":[[-6.27889,53.3347],[-6.2788,53.33472],[-6.27873,53.33475]]}},{"type":"Feature","properties":{"k":"minor","n":""},"geometry":{"type":"LineString","coordinates":[[-6.27889,53.3347],[-6.27898,53.33468],[-6.27983,53.33458],[-6.28107,53.33442]]}},{"type":"Feature","properties":{"k":"minor","n":""},"geometry":{"type":"LineString","coordinates":[[-6.27873,53.33475],[-6.27867,53.33473],[-6.27862,53.33471],[-6.27856,53.33469]]}},{"type":"Feature","properties":{"k":"minor","n":""},"geometry":{"type":"LineString","coordinates":[[-6.26131,53.35196],[-6.26132,53.35201],[-6.26138,53.35217],[-6.26141,53.35222],[-6.2615,53.35235],[-6.26153,53.35239],[-6.26155,53.35241],[-6.26159,53.35243]]}},{"type":"Feature","properties":{"k":"major","n":"Parnell Street"},"geometry":{"type":"LineString","coordinates":[[-6.25819,53.35388],[-6.25806,53.35392],[-6.25772,53.35401],[-6.25707,53.35416],[-6.25689,53.35421]]}},{"type":"Feature","properties":{"k":"minor","n":""},"geometry":{"type":"LineString","coordinates":[[-6.25751,53.35272],[-6.25792,53.35263],[-6.2585,53.35251],[-6.25902,53.3524],[-6.25911,53.35238],[-6.25916,53.35237]]}},{"type":"Feature","properties":{"k":"park","n":""},"geometry":{"type":"Polygon","coordinates":[[[-6.27117,53.34288],[-6.27142,53.34282],[-6.27143,53.34279],[-6.27145,53.34276],[-6.27153,53.34278],[-6.27162,53.34268],[-6.27163,53.34267],[-6.27164,53.34266],[-6.27142,53.3426],[-6.27133,53.34258],[-6.27116,53.34254],[-6.27115,53.34255],[-6.27116,53.34256],[-6.27111,53.34263],[-6.27102,53.34263],[-6.27115,53.34285],[-6.27117,53.34288]]]}},{"type":"Feature","properties":{"k":"park","n":""},"geometry":{"type":"Polygon","coordinates":[[[-6.27166,53.34407],[-6.27163,53.34409],[-6.27132,53.34411],[-6.27129,53.3441],[-6.27131,53.34408],[-6.27129,53.34406],[-6.27127,53.344],[-6.27105,53.34401],[-6.27105,53.344],[-6.27094,53.34395],[-6.27066,53.34398],[-6.27058,53.34404],[-6.27052,53.34401],[-6.27046,53.34371],[-6.2705,53.34368],[-6.27077,53.34365],[-6.27091,53.34363],[-6.27141,53.34361],[-6.27165,53.34404],[-6.27166,53.34407]]]}},{"type":"Feature","properties":{"k":"minor","n":""},"geometry":{"type":"LineString","coordinates":[[-6.28069,53.33343],[-6.28068,53.33344],[-6.28067,53.33346],[-6.28069,53.33351],[-6.28087,53.33391],[-6.28091,53.33402],[-6.28098,53.3342],[-6.28106,53.33439],[-6.28107,53.33442]]}},{"type":"Feature","properties":{"k":"park","n":""},"geometry":{"type":"Polygon","coordinates":[[[-6.2816,53.3381],[-6.28067,53.33821],[-6.28057,53.33806],[-6.28054,53.33807],[-6.28049,53.338],[-6.28036,53.33776],[-6.28128,53.33758],[-6.2816,53.3381]]]}},{"type":"Feature","properties":{"k":"pedestrian","n":""},"geometry":{"type":"LineString","coordinates":[[-6.2527,53.35046],[-6.25263,53.35036],[-6.25262,53.35035],[-6.25262,53.35033],[-6.25264,53.35031],[-6.25266,53.35029],[-6.25269,53.35027],[-6.25273,53.35025],[-6.25258,53.34999],[-6.25255,53.35004],[-6.25249,53.35012],[-6.25245,53.35016],[-6.25241,53.35019],[-6.25237,53.35021],[-6.2523,53.35024],[-6.25226,53.35025],[-6.25219,53.35027],[-6.25212,53.35028],[-6.25208,53.35028],[-6.25207,53.35029],[-6.25205,53.35032],[-6.25211,53.35033],[-6.25219,53.35034],[-6.25226,53.35035],[-6.25234,53.35037],[-6.25238,53.3504],[-6.25247,53.35042],[-6.25247,53.35041],[-6.25266,53.35045],[-6.25268,53.35046],[-6.2527,53.35046]]}},{"type":"Feature","properties":{"k":"minor","n":""},"geometry":{"type":"LineString","coordinates":[[-6.25028,53.34634],[-6.25019,53.34633],[-6.24938,53.34621],[-6.24935,53.34621],[-6.24925,53.34619]]}},{"type":"Feature","properties":{"k":"pedestrian","n":""},"geometry":{"type":"LineString","coordinates":[[-6.26006,53.34039],[-6.2599,53.34074],[-6.25988,53.3408],[-6.26015,53.34084],[-6.26013,53.3409]]}},{"type":"Feature","properties":{"k":"minor","n":""},"geometry":{"type":"LineString","coordinates":[[-6.27901,53.33729],[-6.27892,53.3374],[-6.27884,53.3375],[-6.27877,53.33758],[-6.27874,53.33763]]}},{"type":"Feature","properties":{"k":"minor","n":""},"geometry":{"type":"LineString","coordinates":[[-6.27901,53.33729],[-6.27895,53.33734],[-6.27889,53.33738],[-6.27879,53.33741],[-6.27866,53.33743],[-6.27861,53.33744]]}},{"type":"Feature","properties":{"k":"minor","n":""},"geometry":{"type":"LineString","coordinates":[[-6.27414,53.33619],[-6.27412,53.33636]]}},{"type":"Feature","properties":{"k":"major","n":"Bridge Street Upper"},"geometry":{"type":"LineString","coordinates":[[-6.27587,53.34379],[-6.27598,53.34384],[-6.27603,53.34388]]}},{"type":"Feature","properties":{"k":"major","n":"High Street"},"geometry":{"type":"LineString","coordinates":[[-6.27449,53.3434],[-6.27438,53.34338],[-6.27424,53.34337],[-6.27403,53.34333],[-6.27381,53.34329],[-6.27349,53.34323],[-6.27236,53.34302],[-6.27207,53.34297],[-6.27201,53.34296],[-6.27197,53.34296]]}},{"type":"Feature","properties":{"k":"park","n":""},"geometry":{"type":"Polygon","coordinates":[[[-6.2714,53.33651],[-6.2709,53.3365],[-6.27084,53.3365],[-6.2707,53.3365],[-6.27057,53.3365],[-6.27056,53.33675],[-6.27055,53.33689],[-6.27053,53.33711],[-6.27051,53.33736],[-6.27051,53.33743],[-6.27068,53.33743],[-6.27077,53.33743],[-6.2708,53.33743],[-6.2708,53.33752],[-6.27115,53.3375],[-6.2715,53.33748],[-6.2715,53.33743],[-6.27118,53.3374],[-6.27127,53.33703],[-6.27129,53.33694],[-6.27134,53.33676],[-6.27135,53.33675],[-6.27136,53.33675],[-6.27137,53.33672],[-6.27135,53.33672],[-6.27135,53.33671],[-6.2714,53.33651]]]}},{"type":"Feature","properties":{"k":"minor","n":""},"geometry":{"type":"LineString","coordinates":[[-6.27701,53.33943],[-6.27709,53.33943]]}},{"type":"Feature","properties":{"k":"minor","n":""},"geometry":{"type":"LineString","coordinates":[[-6.25391,53.34735],[-6.25393,53.34715]]}},{"type":"Feature","properties":{"k":"minor","n":""},"geometry":{"type":"LineString","coordinates":[[-6.25393,53.34715],[-6.25393,53.3471],[-6.25394,53.34706],[-6.25398,53.3468],[-6.2541,53.34588]]}},{"type":"Feature","properties":{"k":"pedestrian","n":""},"geometry":{"type":"LineString","coordinates":[[-6.27885,53.34876],[-6.2786,53.34873]]}},{"type":"Feature","properties":{"k":"pedestrian","n":""},"geometry":{"type":"LineString","coordinates":[[-6.27891,53.34879],[-6.27889,53.34877],[-6.27885,53.34876]]}},{"type":"Feature","properties":{"k":"minor","n":""},"geometry":{"type":"LineString","coordinates":[[-6.24079,53.34449],[-6.24094,53.34448],[-6.24106,53.34448],[-6.2411,53.34448],[-6.2412,53.34449],[-6.24161,53.34448],[-6.24176,53.34448]]}},{"type":"Feature","properties":{"k":"major","n":"City Quay"},"geometry":{"type":"LineString","coordinates":[[-6.24746,53.34673],[-6.2467,53.34663],[-6.24647,53.3466],[-6.24625,53.34658]]}},{"type":"Feature","properties":{"k":"minor","n":""},"geometry":{"type":"LineString","coordinates":[[-6.27568,53.33789],[-6.2757,53.33789],[-6.27615,53.3379],[-6.2762,53.33795]]}},{"type":"Feature","properties":{"k":"pedestrian","n":""},"geometry":{"type":"LineString","coordinates":[[-6.26506,53.34632],[-6.26508,53.34638],[-6.26523,53.34681]]}},{"type":"Feature","properties":{"k":"water","n":""},"geometry":{"type":"Polygon","coordinates":[[[-6.2643,53.35382],[-6.26424,53.35384],[-6.26418,53.35379],[-6.26376,53.35397],[-6.26372,53.35393],[-6.26415,53.35376],[-6.26408,53.3537],[-6.26414,53.35368],[-6.26421,53.35373],[-6.2643,53.35369],[-6.26432,53.35371],[-6.26433,53.35372],[-6.26424,53.35376],[-6.2643,53.35382]]]}},{"type":"Feature","properties":{"k":"minor","n":""},"geometry":{"type":"LineString","coordinates":[[-6.28386,53.33897],[-6.28255,53.33921]]}},{"type":"Feature","properties":{"k":"minor","n":""},"geometry":{"type":"LineString","coordinates":[[-6.2723,53.33701],[-6.27236,53.33682],[-6.27248,53.33653]]}},{"type":"Feature","properties":{"k":"minor","n":""},"geometry":{"type":"LineString","coordinates":[[-6.27166,53.33676],[-6.27171,53.33655]]}},{"type":"Feature","properties":{"k":"major","n":"Clanbrassil Street Lower"},"geometry":{"type":"LineString","coordinates":[[-6.27499,53.33371],[-6.27503,53.33362],[-6.27506,53.33354],[-6.27507,53.33351],[-6.27513,53.33336],[-6.27523,53.33315],[-6.27526,53.33307]]}},{"type":"Feature","properties":{"k":"major","n":"Patrick Street"},"geometry":{"type":"LineString","coordinates":[[-6.27259,53.3393],[-6.27256,53.33913],[-6.27255,53.33909],[-6.27254,53.33904],[-6.27252,53.3389],[-6.27251,53.33885]]}},{"type":"Feature","properties":{"k":"minor","n":""},"geometry":{"type":"LineString","coordinates":[[-6.27245,53.33755],[-6.2724,53.33755],[-6.27237,53.33755],[-6.27198,53.3375]]}},{"type":"Feature","properties":{"k":"major","n":"Patrick Street"},"geometry":{"type":"LineString","coordinates":[[-6.27269,53.33893],[-6.27269,53.33906],[-6.27259,53.3393]]}},{"type":"Feature","properties":{"k":"park","n":""},"geometry":{"type":"Polygon","coordinates":[[[-6.27238,53.33871],[-6.27228,53.33871],[-6.27198,53.33858],[-6.27145,53.33846],[-6.27144,53.33844],[-6.27143,53.33842],[-6.27144,53.33841],[-6.27156,53.33842],[-6.27186,53.33845],[-6.27208,53.33847],[-6.27227,53.33847],[-6.27233,53.3385],[-6.27238,53.33871]]]}},{"type":"Feature","properties":{"k":"minor","n":""},"geometry":{"type":"LineString","coordinates":[[-6.27328,53.33576],[-6.27324,53.33575],[-6.27322,53.33574],[-6.27285,53.33561],[-6.27265,53.33555],[-6.27252,53.33552],[-6.27237,53.3355],[-6.2722,53.33549],[-6.27203,53.33548]]}},{"type":"Feature","properties":{"k":"minor","n":""},"geometry":{"type":"LineString","coordinates":[[-6.27265,53.33555],[-6.27267,53.33554],[-6.2728,53.33537],[-6.27294,53.33541]]}},{"type":"Feature","properties":{"k":"minor","n":""},"geometry":{"type":"LineString","coordinates":[[-6.27308,53.33523],[-6.27315,53.33526],[-6.27345,53.33496]]}},{"type":"Feature","properties":{"k":"minor","n":""},"geometry":{"type":"LineString","coordinates":[[-6.27385,53.33505],[-6.27377,53.33503],[-6.27371,53.33501],[-6.27345,53.33496],[-6.27313,53.33489],[-6.27175,53.33458],[-6.2717,53.33457],[-6.27164,53.33458]]}},{"type":"Feature","properties":{"k":"minor","n":""},"geometry":{"type":"LineString","coordinates":[[-6.27272,53.33686],[-6.27254,53.33683],[-6.27236,53.33682],[-6.27166,53.33676],[-6.27161,53.33694]]}},{"type":"Feature","properties":{"k":"pedestrian","n":""},"geometry":{"type":"LineString","coordinates":[[-6.26646,53.3439],[-6.26649,53.34401],[-6.26628,53.34403],[-6.2663,53.34411],[-6.26694,53.34408],[-6.26685,53.34382],[-6.2668,53.34382],[-6.26665,53.34386],[-6.26657,53.34388],[-6.26646,53.3439]]}},{"type":"Feature","properties":{"k":"pedestrian","n":""},"geometry":{"type":"LineString","coordinates":[[-6.26047,53.3432],[-6.26008,53.34307],[-6.26017,53.34292]]}},{"type":"Feature","properties":{"k":"pedestrian","n":""},"geometry":{"type":"LineString","coordinates":[[-6.26017,53.34292],[-6.26024,53.34282]]}},{"type":"Feature","properties":{"k":"pedestrian","n":""},"geometry":{"type":"LineString","coordinates":[[-6.26024,53.34282],[-6.2603,53.34276]]}},{"type":"Feature","properties":{"k":"pedestrian","n":""},"geometry":{"type":"LineString","coordinates":[[-6.26868,53.34812],[-6.2686,53.34793]]}},{"type":"Feature","properties":{"k":"pedestrian","n":""},"geometry":{"type":"LineString","coordinates":[[-6.2686,53.34793],[-6.26841,53.34742],[-6.2684,53.34739],[-6.26837,53.34732],[-6.26836,53.34731]]}},{"type":"Feature","properties":{"k":"major","n":"Ryder's Row"},"geometry":{"type":"LineString","coordinates":[[-6.26823,53.34992],[-6.26829,53.34993],[-6.26916,53.35016]]}},{"type":"Feature","properties":{"k":"minor","n":""},"geometry":{"type":"LineString","coordinates":[[-6.26853,53.3498],[-6.2684,53.34983]]}},{"type":"Feature","properties":{"k":"minor","n":""},"geometry":{"type":"LineString","coordinates":[[-6.23787,53.35531],[-6.23799,53.35535],[-6.23807,53.35539],[-6.23811,53.35544],[-6.23816,53.35552],[-6.23822,53.3556],[-6.2383,53.35565],[-6.23847,53.35568],[-6.23868,53.3557]]}},{"type":"Feature","properties":{"k":"minor","n":""},"geometry":{"type":"LineString","coordinates":[[-6.26387,53.33976],[-6.26399,53.33979]]}},{"type":"Feature","properties":{"k":"minor","n":""},"geometry":{"type":"LineString","coordinates":[[-6.26341,53.33965],[-6.26377,53.33974],[-6.26387,53.33976]]}},{"type":"Feature","properties":{"k":"minor","n":""},"geometry":{"type":"LineString","coordinates":[[-6.23653,53.35792],[-6.23644,53.35786],[-6.23611,53.35771],[-6.23606,53.3577],[-6.23601,53.3577],[-6.23566,53.35776],[-6.23561,53.35775],[-6.23557,53.35774],[-6.23519,53.35756],[-6.23511,53.35752]]}},{"type":"Feature","properties":{"k":"minor","n":""},"geometry":{"type":"LineString","coordinates":[[-6.23677,53.35653],[-6.2373,53.35676],[-6.2374,53.35677],[-6.23753,53.35677],[-6.23761,53.35676],[-6.23768,53.35678],[-6.23794,53.35685]]}},{"type":"Feature","properties":{"k":"minor","n":""},"geometry":{"type":"LineString","coordinates":[[-6.23519,53.35756],[-6.23499,53.35773]]}},{"type":"Feature","properties":{"k":"minor","n":""},"geometry":{"type":"LineString","coordinates":[[-6.23528,53.35566],[-6.23499,53.35553],[-6.2349,53.35552],[-6.23459,53.35538]]}},{"type":"Feature","properties":{"k":"minor","n":""},"geometry":{"type":"LineString","coordinates":[[-6.2349,53.35513],[-6.23502,53.35518],[-6.23588,53.35556],[-6.23627,53.35572],[-6.23665,53.35589],[-6.23704,53.35606],[-6.23769,53.35635],[-6.23788,53.35641],[-6.23792,53.35643],[-6.23821,53.35651]]}},{"type":"Feature","properties":{"k":"minor","n":""},"geometry":{"type":"LineString","coordinates":[[-6.26633,53.33838],[-6.26626,53.33848],[-6.26625,53.33852],[-6.26626,53.33858]]}},{"type":"Feature","properties":{"k":"pedestrian","n":""},"geometry":{"type":"LineString","coordinates":[[-6.27174,53.34358],[-6.27173,53.34373],[-6.27172,53.34382],[-6.27172,53.34391],[-6.27174,53.34406],[-6.27173,53.34406],[-6.27166,53.34407],[-6.27141,53.34361],[-6.2714,53.3436],[-6.2714,53.34358],[-6.27173,53.34357],[-6.27174,53.34358]]}},{"type":"Feature","properties":{"k":"pedestrian","n":""},"geometry":{"type":"LineString","coordinates":[[-6.26057,53.34007],[-6.26037,53.34],[-6.26021,53.33995],[-6.26022,53.33994],[-6.26024,53.33992],[-6.26028,53.33989],[-6.26038,53.33991],[-6.26044,53.33991],[-6.26052,53.33993],[-6.2606,53.33993],[-6.26069,53.33993],[-6.26074,53.33991],[-6.26081,53.33989],[-6.26085,53.33988],[-6.26087,53.33986],[-6.26093,53.3398],[-6.26096,53.33981],[-6.26098,53.33978],[-6.26101,53.33979],[-6.26104,53.33979],[-6.261,53.33986],[-6.26099,53.33986],[-6.26094,53.33996],[-6.26096,53.33997],[-6.26098,53.34001],[-6.26126,53.34007],[-6.26126,53.34006],[-6.26187,53.34019],[-6.26204,53.34023],[-6.26222,53.34026],[-6.26222,53.34026],[-6.26234,53.34028],[-6.26238,53.34029],[-6.26251,53.34032],[-6.26285,53.34039],[-6.26285,53.34038],[-6.26301,53.34041],[-6.26301,53.34041],[-6.26335,53.34048],[-6.26342,53.34047],[-6.26346,53.34047],[-6.2634,53.34056],[-6.26336,53.34062],[-6.2633,53.34073],[-6.26326,53.34074],[-6.26323,53.34068],[-6.26321,53.34064],[-6.26319,53.34062],[-6.26316,53.34058],[-6.26309,53.34057],[-6.26277,53.34049],[-6.26196,53.34034],[-6.26196,53.3403],[-6.26142,53.34019],[-6.26139,53.34021],[-6.26102,53.34015],[-6.26087,53.34011],[-6.26083,53.34011],[-6.26082,53.34011],[-6.26082,53.34012],[-6.26082,53.34013],[-6.26082,53.34015],[-6.26084,53.34021],[-6.26084,53.34026],[-6.26086,53.3403],[-6.26087,53.3403],[-6.26088,53.34035],[-6.26089,53.34041],[-6.26091,53.34046],[-6.26092,53.34046],[-6.26091,53.34057],[-6.26095,53.34058],[-6.26095,53.34059],[-6.26091,53.34058],[-6.26089,53.34058],[-6.26085,53.34058],[-6.2608,53.34058],[-6.26067,53.34056],[-6.26069,53.34052],[-6.26067,53.34046],[-6.26063,53.34028],[-6.26062,53.34025],[-6.26061,53.34022],[-6.26059,53.34017],[-6.26058,53.34011],[-6.26057,53.34007]]}},{"type":"Feature","properties":{"k":"major","n":"Baggot Street Lower"},"geometry":{"type":"LineString","coordinates":[[-6.25157,53.3377],[-6.25141,53.33768],[-6.25126,53.33766],[-6.25119,53.33764],[-6.25096,53.33756],[-6.25083,53.33751]]}},{"type":"Feature","properties":{"k":"major","n":"Baggot Street Lower"},"geometry":{"type":"LineString","coordinates":[[-6.25157,53.3377],[-6.25151,53.33763],[-6.25147,53.33759],[-6.25145,53.33757]]}},{"type":"Feature","properties":{"k":"major","n":"Pembroke Street Lower"},"geometry":{"type":"LineString","coordinates":[[-6.25145,53.33754],[-6.25181,53.33715],[-6.25213,53.33679],[-6.25218,53.33674],[-6.25246,53.33643],[-6.25261,53.33626],[-6.25269,53.33618]]}},{"type":"Feature","properties":{"k":"pedestrian","n":""},"geometry":{"type":"LineString","coordinates":[[-6.26095,53.34059],[-6.26091,53.34058],[-6.26089,53.34058],[-6.26085,53.34058],[-6.2608,53.34058]]}},{"type":"Feature","properties":{"k":"pedestrian","n":""},"geometry":{"type":"LineString","coordinates":[[-6.26112,53.34061],[-6.26095,53.34059]]}},{"type":"Feature","properties":{"k":"pedestrian","n":""},"geometry":{"type":"LineString","coordinates":[[-6.26091,53.34058],[-6.26095,53.34059],[-6.26094,53.3406],[-6.26093,53.3406],[-6.26088,53.34071],[-6.26087,53.34074],[-6.26076,53.34072],[-6.26063,53.34069],[-6.26065,53.34063],[-6.26067,53.34057],[-6.26067,53.34056],[-6.2608,53.34058],[-6.26085,53.34058],[-6.26089,53.34058],[-6.26091,53.34058]]}},{"type":"Feature","properties":{"k":"pedestrian","n":""},"geometry":{"type":"LineString","coordinates":[[-6.25287,53.34031],[-6.25286,53.34034],[-6.25287,53.34036],[-6.25289,53.34038],[-6.25291,53.3404],[-6.25294,53.34041],[-6.25298,53.34042],[-6.25301,53.34042],[-6.25305,53.34042],[-6.25308,53.34041],[-6.25311,53.34039],[-6.25313,53.34037],[-6.25315,53.34035],[-6.25315,53.34033],[-6.25314,53.34031],[-6.25313,53.34029],[-6.2531,53.34027],[-6.25307,53.34026],[-6.25303,53.34025],[-6.253,53.34025],[-6.25296,53.34025],[-6.25292,53.34027],[-6.25289,53.34029],[-6.25287,53.34031]]}},{"type":"Feature","properties":{"k":"park","n":""},"geometry":{"type":"Polygon","coordinates":[[[-6.26811,53.34006],[-6.26813,53.34016],[-6.26813,53.34018],[-6.26815,53.34027],[-6.26815,53.34029],[-6.26812,53.34031],[-6.26802,53.34033],[-6.26787,53.3402],[-6.26784,53.34016],[-6.26784,53.34012],[-6.26788,53.34009],[-6.26793,53.34007],[-6.26803,53.34007],[-6.26811,53.34006]]]}},{"type":"Feature","properties":{"k":"pedestrian","n":""},"geometry":{"type":"LineString","coordinates":[[-6.2555,53.34007],[-6.25556,53.34008],[-6.25559,53.34008],[-6.25576,53.33979],[-6.25552,53.33973],[-6.25542,53.33973],[-6.25534,53.33976],[-6.25525,53.33976],[-6.25516,53.33975],[-6.25508,53.33973],[-6.25506,53.33977],[-6.25497,53.33993],[-6.25501,53.33994],[-6.2551,53.33996],[-6.25519,53.33998],[-6.25517,53.34002],[-6.25534,53.34005],[-6.25534,53.34005],[-6.25535,53.34005],[-6.25535,53.34004],[-6.25538,53.34005],[-6.25538,53.34004],[-6.2555,53.34007]]}},{"type":"Feature","properties":{"k":"pedestrian","n":""},"geometry":{"type":"LineString","coordinates":[[-6.25578,53.33969],[-6.25582,53.3397],[-6.25585,53.33971],[-6.25581,53.33975],[-6.25579,53.33975],[-6.25551,53.33968],[-6.2554,53.33969],[-6.25533,53.33971],[-6.25525,53.33972],[-6.25519,53.33971],[-6.25511,53.33969],[-6.25513,53.33966],[-6.25516,53.33962],[-6.25521,53.33954],[-6.25528,53.33956],[-6.25543,53.3396],[-6.25549,53.33959],[-6.25562,53.33962],[-6.25564,53.33965],[-6.25578,53.33969]]}},{"type":"Feature","properties":{"k":"pedestrian","n":""},"geometry":{"type":"LineString","coordinates":[[-6.25479,53.34078],[-6.25481,53.34074],[-6.25482,53.34071],[-6.25449,53.34061],[-6.25445,53.34067],[-6.25443,53.34074],[-6.25479,53.34078]]}},{"type":"Feature","properties":{"k":"major","n":"Merrion Street Lower"},"geometry":{"type":"LineString","coordinates":[[-6.24989,53.34183],[-6.24998,53.34184],[-6.25005,53.34182],[-6.2501,53.34181],[-6.25012,53.3418],[-6.25017,53.34178],[-6.25026,53.34174]]}},{"type":"Feature","properties":{"k":"major","n":"Fenian Street"},"geometry":{"type":"LineString","coordinates":[[-6.24989,53.34183],[-6.24979,53.34181],[-6.24949,53.34174]]}},{"type":"Feature","properties":{"k":"major","n":"Westland Row"},"geometry":{"type":"LineString","coordinates":[[-6.2505,53.3421],[-6.25052,53.34204],[-6.25051,53.34201],[-6.25048,53.34198],[-6.2504,53.34194]]}},{"type":"Feature","properties":{"k":"major","n":"Westland Row"},"geometry":{"type":"LineString","coordinates":[[-6.25079,53.34202],[-6.25069,53.34203],[-6.25065,53.34203],[-6.25064,53.34204],[-6.25061,53.34205],[-6.25049,53.34217]]}},{"type":"Feature","properties":{"k":"minor","n":""},"geometry":{"type":"LineString","coordinates":[[-6.24325,53.33855],[-6.24333,53.33846],[-6.24335,53.33844]]}},{"type":"Feature","properties":{"k":"minor","n":""},"geometry":{"type":"LineString","coordinates":[[-6.24234,53.33811],[-6.24248,53.33801]]}},{"type":"Feature","properties":{"k":"minor","n":""},"geometry":{"type":"LineString","coordinates":[[-6.24248,53.33801],[-6.24258,53.33794]]}},{"type":"Feature","properties":{"k":"minor","n":""},"geometry":{"type":"LineString","coordinates":[[-6.25391,53.35434],[-6.25401,53.35452],[-6.25396,53.35456],[-6.25372,53.3546],[-6.25366,53.35458],[-6.25357,53.35441],[-6.25391,53.35434]]}},{"type":"Feature","properties":{"k":"minor","n":""},"geometry":{"type":"LineString","coordinates":[[-6.24681,53.35691],[-6.24684,53.35689],[-6.2473,53.35654],[-6.24745,53.35649]]}},{"type":"Feature","properties":{"k":"pedestrian","n":""},"geometry":{"type":"LineString","coordinates":[[-6.25908,53.34504],[-6.25909,53.34502],[-6.25909,53.34502],[-6.25908,53.34501],[-6.25907,53.34501],[-6.25906,53.34501],[-6.25905,53.34502],[-6.25903,53.34504],[-6.25902,53.34506],[-6.25899,53.34508],[-6.25894,53.34511],[-6.25892,53.34512],[-6.25881,53.34517],[-6.25874,53.3452],[-6.25866,53.34524],[-6.25865,53.34525],[-6.25864,53.34525],[-6.25865,53.34526],[-6.25867,53.34526],[-6.25869,53.34526],[-6.25877,53.34527],[-6.25885,53.34527],[-6.25895,53.34527],[-6.25897,53.34528],[-6.25899,53.34527],[-6.259,53.34526],[-6.259,53.34525],[-6.25903,53.34515],[-6.25905,53.34509],[-6.25908,53.34505],[-6.25908,53.34504]]}},{"type":"Feature","properties":{"k":"pedestrian","n":""},"geometry":{"type":"LineString","coordinates":[[-6.25661,53.34575],[-6.25663,53.34574],[-6.25664,53.34573],[-6.25662,53.34572],[-6.25667,53.34566],[-6.25669,53.34564],[-6.25671,53.34564],[-6.25674,53.34564],[-6.25689,53.34565],[-6.25704,53.34565],[-6.25713,53.34565],[-6.25708,53.34568],[-6.25705,53.34571],[-6.25701,53.34575],[-6.25701,53.34576],[-6.25698,53.3458],[-6.25696,53.34587],[-6.25691,53.34587],[-6.25677,53.34587],[-6.25668,53.34588],[-6.25669,53.34586],[-6.25669,53.34584],[-6.25669,53.34582],[-6.2567,53.3458],[-6.25669,53.34579],[-6.25668,53.34578],[-6.25666,53.34577],[-6.25663,53.34576],[-6.25661,53.34575]]}},{"type":"Feature","properties":{"k":"minor","n":""},"geometry":{"type":"LineString","coordinates":[[-6.25699,53.34608],[-6.25691,53.346],[-6.25685,53.34599],[-6.25678,53.34598],[-6.25655,53.34592]]}},{"type":"Feature","properties":{"k":"minor","n":""},"geometry":{"type":"LineString","coordinates":[[-6.2663,53.35048],[-6.26637,53.35039],[-6.26645,53.35031]]}},{"type":"Feature","properties":{"k":"minor","n":""},"geometry":{"type":"LineString","coordinates":[[-6.28172,53.34737],[-6.28156,53.34787]]}},{"type":"Feature","properties":{"k":"minor","n":""},"geometry":{"type":"LineString","coordinates":[[-6.2563,53.35192],[-6.25638,53.3519],[-6.25658,53.35186]]}},{"type":"Feature","properties":{"k":"minor","n":""},"geometry":{"type":"LineString","coordinates":[[-6.25664,53.35227],[-6.25664,53.35233],[-6.25664,53.35239],[-6.25659,53.35241]]}},{"type":"Feature","properties":{"k":"minor","n":""},"geometry":{"type":"LineString","coordinates":[[-6.27171,53.33504],[-6.27169,53.33487],[-6.27163,53.33464],[-6.27164,53.33458],[-6.27158,53.33454]]}},{"type":"Feature","properties":{"k":"minor","n":""},"geometry":{"type":"LineString","coordinates":[[-6.27131,53.33504],[-6.27112,53.33505]]}},{"type":"Feature","properties":{"k":"pedestrian","n":""},"geometry":{"type":"LineString","coordinates":[[-6.2754,53.34347],[-6.27528,53.34342],[-6.27525,53.3434],[-6.27525,53.34337],[-6.27527,53.34335],[-6.27576,53.34323],[-6.27576,53.34325],[-6.27541,53.34346],[-6.2754,53.34347]]}},{"type":"Feature","properties":{"k":"minor","n":""},"geometry":{"type":"LineString","coordinates":[[-6.27141,53.33803],[-6.27113,53.33801],[-6.27101,53.338],[-6.27078,53.33799]]}},{"type":"Feature","properties":{"k":"minor","n":""},"geometry":{"type":"LineString","coordinates":[[-6.26269,53.3406],[-6.26265,53.34064],[-6.26257,53.34076],[-6.26254,53.34079],[-6.26252,53.34081],[-6.26244,53.34092],[-6.26239,53.34097]]}},{"type":"Feature","properties":{"k":"water","n":""},"geometry":{"type":"Polygon","coordinates":[[[-6.24369,53.35626],[-6.24366,53.35624],[-6.24356,53.35625],[-6.24347,53.35616],[-6.2434,53.3561],[-6.24347,53.35606],[-6.24355,53.35604],[-6.24369,53.35619],[-6.24392,53.35632],[-6.24413,53.35644],[-6.24437,53.35656],[-6.24439,53.35657],[-6.24444,53.3566],[-6.24474,53.35675],[-6.24482,53.3568],[-6.24492,53.35681],[-6.24511,53.35691],[-6.24522,53.35697],[-6.24588,53.35731],[-6.24676,53.35777],[-6.24697,53.35789],[-6.24732,53.3581],[-6.24758,53.35824],[-6.24769,53.35828],[-6.24788,53.35834],[-6.24839,53.35863],[-6.249,53.35891],[-6.2494,53.35906],[-6.2497,53.35915],[-6.25036,53.35933],[-6.25046,53.35933],[-6.25048,53.35936],[-6.2506,53.35939],[-6.25067,53.3594],[-6.25081,53.3594],[-6.25113,53.35947],[-6.25201,53.35967],[-6.25249,53.35978],[-6.25263,53.35981],[-6.25279,53.35985],[-6.25309,53.35992],[-6.2532,53.35994],[-6.25342,53.35999],[-6.25346,53.36004],[-6.25379,53.36011],[-6.25401,53.36012],[-6.25412,53.36014],[-6.25443,53.36021],[-6.2546,53.36025],[-6.25472,53.36028],[-6.25531,53.3604],[-6.25572,53.3605],[-6.2557,53.36055],[-6.25566,53.3606],[-6.25521,53.36049],[-6.25484,53.36041],[-6.25408,53.36024],[-6.25381,53.36018],[-6.25375,53.36017],[-6.253,53.35999],[-6.2529,53.35997],[-6.25127,53.35959],[-6.25069,53.35947],[-6.25052,53.35943],[-6.25044,53.35943],[-6.25016,53.35936],[-6.24978,53.35927],[-6.24938,53.35915],[-6.24904,53.35901],[-6.24865,53.35886],[-6.24818,53.35863],[-6.24791,53.35849],[-6.24766,53.35839],[-6.24755,53.35829],[-6.24752,53.35827],[-6.24729,53.35815],[-6.24724,53.35813],[-6.24701,53.35803],[-6.24686,53.35796],[-6.24615,53.35758],[-6.24555,53.35728],[-6.2448,53.35688],[-6.2448,53.35686],[-6.24476,53.35683],[-6.24468,53.35678],[-6.24439,53.35663],[-6.24411,53.35648],[-6.244,53.35642],[-6.24398,53.35642],[-6.24381,53.35635],[-6.24376,53.35629],[-6.24369,53.35626]]]}},{"type":"Feature","properties":{"k":"minor","n":""},"geometry":{"type":"LineString","coordinates":[[-6.26912,53.3362],[-6.27084,53.3361],[-6.27115,53.33609]]}},{"type":"Feature","properties":{"k":"major","n":"North Wall Quay"},"geometry":{"type":"LineString","coordinates":[[-6.23986,53.34754],[-6.23979,53.34753],[-6.23931,53.3475],[-6.2391,53.34749],[-6.2389,53.34748]]}},{"type":"Feature","properties":{"k":"major","n":"St. Stephen's Green"},"geometry":{"type":"LineString","coordinates":[[-6.25583,53.33804],[-6.25549,53.33847],[-6.25546,53.33851],[-6.25543,53.33855]]}},{"type":"Feature","properties":{"k":"pedestrian","n":""},"geometry":{"type":"LineString","coordinates":[[-6.26917,53.34949],[-6.26879,53.34846]]}},{"type":"Feature","properties":{"k":"minor","n":""},"geometry":{"type":"LineString","coordinates":[[-6.24938,53.34258],[-6.24931,53.34268],[-6.24893,53.34259],[-6.24888,53.34258]]}},{"type":"Feature","properties":{"k":"pedestrian","n":""},"geometry":{"type":"LineString","coordinates":[[-6.26087,53.34074],[-6.26084,53.34081],[-6.2608,53.34087],[-6.26067,53.34105],[-6.26063,53.34111],[-6.26059,53.34117],[-6.26057,53.34122],[-6.26047,53.34121],[-6.26036,53.3412],[-6.26042,53.34115],[-6.26048,53.34107],[-6.26052,53.34097],[-6.26054,53.34092],[-6.26056,53.34087],[-6.26058,53.34081],[-6.26061,53.34075],[-6.26063,53.34069],[-6.26076,53.34072],[-6.26087,53.34074]]}},{"type":"Feature","properties":{"k":"pedestrian","n":""},"geometry":{"type":"LineString","coordinates":[[-6.26017,53.3418],[-6.26018,53.34178],[-6.26021,53.34173],[-6.26028,53.34164],[-6.26031,53.34159],[-6.26037,53.3415],[-6.26041,53.34144],[-6.26045,53.34138],[-6.26049,53.34132],[-6.26052,53.34127],[-6.26056,53.34126],[-6.26057,53.34122],[-6.26047,53.34121],[-6.26036,53.3412],[-6.26012,53.3416],[-6.2599,53.34194],[-6.25984,53.34199],[-6.25994,53.34201],[-6.26002,53.34202],[-6.26005,53.34198],[-6.26009,53.34192],[-6.26013,53.34186],[-6.26016,53.34182],[-6.26017,53.3418]]}},{"type":"Feature","properties":{"k":"minor","n":""},"geometry":{"type":"LineString","coordinates":[[-6.27833,53.34715],[-6.27833,53.34712],[-6.27834,53.3471]]}},{"type":"Feature","properties":{"k":"pedestrian","n":""},"geometry":{"type":"LineString","coordinates":[[-6.27294,53.34694],[-6.27282,53.34694],[-6.2728,53.3469],[-6.27244,53.3469],[-6.27246,53.34687],[-6.27248,53.34684],[-6.27251,53.34683],[-6.27262,53.34683],[-6.27285,53.34683],[-6.27286,53.34683],[-6.27289,53.34684],[-6.27291,53.34686],[-6.27293,53.34689],[-6.27293,53.34691],[-6.27293,53.34691],[-6.27294,53.34694]]}},{"type":"Feature","properties":{"k":"minor","n":""},"geometry":{"type":"LineString","coordinates":[[-6.25699,53.34591],[-6.25692,53.34591],[-6.25655,53.34592]]}},{"type":"Feature","properties":{"k":"minor","n":""},"geometry":{"type":"LineString","coordinates":[[-6.2627,53.33754],[-6.26261,53.33764]]}},{"type":"Feature","properties":{"k":"major","n":"North Wall Quay"},"geometry":{"type":"LineString","coordinates":[[-6.2369,53.34735],[-6.2358,53.34727],[-6.23577,53.34727]]}},{"type":"Feature","properties":{"k":"pedestrian","n":""},"geometry":{"type":"LineString","coordinates":[[-6.26171,53.33532],[-6.26117,53.33521],[-6.26115,53.3352],[-6.26112,53.3352],[-6.26109,53.33519],[-6.26107,53.33519],[-6.26032,53.33503],[-6.26029,53.33507],[-6.26027,53.33512],[-6.26032,53.33513],[-6.26102,53.33528],[-6.26103,53.33528],[-6.26106,53.33529],[-6.2611,53.3353],[-6.26112,53.3353],[-6.2613,53.33534],[-6.26148,53.33537],[-6.26165,53.33541],[-6.26167,53.33542],[-6.26169,53.33544],[-6.26169,53.33546],[-6.2617,53.33548],[-6.26171,53.33555],[-6.2617,53.33563],[-6.26174,53.33563],[-6.26178,53.33564],[-6.26178,53.33554],[-6.26178,53.33553],[-6.26179,53.33552],[-6.26181,53.33552],[-6.26184,53.33552],[-6.26182,53.33548],[-6.26181,53.33546],[-6.26181,53.33543],[-6.2618,53.33543],[-6.26179,53.33542],[-6.26178,53.33541],[-6.26177,53.33539],[-6.26178,53.33539],[-6.26179,53.33538],[-6.2618,53.33538],[-6.26182,53.33537],[-6.26184,53.33537],[-6.26185,53.33536],[-6.26187,53.33536],[-6.2619,53.33535],[-6.26191,53.33535],[-6.26194,53.33534],[-6.26194,53.33533],[-6.26192,53.33533],[-6.2619,53.33532],[-6.26188,53.33532],[-6.26191,53.33526],[-6.26188,53.33526],[-6.26186,53.33525],[-6.26184,53.33528],[-6.26181,53.3353],[-6.2618,53.33532],[-6.26177,53.33533],[-6.26174,53.33533],[-6.26171,53.33532]]}},{"type":"Feature","properties":{"k":"minor","n":""},"geometry":{"type":"LineString","coordinates":[[-6.24648,53.33787],[-6.24636,53.33798]]}},{"type":"Feature","properties":{"k":"park","n":""},"geometry":{"type":"Polygon","coordinates":[[[-6.27948,53.33404],[-6.27901,53.33409],[-6.27921,53.33372],[-6.27925,53.33371],[-6.27929,53.33371],[-6.27932,53.33373],[-6.27934,53.33375],[-6.27948,53.33404]]]}},{"type":"Feature","properties":{"k":"pedestrian","n":""},"geometry":{"type":"LineString","coordinates":[[-6.2508,53.34394],[-6.25082,53.34378],[-6.25083,53.34364],[-6.25086,53.34364],[-6.25086,53.34357],[-6.25108,53.34358],[-6.25106,53.34354],[-6.25109,53.34342],[-6.25111,53.34337],[-6.25096,53.34336],[-6.25109,53.343],[-6.25112,53.34291],[-6.25127,53.34293],[-6.25127,53.34292],[-6.25134,53.34271],[-6.25135,53.3427],[-6.25139,53.34257],[-6.25131,53.34256],[-6.25124,53.34254],[-6.25123,53.34257],[-6.2511,53.34278],[-6.25064,53.34268],[-6.25062,53.34272],[-6.2506,53.34276],[-6.25071,53.34278],[-6.25103,53.34285],[-6.25106,53.34286],[-6.25098,53.34298],[-6.2509,53.34311],[-6.25072,53.34342],[-6.25046,53.34337],[-6.25042,53.34336],[-6.25041,53.34337],[-6.25039,53.3434],[-6.25038,53.34343],[-6.25073,53.3435],[-6.25058,53.34374],[-6.25056,53.34378],[-6.25055,53.3438],[-6.25053,53.34383],[-6.25049,53.34388],[-6.25074,53.34394],[-6.2508,53.34394]]}},{"type":"Feature","properties":{"k":"park","n":""},"geometry":{"type":"Polygon","coordinates":[[[-6.2426,53.3549],[-6.24252,53.35495],[-6.24242,53.355],[-6.24236,53.35495],[-6.24199,53.3547],[-6.24171,53.35447],[-6.24151,53.3543],[-6.24127,53.35405],[-6.24109,53.35383],[-6.24101,53.35372],[-6.24095,53.35365],[-6.24079,53.3534],[-6.24066,53.35319],[-6.24047,53.35283],[-6.24033,53.3525],[-6.24023,53.35215],[-6.24017,53.35187],[-6.24015,53.35159],[-6.24016,53.35119],[-6.2402,53.35087],[-6.2402,53.35083],[-6.24021,53.35072],[-6.24014,53.35071],[-6.24013,53.35069],[-6.24014,53.35064],[-6.24015,53.35064],[-6.24021,53.35064],[-6.24027,53.35065],[-6.24053,53.35067],[-6.24057,53.35067],[-6.24054,53.35083],[-6.24055,53.35085],[-6.24053,53.35096],[-6.24052,53.35104],[-6.24048,53.35125],[-6.24047,53.35132],[-6.24045,53.35145],[-6.24044,53.35151],[-6.24043,53.35156],[-6.24043,53.35159],[-6.24043,53.35159],[-6.24044,53.35176],[-6.24047,53.35194],[-6.24048,53.35201],[-6.24053,53.35222],[-6.24059,53.35242],[-6.24067,53.35262],[-6.24072,53.35279],[-6.24088,53.35303],[-6.24096,53.35316],[-6.24102,53.35325],[-6.24111,53.35341],[-6.24122,53.35362],[-6.24125,53.35367],[-6.24126,53.35369],[-6.24128,53.35371],[-6.24133,53.35375],[-6.24139,53.35379],[-6.24147,53.35385],[-6.24171,53.3538],[-6.24159,53.35392],[-6.24152,53.35397],[-6.24169,53.35413],[-6.24193,53.35431],[-6.24209,53.35445],[-6.24225,53.35459],[-6.24259,53.35489],[-6.2426,53.3549]]]}},{"type":"Feature","properties":{"k":"minor","n":""},"geometry":{"type":"LineString","coordinates":[[-6.2396,53.33911],[-6.23959,53.33916],[-6.23952,53.33947],[-6.23949,53.33962],[-6.23947,53.3397],[-6.23945,53.33977]]}},{"type":"Feature","properties":{"k":"minor","n":""},"geometry":{"type":"LineString","coordinates":[[-6.23936,53.33848],[-6.24006,53.33802],[-6.24027,53.3379],[-6.24041,53.33782],[-6.24045,53.33779],[-6.2405,53.33775],[-6.2406,53.33767]]}},{"type":"Feature","properties":{"k":"pedestrian","n":""},"geometry":{"type":"LineString","coordinates":[[-6.259,53.34669],[-6.259,53.34679],[-6.25902,53.3469],[-6.25902,53.34691],[-6.25901,53.34691],[-6.25892,53.34693],[-6.25889,53.34693],[-6.25887,53.34693],[-6.25884,53.34689],[-6.25872,53.34675],[-6.25879,53.34673],[-6.25881,53.34675],[-6.25882,53.34675],[-6.25887,53.34674],[-6.25891,53.34673],[-6.25894,53.34672],[-6.259,53.34669]]}},{"type":"Feature","properties":{"k":"major","n":"Western Way"},"geometry":{"type":"LineString","coordinates":[[-6.27239,53.3549],[-6.27238,53.35482],[-6.27242,53.35464]]}},{"type":"Feature","properties":{"k":"pedestrian","n":""},"geometry":{"type":"LineString","coordinates":[[-6.27217,53.35323],[-6.2722,53.35309],[-6.27228,53.35301],[-6.27231,53.35295],[-6.27231,53.35287],[-6.27225,53.35277],[-6.27227,53.35262],[-6.2722,53.35261],[-6.272,53.3526],[-6.27199,53.35263],[-6.27195,53.35292],[-6.27191,53.35321],[-6.27197,53.35322],[-6.27204,53.35322],[-6.27209,53.35322],[-6.27217,53.35323]]}},{"type":"Feature","properties":{"k":"pedestrian","n":""},"geometry":{"type":"LineString","coordinates":[[-6.2721,53.35292],[-6.27195,53.35292],[-6.2719,53.35291]]}},{"type":"Feature","properties":{"k":"major","n":"Western Way"},"geometry":{"type":"LineString","coordinates":[[-6.27251,53.35454],[-6.27264,53.35446],[-6.27289,53.35437],[-6.27291,53.35436],[-6.27293,53.35434],[-6.27294,53.35432]]}},{"type":"Feature","properties":{"k":"pedestrian","n":""},"geometry":{"type":"LineString","coordinates":[[-6.27877,53.34697],[-6.27875,53.34696],[-6.27872,53.34695],[-6.27871,53.34694],[-6.2787,53.34692],[-6.27859,53.3469],[-6.27858,53.34691],[-6.27857,53.34692],[-6.27855,53.34692],[-6.27854,53.34692],[-6.27849,53.34708],[-6.27848,53.34709],[-6.27854,53.34709],[-6.27875,53.34708],[-6.27877,53.34697]]}},{"type":"Feature","properties":{"k":"pedestrian","n":""},"geometry":{"type":"LineString","coordinates":[[-6.25465,53.34477],[-6.25447,53.34473],[-6.25447,53.34472],[-6.25444,53.34471],[-6.25444,53.34469],[-6.25423,53.34465],[-6.25418,53.34477],[-6.25406,53.34474],[-6.25408,53.3447],[-6.25407,53.34466],[-6.25408,53.3446],[-6.2542,53.34461],[-6.25431,53.34462],[-6.2545,53.34462],[-6.2545,53.34455],[-6.25451,53.34446],[-6.25462,53.34446],[-6.25466,53.34447],[-6.25465,53.34455],[-6.25483,53.34456],[-6.25482,53.34459],[-6.25482,53.34463],[-6.25455,53.34462],[-6.25454,53.34471],[-6.25468,53.34471],[-6.25468,53.34473],[-6.25465,53.34477]]}},{"type":"Feature","properties":{"k":"minor","n":""},"geometry":{"type":"LineString","coordinates":[[-6.26694,53.34108],[-6.26699,53.3411],[-6.26734,53.34137],[-6.26752,53.3415],[-6.26781,53.34173],[-6.26806,53.34195],[-6.26838,53.34224],[-6.2685,53.34238],[-6.26855,53.34244]]}},{"type":"Feature","properties":{"k":"minor","n":""},"geometry":{"type":"LineString","coordinates":[[-6.27026,53.34326],[-6.27012,53.34323],[-6.27011,53.34322],[-6.27004,53.34321],[-6.26997,53.3432]]}},{"type":"Feature","properties":{"k":"pedestrian","n":""},"geometry":{"type":"LineString","coordinates":[[-6.25958,53.34298],[-6.25954,53.34311],[-6.25953,53.34315],[-6.25953,53.34317],[-6.25952,53.34319],[-6.25952,53.34321],[-6.25953,53.34324],[-6.25952,53.34327],[-6.25948,53.34325],[-6.25946,53.34324],[-6.2594,53.34322],[-6.25936,53.34321],[-6.2592,53.34316],[-6.25916,53.34315],[-6.25916,53.34313],[-6.25917,53.34311],[-6.25924,53.34313],[-6.25935,53.3431],[-6.2595,53.3427],[-6.25955,53.34258],[-6.25961,53.34259],[-6.25968,53.34262],[-6.25965,53.34269],[-6.25961,53.34287],[-6.25959,53.34292],[-6.25958,53.34298]]}},{"type":"Feature","properties":{"k":"pedestrian","n":""},"geometry":{"type":"LineString","coordinates":[[-6.25977,53.34212],[-6.25984,53.34199],[-6.25994,53.34201],[-6.26002,53.34202],[-6.26002,53.34203],[-6.25996,53.34211],[-6.25982,53.34234],[-6.25971,53.3425],[-6.25966,53.34258],[-6.25968,53.34259],[-6.25968,53.34262],[-6.25961,53.34259],[-6.25955,53.34258],[-6.25956,53.34253],[-6.25954,53.34253],[-6.25956,53.34249],[-6.25963,53.34236],[-6.25977,53.34212]]}},{"type":"Feature","properties":{"k":"minor","n":""},"geometry":{"type":"LineString","coordinates":[[-6.28104,53.33961],[-6.28089,53.33943],[-6.28077,53.33929]]}},{"type":"Feature","properties":{"k":"minor","n":""},"geometry":{"type":"LineString","coordinates":[[-6.28076,53.33973],[-6.28045,53.33983],[-6.2804,53.33984]]}},{"type":"Feature","properties":{"k":"pedestrian","n":""},"geometry":{"type":"LineString","coordinates":[[-6.23995,53.34742],[-6.23994,53.34745],[-6.23994,53.34748],[-6.23936,53.34745],[-6.2393,53.34744],[-6.23926,53.34743],[-6.23819,53.34736],[-6.23791,53.34734],[-6.23789,53.34735],[-6.23787,53.34735],[-6.23666,53.34728],[-6.23662,53.34725],[-6.23637,53.34724],[-6.23632,53.34726],[-6.23583,53.34723],[-6.23569,53.34722],[-6.23555,53.34721],[-6.23536,53.34719],[-6.2351,53.34717],[-6.23431,53.34713],[-6.23429,53.3471],[-6.23403,53.34708],[-6.23399,53.34711],[-6.23227,53.34698],[-6.23193,53.34696],[-6.23094,53.34689],[-6.2309,53.34686],[-6.2306,53.34684],[-6.23057,53.34686],[-6.23025,53.34684],[-6.23011,53.34683],[-6.22995,53.34681],[-6.22908,53.34675],[-6.22905,53.34672],[-6.22879,53.3467],[-6.22875,53.34673],[-6.22808,53.34669],[-6.22807,53.34669],[-6.22805,53.34669],[-6.22772,53.34667],[-6.22764,53.34666],[-6.22758,53.34665],[-6.22754,53.34663],[-6.22748,53.3466],[-6.22738,53.34653],[-6.22738,53.34651],[-6.22739,53.34651],[-6.22858,53.34659],[-6.23006,53.34669],[-6.23138,53.34678],[-6.23288,53.34689],[-6.23488,53.34702],[-6.23497,53.34703],[-6.23504,53.34703],[-6.23668,53.34714],[-6.23741,53.34719],[-6.23825,53.34724],[-6.23883,53.34728],[-6.24034,53.34738],[-6.24033,53.34742],[-6.24033,53.34744],[-6.23995,53.34742]]}},{"type":"Feature","properties":{"k":"park","n":""},"geometry":{"type":"Polygon","coordinates":[[[-6.28489,53.34941],[-6.28323,53.34929],[-6.28332,53.34893],[-6.28292,53.34889],[-6.28298,53.3486],[-6.28303,53.3486],[-6.28305,53.34851],[-6.2832,53.34852],[-6.28321,53.3485],[-6.28341,53.34851],[-6.28342,53.34847],[-6.28354,53.34848],[-6.28356,53.34841],[-6.285,53.34851],[-6.28489,53.34941]]]}},{"type":"Feature","properties":{"k":"park","n":""},"geometry":{"type":"Polygon","coordinates":[[[-6.27814,53.34939],[-6.27806,53.34938],[-6.27787,53.34922],[-6.27792,53.34902],[-6.27818,53.34923],[-6.27814,53.34939]]]}},{"type":"Feature","properties":{"k":"pedestrian","n":""},"geometry":{"type":"LineString","coordinates":[[-6.27788,53.33978],[-6.27789,53.33968],[-6.27783,53.33967],[-6.27777,53.33967],[-6.2777,53.33967],[-6.27764,53.33967],[-6.27758,53.33967],[-6.2775,53.33966],[-6.27743,53.33966],[-6.2774,53.33967],[-6.2774,53.33977],[-6.2774,53.33978],[-6.27742,53.33978],[-6.27744,53.33978],[-6.27764,53.3398],[-6.2777,53.3398],[-6.27785,53.3398],[-6.27787,53.33979],[-6.27788,53.33978]]}},{"type":"Feature","properties":{"k":"major","n":"Burgh Quay"},"geometry":{"type":"LineString","coordinates":[[-6.25689,53.34737],[-6.25701,53.34735],[-6.25707,53.34734],[-6.25721,53.34732]]}},{"type":"Feature","properties":{"k":"minor","n":""},"geometry":{"type":"LineString","coordinates":[[-6.25529,53.33859],[-6.25534,53.33852],[-6.2557,53.33806],[-6.25577,53.33798]]}},{"type":"Feature","properties":{"k":"pedestrian","n":""},"geometry":{"type":"LineString","coordinates":[[-6.25784,53.34462],[-6.25795,53.34463],[-6.25795,53.3446],[-6.25816,53.34461],[-6.25816,53.34463],[-6.25825,53.34464],[-6.25825,53.34471],[-6.25848,53.34472],[-6.25848,53.34471],[-6.25866,53.34472],[-6.25866,53.34473],[-6.25887,53.34473],[-6.25887,53.34467],[-6.25888,53.34459],[-6.25883,53.34459],[-6.25884,53.34452],[-6.2588,53.34452],[-6.2588,53.34445],[-6.25881,53.34439],[-6.25885,53.34439],[-6.25886,53.34432],[-6.25889,53.34432],[-6.2589,53.34419],[-6.25891,53.34417],[-6.25872,53.34416],[-6.25852,53.34416],[-6.25832,53.34415],[-6.25832,53.34422],[-6.2582,53.34422],[-6.2582,53.34424],[-6.25798,53.34423],[-6.25798,53.34421],[-6.25787,53.34421],[-6.25789,53.34405],[-6.2578,53.34405],[-6.25778,53.34405],[-6.25772,53.34404],[-6.25773,53.34402],[-6.25765,53.34402],[-6.25757,53.34402],[-6.25756,53.34404],[-6.25751,53.34404],[-6.25744,53.34404],[-6.25743,53.34407],[-6.25742,53.34441],[-6.25738,53.34471],[-6.25738,53.34474],[-6.25737,53.34482],[-6.2574,53.34482],[-6.25759,53.34483],[-6.25777,53.34483],[-6.25779,53.34483],[-6.25782,53.34483],[-6.25783,53.34475],[-6.25783,53.34468],[-6.25784,53.34462]]}},{"type":"Feature","properties":{"k":"park","n":""},"geometry":{"type":"Polygon","coordinates":[[[-6.24039,53.35041],[-6.24056,53.35043],[-6.24058,53.3504],[-6.24059,53.35038],[-6.24059,53.35034],[-6.24074,53.34932],[-6.24063,53.34932],[-6.24063,53.3493],[-6.24066,53.34915],[-6.24059,53.34914],[-6.24039,53.35041]]]}},{"type":"Feature","properties":{"k":"park","n":""},"geometry":{"type":"Polygon","coordinates":[[[-6.26149,53.33651],[-6.26107,53.33641],[-6.26049,53.33626],[-6.25991,53.33606],[-6.2596,53.33599],[-6.25956,53.33598],[-6.2596,53.33591],[-6.2597,53.33576],[-6.25945,53.3357],[-6.25956,53.33552],[-6.26031,53.33429],[-6.26046,53.33403],[-6.26052,53.33404],[-6.26055,53.33404],[-6.26061,53.33404],[-6.26119,53.33408],[-6.26204,53.33413],[-6.26198,53.33443],[-6.26192,53.33477],[-6.26213,53.33477],[-6.26222,53.33528],[-6.26226,53.33553],[-6.26228,53.33568],[-6.26217,53.33568],[-6.26216,53.33582],[-6.26215,53.33589],[-6.26214,53.33592],[-6.26214,53.33594],[-6.26213,53.33606],[-6.26212,53.33605],[-6.26192,53.33605],[-6.26189,53.33605],[-6.26185,53.33612],[-6.26169,53.33632],[-6.26149,53.33651]]]}},{"type":"Feature","properties":{"k":"minor","n":""},"geometry":{"type":"LineString","coordinates":[[-6.2449,53.34238],[-6.24483,53.34253]]}},{"type":"Feature","properties":{"k":"minor","n":""},"geometry":{"type":"LineString","coordinates":[[-6.24483,53.34255],[-6.24471,53.34283],[-6.24468,53.34291],[-6.24462,53.34304],[-6.24456,53.34318]]}},{"type":"Feature","properties":{"k":"minor","n":""},"geometry":{"type":"LineString","coordinates":[[-6.24108,53.34829],[-6.2411,53.34817],[-6.24112,53.34807]]}},{"type":"Feature","properties":{"k":"minor","n":""},"geometry":{"type":"LineString","coordinates":[[-6.24,53.34896],[-6.24065,53.34901]]}},{"type":"Feature","properties":{"k":"minor","n":""},"geometry":{"type":"LineString","coordinates":[[-6.24096,53.34912],[-6.24086,53.34912],[-6.24081,53.34911],[-6.24074,53.34911],[-6.24063,53.3491]]}},{"type":"Feature","properties":{"k":"minor","n":""},"geometry":{"type":"LineString","coordinates":[[-6.24065,53.34901],[-6.2407,53.34901],[-6.24076,53.349],[-6.24081,53.34899],[-6.24098,53.34894]]}},{"type":"Feature","properties":{"k":"minor","n":""},"geometry":{"type":"LineString","coordinates":[[-6.24483,53.34253],[-6.24483,53.34255]]}},{"type":"Feature","properties":{"k":"minor","n":""},"geometry":{"type":"LineString","coordinates":[[-6.24634,53.34296],[-6.24634,53.34298]]}},{"type":"Feature","properties":{"k":"major","n":"Pearse Street"},"geometry":{"type":"LineString","coordinates":[[-6.24641,53.3436],[-6.24623,53.34355],[-6.24602,53.3435],[-6.24589,53.34347],[-6.24578,53.34343]]}},{"type":"Feature","properties":{"k":"minor","n":""},"geometry":{"type":"LineString","coordinates":[[-6.24881,53.33346],[-6.24823,53.33364],[-6.24758,53.33383],[-6.24748,53.33386],[-6.2458,53.33435],[-6.24567,53.33439]]}},{"type":"Feature","properties":{"k":"pedestrian","n":""},"geometry":{"type":"LineString","coordinates":[[-6.25925,53.34393],[-6.25928,53.34384],[-6.25932,53.3437],[-6.25934,53.34357],[-6.25935,53.34349],[-6.25936,53.34348],[-6.25931,53.34357],[-6.25927,53.34368],[-6.25926,53.34377],[-6.25925,53.34385],[-6.25925,53.34393]]}},{"type":"Feature","properties":{"k":"major","n":"Eden Quay"},"geometry":{"type":"LineString","coordinates":[[-6.25733,53.34797],[-6.25714,53.348],[-6.25656,53.34809],[-6.25624,53.34813]]}},{"type":"Feature","properties":{"k":"minor","n":""},"geometry":{"type":"LineString","coordinates":[[-6.24199,53.33356],[-6.24211,53.33343]]}},{"type":"Feature","properties":{"k":"minor","n":""},"geometry":{"type":"LineString","coordinates":[[-6.28174,53.34865],[-6.28177,53.34866],[-6.28182,53.34868],[-6.28196,53.34875]]}},{"type":"Feature","properties":{"k":"park","n":""},"geometry":{"type":"Polygon","coordinates":[[[-6.27498,53.35072],[-6.275,53.35055],[-6.27474,53.35055],[-6.27454,53.35055],[-6.27445,53.3507],[-6.27498,53.35072]]]}},{"type":"Feature","properties":{"k":"park","n":""},"geometry":{"type":"Polygon","coordinates":[[[-6.27397,53.35507],[-6.27369,53.35502],[-6.27361,53.35472],[-6.27367,53.35467],[-6.27397,53.35507]]]}},{"type":"Feature","properties":{"k":"pedestrian","n":""},"geometry":{"type":"LineString","coordinates":[[-6.27001,53.34347],[-6.27001,53.34346],[-6.27002,53.34342],[-6.27003,53.34338],[-6.27007,53.3433],[-6.27007,53.34327],[-6.27005,53.34325],[-6.27003,53.34324],[-6.26997,53.34323],[-6.26989,53.34322],[-6.26989,53.34323],[-6.2698,53.34326],[-6.26982,53.34332],[-6.26992,53.3434],[-6.26994,53.34339],[-6.26998,53.34349],[-6.27001,53.34347]]}},{"type":"Feature","properties":{"k":"park","n":""},"geometry":{"type":"Polygon","coordinates":[[[-6.28236,53.34553],[-6.28239,53.34553],[-6.28243,53.34553],[-6.28247,53.3455],[-6.28255,53.34504],[-6.28264,53.34491],[-6.28267,53.34487],[-6.28252,53.34483],[-6.28219,53.34472],[-6.28217,53.34471],[-6.28218,53.34469],[-6.28191,53.34468],[-6.28193,53.34459],[-6.2819,53.34457],[-6.28133,53.34454],[-6.28127,53.34455],[-6.28125,53.34461],[-6.28124,53.34471],[-6.2811,53.34522],[-6.2811,53.34529],[-6.28112,53.34535],[-6.28236,53.34553]]]}},{"type":"Feature","properties":{"k":"pedestrian","n":""},"geometry":{"type":"LineString","coordinates":[[-6.27017,53.34503],[-6.27003,53.34496],[-6.27003,53.34494],[-6.27036,53.34491],[-6.27051,53.3449],[-6.2706,53.34489],[-6.27073,53.34488],[-6.27085,53.34493],[-6.27087,53.34498],[-6.27059,53.345],[-6.27035,53.34502],[-6.27017,53.34503]]}},{"type":"Feature","properties":{"k":"major","n":"Essex Quay"},"geometry":{"type":"LineString","coordinates":[[-6.26907,53.34522],[-6.26999,53.34513]]}},{"type":"Feature","properties":{"k":"minor","n":""},"geometry":{"type":"LineString","coordinates":[[-6.28071,53.35088],[-6.28066,53.35052]]}},{"type":"Feature","properties":{"k":"pedestrian","n":""},"geometry":{"type":"LineString","coordinates":[[-6.25554,53.34954],[-6.25446,53.34972],[-6.25445,53.34972],[-6.25445,53.34974],[-6.25419,53.34979],[-6.25424,53.34969],[-6.25432,53.34967],[-6.25444,53.34965],[-6.25446,53.34965],[-6.25506,53.34955],[-6.25508,53.34955],[-6.25508,53.34953],[-6.25501,53.34936],[-6.25499,53.34935],[-6.25497,53.34935],[-6.25499,53.3493],[-6.25502,53.3493],[-6.25526,53.34926],[-6.2553,53.34926],[-6.25537,53.34942],[-6.25538,53.34942],[-6.25539,53.34943],[-6.25541,53.34943],[-6.25542,53.34943],[-6.25549,53.34942],[-6.25551,53.34948],[-6.25585,53.34943],[-6.25588,53.34942],[-6.2561,53.34938],[-6.25622,53.34936],[-6.25623,53.34939],[-6.25624,53.34943],[-6.25626,53.34943],[-6.25628,53.34943],[-6.2563,53.34943],[-6.25632,53.34943],[-6.25633,53.34945],[-6.25637,53.34955],[-6.25617,53.34959],[-6.25593,53.34962],[-6.25588,53.34949],[-6.25554,53.34954]]}},{"type":"Feature","properties":{"k":"pedestrian","n":""},"geometry":{"type":"LineString","coordinates":[[-6.25689,53.35126],[-6.2571,53.35123],[-6.25782,53.35112],[-6.25781,53.3511],[-6.25811,53.35105],[-6.25812,53.35109],[-6.25822,53.35131],[-6.25824,53.35136],[-6.25831,53.35135],[-6.25849,53.35132],[-6.25847,53.35129],[-6.25855,53.35127],[-6.25854,53.35126],[-6.25853,53.35124],[-6.25838,53.35089],[-6.25821,53.3505],[-6.2582,53.35048],[-6.2582,53.35047],[-6.2579,53.35052],[-6.25802,53.35079],[-6.2577,53.35085],[-6.25769,53.35082],[-6.25696,53.35092],[-6.25676,53.35095],[-6.25689,53.35126]]}},{"type":"Feature","properties":{"k":"park","n":""},"geometry":{"type":"Polygon","coordinates":[[[-6.25406,53.35337],[-6.25397,53.35322],[-6.25373,53.35282],[-6.25406,53.35276],[-6.2543,53.35316],[-6.25439,53.3533],[-6.25406,53.35337]]]}},{"type":"Feature","properties":{"k":"pedestrian","n":""},"geometry":{"type":"LineString","coordinates":[[-6.27873,53.3437],[-6.27844,53.34373],[-6.27841,53.34363],[-6.27819,53.34365],[-6.27822,53.34375],[-6.27805,53.34377],[-6.27803,53.34372],[-6.27798,53.34354],[-6.27806,53.34353],[-6.27805,53.34346],[-6.27808,53.34343],[-6.27812,53.34341],[-6.27818,53.3434],[-6.2782,53.34345],[-6.27836,53.34343],[-6.27842,53.3436],[-6.27869,53.34356],[-6.27871,53.34365],[-6.27873,53.3437]]}},{"type":"Feature","properties":{"k":"minor","n":""},"geometry":{"type":"LineString","coordinates":[[-6.27801,53.35574],[-6.27801,53.35577],[-6.278,53.35579],[-6.27798,53.35584],[-6.27793,53.35591],[-6.27772,53.35615],[-6.27765,53.35624]]}},{"type":"Feature","properties":{"k":"major","n":"Clanbrassil Street Lower"},"geometry":{"type":"LineString","coordinates":[[-6.27301,53.33631],[-6.27317,53.33597],[-6.27328,53.33576],[-6.27339,53.33561],[-6.27356,53.33538],[-6.27367,53.33525],[-6.2737,53.33522],[-6.27375,53.33515]]}},{"type":"Feature","properties":{"k":"minor","n":""},"geometry":{"type":"LineString","coordinates":[[-6.27301,53.33631],[-6.27318,53.33632]]}},{"type":"Feature","properties":{"k":"major","n":"New Street South"},"geometry":{"type":"LineString","coordinates":[[-6.27318,53.33632],[-6.27286,53.33692],[-6.2727,53.33722],[-6.27268,53.33726],[-6.27262,53.33742],[-6.27259,53.33751],[-6.27257,53.33761],[-6.27255,53.33774],[-6.27255,53.33784]]}},{"type":"Feature","properties":{"k":"pedestrian","n":""},"geometry":{"type":"LineString","coordinates":[[-6.24318,53.3477],[-6.2432,53.34758],[-6.24137,53.34746],[-6.24134,53.34746],[-6.24134,53.34747],[-6.24134,53.34752],[-6.24134,53.34753],[-6.24138,53.34757],[-6.24142,53.34758],[-6.24145,53.34758],[-6.24146,53.34758],[-6.24172,53.34761],[-6.24183,53.34761],[-6.24318,53.3477]]}},{"type":"Feature","properties":{"k":"major","n":"College Green"},"geometry":{"type":"LineString","coordinates":[[-6.26238,53.34425],[-6.26226,53.34426],[-6.26218,53.34426],[-6.26209,53.34427],[-6.26181,53.34428]]}},{"type":"Feature","properties":{"k":"minor","n":""},"geometry":{"type":"LineString","coordinates":[[-6.25234,53.3564],[-6.25262,53.35662]]}},{"type":"Feature","properties":{"k":"minor","n":""},"geometry":{"type":"LineString","coordinates":[[-6.2513,53.35719],[-6.25101,53.35697],[-6.2507,53.35674]]}},{"type":"Feature","properties":{"k":"minor","n":""},"geometry":{"type":"LineString","coordinates":[[-6.25101,53.35697],[-6.25151,53.35672]]}},{"type":"Feature","properties":{"k":"minor","n":""},"geometry":{"type":"LineString","coordinates":[[-6.25264,53.35771],[-6.25257,53.35781],[-6.25258,53.35788],[-6.2526,53.35793],[-6.25262,53.35798]]}},{"type":"Feature","properties":{"k":"minor","n":""},"geometry":{"type":"LineString","coordinates":[[-6.25211,53.35787],[-6.25219,53.35784],[-6.25243,53.35776],[-6.25255,53.35774]]}},{"type":"Feature","properties":{"k":"major","n":"North King Street"},"geometry":{"type":"LineString","coordinates":[[-6.2736,53.35016],[-6.27321,53.35017]]}},{"type":"Feature","properties":{"k":"major","n":"North King Street"},"geometry":{"type":"LineString","coordinates":[[-6.27454,53.35014],[-6.27438,53.35018],[-6.27429,53.35019],[-6.27411,53.3502]]}},{"type":"Feature","properties":{"k":"minor","n":""},"geometry":{"type":"LineString","coordinates":[[-6.26724,53.35135],[-6.2672,53.35137],[-6.26702,53.35147],[-6.26693,53.35153]]}},{"type":"Feature","properties":{"k":"minor","n":""},"geometry":{"type":"LineString","coordinates":[[-6.24011,53.35742],[-6.23913,53.35698]]}},{"type":"Feature","properties":{"k":"pedestrian","n":""},"geometry":{"type":"LineString","coordinates":[[-6.25571,53.34392],[-6.25601,53.34393],[-6.25617,53.34394],[-6.25618,53.34382],[-6.25616,53.34382],[-6.25617,53.34373],[-6.25617,53.34372],[-6.25595,53.34371],[-6.25583,53.3437],[-6.25573,53.3437],[-6.25571,53.34392]]}},{"type":"Feature","properties":{"k":"pedestrian","n":""},"geometry":{"type":"LineString","coordinates":[[-6.23953,53.34542],[-6.23955,53.34543],[-6.23955,53.34546],[-6.23957,53.3455],[-6.23959,53.34552],[-6.23965,53.34554],[-6.23957,53.34598],[-6.2395,53.34597],[-6.23944,53.34597],[-6.23953,53.34542]]}},{"type":"Feature","properties":{"k":"park","n":""},"geometry":{"type":"Polygon","coordinates":[[[-6.23956,53.3451],[-6.23928,53.34509],[-6.23911,53.34525],[-6.23909,53.34525],[-6.2392,53.34472],[-6.23964,53.34475],[-6.23958,53.34505],[-6.23956,53.3451]]]}},{"type":"Feature","properties":{"k":"pedestrian","n":""},"geometry":{"type":"LineString","coordinates":[[-6.26129,53.34433],[-6.26106,53.34437],[-6.26091,53.34439],[-6.26094,53.34432],[-6.26099,53.34432],[-6.26107,53.34432],[-6.2613,53.34431],[-6.26133,53.34431],[-6.26134,53.34431],[-6.26135,53.34431],[-6.26135,53.34431],[-6.26135,53.34432],[-6.26135,53.34432],[-6.26134,53.34433],[-6.26129,53.34433]]}},{"type":"Feature","properties":{"k":"pedestrian","n":""},"geometry":{"type":"LineString","coordinates":[[-6.25987,53.34436],[-6.25965,53.34441],[-6.25962,53.34442],[-6.25959,53.34444],[-6.25958,53.34445],[-6.25956,53.34449],[-6.25955,53.34454],[-6.25954,53.34456],[-6.2595,53.3446],[-6.25954,53.34458],[-6.25958,53.34456],[-6.25968,53.34453],[-6.25977,53.3445],[-6.25989,53.34448],[-6.2599,53.34447],[-6.25991,53.34446],[-6.2599,53.34443],[-6.25989,53.34437],[-6.25988,53.34436],[-6.25987,53.34436]]}},{"type":"Feature","properties":{"k":"pedestrian","n":""},"geometry":{"type":"LineString","coordinates":[[-6.26065,53.34439],[-6.26039,53.34441],[-6.26032,53.34441],[-6.26007,53.34443],[-6.26003,53.34443],[-6.26002,53.34443],[-6.26001,53.34442],[-6.26001,53.34441],[-6.26001,53.34439],[-6.26001,53.34438],[-6.26002,53.34438],[-6.26004,53.34437],[-6.26018,53.34436],[-6.26033,53.34435],[-6.26049,53.34434],[-6.26063,53.34433],[-6.26066,53.34433],[-6.26068,53.34434],[-6.26069,53.34436],[-6.26069,53.34437],[-6.26067,53.34438],[-6.26065,53.34439]]}},{"type":"Feature","properties":{"k":"park","n":""},"geometry":{"type":"Polygon","coordinates":[[[-6.24353,53.35587],[-6.24336,53.35586],[-6.24297,53.35546],[-6.24271,53.35521],[-6.24306,53.35501],[-6.24352,53.35524],[-6.24344,53.35555],[-6.24346,53.35558],[-6.24345,53.3556],[-6.24347,53.35573],[-6.24353,53.35582],[-6.24352,53.35585],[-6.24353,53.35587]]]}},{"type":"Feature","properties":{"k":"pedestrian","n":""},"geometry":{"type":"LineString","coordinates":[[-6.26267,53.34456],[-6.26267,53.34455],[-6.26272,53.3445],[-6.26279,53.34447],[-6.26283,53.34447],[-6.26288,53.34446],[-6.26287,53.34443],[-6.26297,53.34444],[-6.26305,53.34447],[-6.26311,53.34451],[-6.26312,53.34454],[-6.26287,53.34455],[-6.26267,53.34456]]}},{"type":"Feature","properties":{"k":"pedestrian","n":""},"geometry":{"type":"LineString","coordinates":[[-6.26547,53.34523],[-6.26545,53.34511],[-6.26543,53.34488],[-6.26543,53.34486]]}},{"type":"Feature","properties":{"k":"pedestrian","n":""},"geometry":{"type":"LineString","coordinates":[[-6.26488,53.3449],[-6.26486,53.34491],[-6.26483,53.34492]]}},{"type":"Feature","properties":{"k":"pedestrian","n":""},"geometry":{"type":"LineString","coordinates":[[-6.26525,53.34686],[-6.26525,53.34687],[-6.26526,53.3469],[-6.26528,53.34695],[-6.26535,53.34716],[-6.26538,53.34724],[-6.2654,53.34729],[-6.26551,53.34762],[-6.26552,53.34763],[-6.26553,53.34765],[-6.26553,53.34767]]}},{"type":"Feature","properties":{"k":"pedestrian","n":""},"geometry":{"type":"LineString","coordinates":[[-6.26523,53.34681],[-6.26525,53.34686]]}},{"type":"Feature","properties":{"k":"major","n":"Christchurch Place"},"geometry":{"type":"LineString","coordinates":[[-6.27026,53.34326],[-6.2702,53.34334],[-6.27015,53.34343],[-6.2701,53.34352],[-6.27007,53.34357],[-6.27003,53.34359]]}},{"type":"Feature","properties":{"k":"major","n":"South Great George's Street"},"geometry":{"type":"LineString","coordinates":[[-6.2644,53.34301],[-6.2644,53.34303],[-6.2644,53.34304],[-6.2644,53.34306],[-6.2644,53.3431],[-6.26445,53.34384],[-6.26445,53.34418]]}},{"type":"Feature","properties":{"k":"minor","n":""},"geometry":{"type":"LineString","coordinates":[[-6.26328,53.33654],[-6.26316,53.33684],[-6.26299,53.33715],[-6.26284,53.33738],[-6.26278,53.33746],[-6.26275,53.33749],[-6.2627,53.33754]]}},{"type":"Feature","properties":{"k":"major","n":"Mellows Bridge"},"geometry":{"type":"LineString","coordinates":[[-6.28042,53.34638],[-6.28047,53.34626],[-6.28049,53.34623]]}},{"type":"Feature","properties":{"k":"water","n":""},"geometry":{"type":"LineString","coordinates":[[-6.28051,53.3464],[-6.28033,53.34637]]}},{"type":"Feature","properties":{"k":"minor","n":""},"geometry":{"type":"LineString","coordinates":[[-6.27057,53.34915],[-6.26984,53.34932],[-6.26961,53.34938]]}},{"type":"Feature","properties":{"k":"major","n":"North King Street"},"geometry":{"type":"LineString","coordinates":[[-6.2706,53.35071],[-6.27036,53.35085],[-6.27023,53.35095]]}},{"type":"Feature","properties":{"k":"major","n":"Cork Street"},"geometry":{"type":"LineString","coordinates":[[-6.28625,53.33727],[-6.286,53.33736],[-6.28575,53.33745],[-6.28554,53.33751],[-6.28525,53.3376],[-6.28479,53.33771],[-6.28472,53.33773],[-6.28449,53.33779],[-6.28429,53.33784],[-6.2839,53.33791],[-6.2835,53.33797],[-6.28329,53.33801],[-6.28271,53.3381],[-6.28221,53.33815],[-6.28184,53.33819],[-6.28181,53.33819],[-6.28158,53.33822],[-6.28133,53.33825],[-6.28129,53.33826],[-6.28123,53.33827],[-6.28064,53.33834],[-6.28011,53.33846],[-6.27977,53.33857]]}},{"type":"Feature","properties":{"k":"water","n":""},"geometry":{"type":"LineString","coordinates":[[-6.24338,53.34701],[-6.24067,53.34681]]}},{"type":"Feature","properties":{"k":"minor","n":""},"geometry":{"type":"LineString","coordinates":[[-6.28007,53.34988],[-6.27997,53.34986],[-6.27985,53.34983],[-6.27983,53.34982],[-6.27976,53.34978],[-6.27969,53.34973],[-6.27967,53.34971],[-6.27955,53.34961]]}},{"type":"Feature","properties":{"k":"major","n":"Constitution Hill"},"geometry":{"type":"LineString","coordinates":[[-6.27328,53.35445],[-6.27322,53.35436]]}},{"type":"Feature","properties":{"k":"major","n":"Western Way"},"geometry":{"type":"LineString","coordinates":[[-6.27328,53.35445],[-6.27309,53.35448],[-6.27269,53.35457],[-6.27261,53.3546]]}},{"type":"Feature","properties":{"k":"minor","n":""},"geometry":{"type":"LineString","coordinates":[[-6.27861,53.33744],[-6.27856,53.33737]]}},{"type":"Feature","properties":{"k":"minor","n":""},"geometry":{"type":"LineString","coordinates":[[-6.27856,53.33737],[-6.27852,53.33731],[-6.27835,53.33703]]}},{"type":"Feature","properties":{"k":"minor","n":""},"geometry":{"type":"LineString","coordinates":[[-6.27502,53.3364],[-6.27502,53.33642],[-6.27504,53.33651],[-6.27504,53.33659],[-6.27505,53.33672],[-6.27505,53.33678],[-6.27504,53.33689],[-6.27503,53.33694],[-6.27502,53.33704]]}},{"type":"Feature","properties":{"k":"major","n":"Butt Bridge"},"geometry":{"type":"LineString","coordinates":[[-6.25496,53.34789],[-6.25495,53.3481],[-6.25495,53.34813],[-6.25495,53.34816]]}},{"type":"Feature","properties":{"k":"minor","n":""},"geometry":{"type":"LineString","coordinates":[[-6.28432,53.33607],[-6.28429,53.33605],[-6.28404,53.33586],[-6.28389,53.33573],[-6.28378,53.33561],[-6.28368,53.33545],[-6.28355,53.33524],[-6.28342,53.33491],[-6.28328,53.33461],[-6.28317,53.33438],[-6.283,53.33403],[-6.28298,53.33397],[-6.28297,53.33392],[-6.28297,53.33385],[-6.28297,53.33379],[-6.283,53.33373],[-6.28303,53.33369],[-6.28307,53.33361],[-6.28308,53.33355],[-6.28307,53.33352]]}},{"type":"Feature","properties":{"k":"water","n":""},"geometry":{"type":"LineString","coordinates":[[-6.24067,53.34681],[-6.22966,53.34595]]}},{"type":"Feature","properties":{"k":"water","n":""},"geometry":{"type":"LineString","coordinates":[[-6.25127,53.34777],[-6.25093,53.34773],[-6.24789,53.34733],[-6.24732,53.34728],[-6.24612,53.34718]]}},{"type":"Feature","properties":{"k":"major","n":"Marrowbone Lane"},"geometry":{"type":"LineString","coordinates":[[-6.28206,53.34107],[-6.28219,53.34098],[-6.28238,53.34086],[-6.2825,53.3408],[-6.28261,53.34075],[-6.28276,53.3407],[-6.28279,53.34069],[-6.28287,53.34067],[-6.283,53.34064],[-6.28325,53.34061]]}},{"type":"Feature","properties":{"k":"major","n":"North Strand Road"},"geometry":{"type":"LineString","coordinates":[[-6.24437,53.35645],[-6.24416,53.3566],[-6.24401,53.3567]]}},{"type":"Feature","properties":{"k":"minor","n":""},"geometry":{"type":"LineString","coordinates":[[-6.28035,53.33682],[-6.28032,53.33685],[-6.28002,53.33719],[-6.27996,53.33725],[-6.27991,53.33724],[-6.27985,53.33722],[-6.27923,53.33703]]}},{"type":"Feature","properties":{"k":"major","n":"Grand Canal Street Upper"},"geometry":{"type":"LineString","coordinates":[[-6.23694,53.33809],[-6.23676,53.33804],[-6.23671,53.33803],[-6.23666,53.33801],[-6.23646,53.33795],[-6.23605,53.33782],[-6.23569,53.3377],[-6.23526,53.33753],[-6.23503,53.33742],[-6.23485,53.33733],[-6.23481,53.33732],[-6.23466,53.33722]]}},{"type":"Feature","properties":{"k":"major","n":"Grand Canal Street Upper"},"geometry":{"type":"LineString","coordinates":[[-6.23873,53.3386],[-6.23851,53.33854]]}},{"type":"Feature","properties":{"k":"major","n":"McKenny's Bridge"},"geometry":{"type":"LineString","coordinates":[[-6.24031,53.33755],[-6.24023,53.33751]]}},{"type":"Feature","properties":{"k":"major","n":"Ringsend Road"},"geometry":{"type":"LineString","coordinates":[[-6.23603,53.3421],[-6.23588,53.34208],[-6.23575,53.34207]]}},{"type":"Feature","properties":{"k":"minor","n":""},"geometry":{"type":"LineString","coordinates":[[-6.27514,53.33552],[-6.27516,53.33559],[-6.27517,53.3356],[-6.27518,53.33568],[-6.27517,53.33577],[-6.27517,53.33586],[-6.27516,53.33588],[-6.27515,53.33593],[-6.27511,53.33597],[-6.27507,53.33602],[-6.27504,53.3361],[-6.27503,53.33613],[-6.27502,53.33621],[-6.27502,53.33632],[-6.27502,53.3364]]}},{"type":"Feature","properties":{"k":"major","n":"Clanbrassil Street Lower"},"geometry":{"type":"LineString","coordinates":[[-6.27375,53.33515],[-6.27385,53.33505],[-6.27415,53.33473],[-6.27435,53.33454],[-6.27451,53.33439]]}},{"type":"Feature","properties":{"k":"minor","n":""},"geometry":{"type":"LineString","coordinates":[[-6.28201,53.33302],[-6.2821,53.333],[-6.28214,53.33298],[-6.28225,53.33295],[-6.28241,53.3329],[-6.28247,53.33289]]}},{"type":"Feature","properties":{"k":"pedestrian","n":""},"geometry":{"type":"LineString","coordinates":[[-6.25295,53.34596],[-6.25289,53.34596],[-6.2528,53.34596],[-6.2527,53.34654],[-6.25215,53.34651],[-6.25215,53.34656],[-6.25214,53.34663],[-6.25269,53.34666],[-6.25265,53.34692],[-6.25268,53.34692],[-6.25272,53.3469],[-6.25274,53.34692],[-6.25275,53.34693],[-6.25272,53.34695],[-6.25271,53.34697],[-6.25315,53.34699],[-6.2531,53.34733],[-6.25322,53.34732],[-6.25329,53.34735],[-6.2533,53.34728],[-6.25328,53.34728],[-6.25331,53.3471],[-6.2534,53.34711],[-6.2534,53.34713],[-6.25386,53.34715],[-6.25386,53.3471],[-6.25387,53.34704],[-6.25366,53.34703],[-6.25362,53.34702],[-6.25339,53.34701],[-6.25341,53.34688],[-6.25342,53.34686],[-6.25339,53.34686],[-6.25315,53.34685],[-6.25317,53.34671],[-6.25317,53.34669],[-6.25316,53.34669],[-6.25293,53.34668],[-6.25295,53.34655],[-6.25295,53.34653],[-6.25297,53.34639],[-6.25319,53.3464],[-6.25317,53.34654],[-6.25317,53.34656],[-6.25318,53.34656],[-6.2532,53.34656],[-6.25343,53.34657],[-6.25341,53.34671],[-6.25341,53.34672],[-6.25344,53.34672],[-6.25366,53.34673],[-6.25364,53.34687],[-6.25364,53.34689],[-6.25368,53.34689],[-6.25389,53.3469],[-6.25391,53.34679],[-6.2539,53.34678],[-6.25383,53.3467],[-6.25344,53.34638],[-6.25299,53.34604],[-6.25298,53.34604],[-6.25294,53.34606],[-6.25291,53.34611],[-6.25287,53.34634],[-6.25282,53.34634],[-6.25277,53.34634],[-6.25282,53.34606],[-6.25291,53.34599],[-6.25295,53.34596]]}},{"type":"Feature","properties":{"k":"minor","n":""},"geometry":{"type":"LineString","coordinates":[[-6.24853,53.35336],[-6.24841,53.35332]]}},{"type":"Feature","properties":{"k":"pedestrian","n":""},"geometry":{"type":"LineString","coordinates":[[-6.25315,53.33846],[-6.25317,53.33846],[-6.25318,53.33847],[-6.25318,53.33848],[-6.25307,53.33859],[-6.25305,53.33859],[-6.25304,53.33859],[-6.25303,53.33858],[-6.25303,53.33858],[-6.25314,53.33846],[-6.25315,53.33846]]}},{"type":"Feature","properties":{"k":"pedestrian","n":""},"geometry":{"type":"LineString","coordinates":[[-6.25299,53.33864],[-6.253,53.33864],[-6.25301,53.33865],[-6.25301,53.33865],[-6.2529,53.33877],[-6.25289,53.33877],[-6.25288,53.33877],[-6.25287,53.33876],[-6.25286,53.33876],[-6.25298,53.33864],[-6.25299,53.33864]]}},{"type":"Feature","properties":{"k":"minor","n":""},"geometry":{"type":"LineString","coordinates":[[-6.24351,53.33822],[-6.24354,53.33822],[-6.24357,53.33822],[-6.24373,53.33821],[-6.24381,53.33821],[-6.2439,53.3382],[-6.24396,53.3382],[-6.24401,53.3382],[-6.24413,53.33821],[-6.24426,53.33824],[-6.24439,53.33825],[-6.24457,53.33828],[-6.24505,53.33843],[-6.24544,53.33857],[-6.24572,53.33867]]}},{"type":"Feature","properties":{"k":"minor","n":""},"geometry":{"type":"LineString","coordinates":[[-6.2434,53.33837],[-6.24354,53.33822]]}},{"type":"Feature","properties":{"k":"minor","n":""},"geometry":{"type":"LineString","coordinates":[[-6.24335,53.33844],[-6.2434,53.33837]]}},{"type":"Feature","properties":{"k":"major","n":"Parnell Square East"},"geometry":{"type":"LineString","coordinates":[[-6.26345,53.35446],[-6.26342,53.35442],[-6.26334,53.35438],[-6.26311,53.35419]]}},{"type":"Feature","properties":{"k":"pedestrian","n":""},"geometry":{"type":"LineString","coordinates":[[-6.2635,53.3544],[-6.26349,53.35439],[-6.26337,53.35429],[-6.26337,53.35428],[-6.26339,53.35427],[-6.26353,53.35427],[-6.26368,53.35427],[-6.26377,53.35426],[-6.26379,53.35427],[-6.26378,53.35429],[-6.26364,53.35435],[-6.26353,53.3544],[-6.26351,53.3544],[-6.2635,53.3544]]}},{"type":"Feature","properties":{"k":"park","n":""},"geometry":{"type":"Polygon","coordinates":[[[-6.25238,53.3427],[-6.25239,53.34266],[-6.25214,53.34263],[-6.25213,53.34264],[-6.25209,53.34263],[-6.25209,53.34265],[-6.25208,53.34267],[-6.25226,53.3427],[-6.25226,53.34269],[-6.25238,53.3427]]]}},{"type":"Feature","properties":{"k":"park","n":""},"geometry":{"type":"Polygon","coordinates":[[[-6.25205,53.34265],[-6.25206,53.34262],[-6.25181,53.34259],[-6.25179,53.34262],[-6.25205,53.34265]]]}},{"type":"Feature","properties":{"k":"pedestrian","n":""},"geometry":{"type":"LineString","coordinates":[[-6.25473,53.34905],[-6.25469,53.34909],[-6.25468,53.3491],[-6.2546,53.34915],[-6.2546,53.34916],[-6.25461,53.34916],[-6.25466,53.34916],[-6.25469,53.34916],[-6.2547,53.34915],[-6.25471,53.34914],[-6.25475,53.34908],[-6.25476,53.34906],[-6.25476,53.34906],[-6.25474,53.34905],[-6.25473,53.34905]]}},{"type":"Feature","properties":{"k":"pedestrian","n":""},"geometry":{"type":"LineString","coordinates":[[-6.25374,53.34951],[-6.25362,53.34953],[-6.25359,53.34953],[-6.25358,53.34954],[-6.25359,53.34956],[-6.25366,53.34964],[-6.25366,53.34964],[-6.25367,53.34964],[-6.25367,53.34961],[-6.2537,53.34957],[-6.25372,53.34954],[-6.25374,53.34952],[-6.25374,53.34951],[-6.25374,53.34951]]}},{"type":"Feature","properties":{"k":"pedestrian","n":""},"geometry":{"type":"LineString","coordinates":[[-6.25208,53.34932],[-6.25193,53.34926],[-6.25178,53.34919],[-6.25175,53.34917],[-6.25169,53.34913],[-6.25161,53.34906],[-6.2516,53.34906],[-6.25159,53.34906],[-6.25159,53.34917],[-6.25158,53.34923],[-6.25154,53.3493],[-6.25149,53.34937],[-6.2515,53.34939],[-6.25152,53.34939],[-6.25162,53.34935],[-6.25178,53.34933],[-6.25188,53.34932],[-6.25206,53.34934],[-6.25208,53.34933],[-6.25208,53.34932]]}},{"type":"Feature","properties":{"k":"minor","n":""},"geometry":{"type":"LineString","coordinates":[[-6.24359,53.33982],[-6.2432,53.34023],[-6.24318,53.34025],[-6.24315,53.34031]]}},{"type":"Feature","properties":{"k":"pedestrian","n":""},"geometry":{"type":"LineString","coordinates":[[-6.27106,53.34441],[-6.27105,53.34439],[-6.27103,53.34438],[-6.27101,53.34437],[-6.27098,53.34437],[-6.27096,53.34438],[-6.27094,53.34439],[-6.27093,53.3444],[-6.27093,53.34441],[-6.27094,53.34443],[-6.27095,53.34444],[-6.27098,53.34445],[-6.271,53.34445],[-6.27102,53.34444],[-6.27104,53.34443],[-6.27105,53.34442],[-6.27106,53.34441]]}},{"type":"Feature","properties":{"k":"park","n":""},"geometry":{"type":"Polygon","coordinates":[[[-6.27165,53.34474],[-6.27106,53.34446],[-6.27105,53.34447],[-6.27101,53.34448],[-6.27096,53.34448],[-6.27093,53.34446],[-6.27073,53.3446],[-6.27077,53.34474],[-6.27087,53.34479],[-6.27156,53.34473],[-6.27158,53.34474],[-6.27165,53.34474]]]}},{"type":"Feature","properties":{"k":"park","n":""},"geometry":{"type":"Polygon","coordinates":[[[-6.2716,53.34411],[-6.27129,53.34414],[-6.2712,53.34421],[-6.2715,53.34419],[-6.2716,53.34411]]]}},{"type":"Feature","properties":{"k":"major","n":"Parnell Square West"},"geometry":{"type":"LineString","coordinates":[[-6.26426,53.35271],[-6.26448,53.35287],[-6.26474,53.35303],[-6.26537,53.35347],[-6.26543,53.35351]]}},{"type":"Feature","properties":{"k":"major","n":"Redmonds Hill"},"geometry":{"type":"LineString","coordinates":[[-6.26586,53.33782],[-6.26594,53.33801],[-6.26609,53.3384]]}},{"type":"Feature","properties":{"k":"minor","n":""},"geometry":{"type":"LineString","coordinates":[[-6.25584,53.33789],[-6.256,53.33769],[-6.25625,53.33742],[-6.25652,53.33708],[-6.25699,53.33649]]}},{"type":"Feature","properties":{"k":"water","n":""},"geometry":{"type":"Polygon","coordinates":[[[-6.27112,53.34024],[-6.2711,53.34024],[-6.27108,53.34023],[-6.27107,53.34022],[-6.27107,53.34021],[-6.27107,53.3402],[-6.27109,53.34019],[-6.2711,53.34018],[-6.27112,53.34018],[-6.27112,53.34018],[-6.27113,53.34018],[-6.27113,53.34017],[-6.27124,53.34017],[-6.27124,53.34018],[-6.27125,53.34018],[-6.27125,53.34019],[-6.27127,53.34019],[-6.27128,53.3402],[-6.27129,53.34021],[-6.2713,53.34022],[-6.27129,53.34023],[-6.27128,53.34024],[-6.27126,53.34025],[-6.27124,53.34025],[-6.27124,53.34025],[-6.27123,53.34025],[-6.27123,53.34026],[-6.27113,53.34026],[-6.27113,53.34025],[-6.27112,53.34025],[-6.27112,53.34024]]]}},{"type":"Feature","properties":{"k":"minor","n":""},"geometry":{"type":"LineString","coordinates":[[-6.24409,53.35593],[-6.24462,53.35621],[-6.24468,53.35624]]}},{"type":"Feature","properties":{"k":"minor","n":""},"geometry":{"type":"LineString","coordinates":[[-6.26971,53.33981],[-6.26963,53.33983],[-6.26959,53.33984],[-6.26924,53.33991],[-6.26905,53.33996]]}},{"type":"Feature","properties":{"k":"pedestrian","n":""},"geometry":{"type":"LineString","coordinates":[[-6.25251,53.35161],[-6.25255,53.35165],[-6.25261,53.35174],[-6.25283,53.35198],[-6.2529,53.35206],[-6.25299,53.35219],[-6.25305,53.35218],[-6.25316,53.35217]]}},{"type":"Feature","properties":{"k":"minor","n":""},"geometry":{"type":"LineString","coordinates":[[-6.25897,53.33954],[-6.25917,53.33959],[-6.26023,53.33985],[-6.26035,53.33988],[-6.26043,53.33989],[-6.26051,53.33991],[-6.26055,53.33991],[-6.26059,53.33991],[-6.26066,53.3399]]}},{"type":"Feature","properties":{"k":"water","n":""},"geometry":{"type":"Polygon","coordinates":[[[-6.26088,53.33493],[-6.26088,53.33495],[-6.26087,53.33496],[-6.26086,53.33497],[-6.26083,53.33498],[-6.26081,53.33498],[-6.26078,53.33498],[-6.26076,53.33497],[-6.26075,53.33495],[-6.26075,53.33494],[-6.26076,53.33492],[-6.26078,53.33491],[-6.2608,53.3349],[-6.26083,53.3349],[-6.26085,53.33491],[-6.26087,53.33492],[-6.26088,53.33493]]]}},{"type":"Feature","properties":{"k":"water","n":""},"geometry":{"type":"Polygon","coordinates":[[[-6.26062,53.33536],[-6.26062,53.33538],[-6.26061,53.33539],[-6.2606,53.3354],[-6.26057,53.33541],[-6.26055,53.33541],[-6.26052,53.33541],[-6.2605,53.3354],[-6.26049,53.33538],[-6.26049,53.33537],[-6.2605,53.33535],[-6.26052,53.33534],[-6.26054,53.33533],[-6.26057,53.33533],[-6.26059,53.33534],[-6.26061,53.33535],[-6.26062,53.33536]]]}},{"type":"Feature","properties":{"k":"water","n":""},"geometry":{"type":"Polygon","coordinates":[[[-6.26204,53.33532],[-6.26199,53.33535],[-6.26193,53.33535],[-6.26189,53.33537],[-6.26186,53.33538],[-6.26185,53.33538],[-6.26182,53.33538],[-6.2618,53.33538],[-6.26179,53.33539],[-6.26179,53.3354],[-6.26179,53.33541],[-6.2618,53.33542],[-6.26181,53.33542],[-6.26183,53.33542],[-6.26184,53.33544],[-6.26185,53.33547],[-6.26186,53.33549],[-6.26188,53.33549],[-6.2619,53.3355],[-6.26192,53.33551],[-6.26194,53.33552],[-6.26196,53.33553],[-6.26198,53.33552],[-6.26198,53.33549],[-6.26199,53.33546],[-6.26201,53.33542],[-6.26204,53.33537],[-6.26206,53.33535],[-6.26206,53.33534],[-6.26205,53.33533],[-6.26204,53.33532]]]}},{"type":"Feature","properties":{"k":"major","n":"Amiens Street"},"geometry":{"type":"LineString","coordinates":[[-6.24862,53.35295],[-6.24824,53.35326]]}},{"type":"Feature","properties":{"k":"minor","n":""},"geometry":{"type":"LineString","coordinates":[[-6.25011,53.34994],[-6.25016,53.34996],[-6.2502,53.34998],[-6.25022,53.35],[-6.25024,53.35003],[-6.25025,53.35005],[-6.25025,53.35008],[-6.25024,53.35013],[-6.2502,53.35022],[-6.25011,53.3504],[-6.25,53.35057],[-6.24995,53.35064],[-6.24988,53.35071],[-6.24985,53.35073],[-6.24978,53.35078],[-6.24965,53.35087],[-6.24928,53.35113],[-6.24919,53.35119],[-6.24916,53.35121],[-6.24902,53.35126],[-6.24889,53.35127],[-6.24865,53.35125],[-6.24838,53.35123],[-6.24829,53.35123]]}},{"type":"Feature","properties":{"k":"minor","n":""},"geometry":{"type":"LineString","coordinates":[[-6.28463,53.34738],[-6.28453,53.34766],[-6.28453,53.34767],[-6.28452,53.34769]]}},{"type":"Feature","properties":{"k":"major","n":"Parnell Street"},"geometry":{"type":"LineString","coordinates":[[-6.2609,53.35282],[-6.26087,53.35284],[-6.26017,53.35316],[-6.26008,53.3532]]}},{"type":"Feature","properties":{"k":"major","n":"St. Stephen's Green"},"geometry":{"type":"LineString","coordinates":[[-6.25583,53.33804],[-6.2558,53.33819],[-6.25564,53.3384],[-6.25562,53.33843],[-6.25562,53.33846],[-6.25563,53.33849],[-6.25566,53.33853],[-6.2557,53.33858]]}},{"type":"Feature","properties":{"k":"pedestrian","n":""},"geometry":{"type":"LineString","coordinates":[[-6.25119,53.34031],[-6.25114,53.34037],[-6.25108,53.34043],[-6.25096,53.34039],[-6.25103,53.34032],[-6.25108,53.34027],[-6.25119,53.34031]]}},{"type":"Feature","properties":{"k":"major","n":"Queen Street"},"geometry":{"type":"LineString","coordinates":[[-6.27983,53.34847],[-6.27995,53.34803],[-6.28,53.34784],[-6.28003,53.34771],[-6.28005,53.34762],[-6.28013,53.34727],[-6.28014,53.34724],[-6.28015,53.3472],[-6.28016,53.34717]]}},{"type":"Feature","properties":{"k":"major","n":"High Street"},"geometry":{"type":"LineString","coordinates":[[-6.27231,53.34292],[-6.27311,53.34307],[-6.27383,53.34319]]}},{"type":"Feature","properties":{"k":"major","n":"High Street"},"geometry":{"type":"LineString","coordinates":[[-6.27197,53.34296],[-6.2718,53.34295]]}},{"type":"Feature","properties":{"k":"minor","n":""},"geometry":{"type":"LineString","coordinates":[[-6.27009,53.34135],[-6.27008,53.34106],[-6.27006,53.34075]]}},{"type":"Feature","properties":{"k":"major","n":"Kevin Street Upper"},"geometry":{"type":"LineString","coordinates":[[-6.27251,53.33885],[-6.27229,53.33879],[-6.27223,53.33877],[-6.27219,53.33875]]}},{"type":"Feature","properties":{"k":"major","n":"New Street South"},"geometry":{"type":"LineString","coordinates":[[-6.27251,53.33885],[-6.27249,53.33872],[-6.27245,53.33842]]}},{"type":"Feature","properties":{"k":"major","n":"Parnell Street"},"geometry":{"type":"LineString","coordinates":[[-6.2663,53.35048],[-6.26604,53.35058]]}},{"type":"Feature","properties":{"k":"major","n":"Bolton Street"},"geometry":{"type":"LineString","coordinates":[[-6.26904,53.35217],[-6.26844,53.35282],[-6.26837,53.35289],[-6.26837,53.35289],[-6.26832,53.35293],[-6.2683,53.35296]]}},{"type":"Feature","properties":{"k":"major","n":"Arran Quay"},"geometry":{"type":"LineString","coordinates":[[-6.28014,53.3466],[-6.27996,53.34657]]}},{"type":"Feature","properties":{"k":"major","n":"Arran Quay"},"geometry":{"type":"LineString","coordinates":[[-6.2759,53.34583],[-6.27585,53.34582],[-6.2758,53.34582],[-6.27563,53.34581]]}},{"type":"Feature","properties":{"k":"major","n":"Queen Street"},"geometry":{"type":"LineString","coordinates":[[-6.28016,53.34717],[-6.28017,53.34715],[-6.28029,53.34674],[-6.2803,53.3467],[-6.28032,53.34663]]}},{"type":"Feature","properties":{"k":"major","n":"Bridge Street Upper"},"geometry":{"type":"LineString","coordinates":[[-6.2755,53.34366],[-6.27503,53.34356],[-6.27484,53.34351],[-6.27478,53.34349],[-6.27449,53.3434]]}},{"type":"Feature","properties":{"k":"pedestrian","n":""},"geometry":{"type":"LineString","coordinates":[[-6.24385,53.34789],[-6.24383,53.34803],[-6.24381,53.34811],[-6.2438,53.34821],[-6.24378,53.3483],[-6.24377,53.34839],[-6.24364,53.34838],[-6.2435,53.34837],[-6.2435,53.34836],[-6.24358,53.34788],[-6.24371,53.34789],[-6.24382,53.34789],[-6.24385,53.34789]]}},{"type":"Feature","properties":{"k":"pedestrian","n":""},"geometry":{"type":"LineString","coordinates":[[-6.24367,53.34888],[-6.24357,53.34887],[-6.24348,53.34886],[-6.24352,53.34848],[-6.24362,53.34849],[-6.24375,53.3485],[-6.24373,53.34859],[-6.24372,53.34865],[-6.24369,53.34875],[-6.24368,53.3488],[-6.24367,53.34888]]}},{"type":"Feature","properties":{"k":"major","n":"Moss Street"},"geometry":{"type":"LineString","coordinates":[[-6.25201,53.34655],[-6.25205,53.34628]]}},{"type":"Feature","properties":{"k":"major","n":"Moss Street"},"geometry":{"type":"LineString","coordinates":[[-6.25205,53.34628],[-6.25206,53.34622],[-6.2521,53.34589],[-6.25211,53.34585],[-6.25211,53.3458]]}},{"type":"Feature","properties":{"k":"major","n":"Pearse Street"},"geometry":{"type":"LineString","coordinates":[[-6.25321,53.34488],[-6.25336,53.34491],[-6.25395,53.34501],[-6.25441,53.3451],[-6.25445,53.34511],[-6.25462,53.34514],[-6.25502,53.34522]]}},{"type":"Feature","properties":{"k":"major","n":"Tara Street"},"geometry":{"type":"LineString","coordinates":[[-6.25514,53.34642],[-6.25512,53.34672],[-6.25512,53.34677],[-6.25511,53.34683]]}},{"type":"Feature","properties":{"k":"pedestrian","n":""},"geometry":{"type":"LineString","coordinates":[[-6.24352,53.34921],[-6.24357,53.34887],[-6.24362,53.34849],[-6.24362,53.34847],[-6.24363,53.34844],[-6.24364,53.34838],[-6.24371,53.34789],[-6.24373,53.34779]]}},{"type":"Feature","properties":{"k":"pedestrian","n":""},"geometry":{"type":"LineString","coordinates":[[-6.2498,53.34977],[-6.24981,53.34973],[-6.24986,53.34973],[-6.24995,53.34974],[-6.24994,53.34976],[-6.24999,53.34976],[-6.24999,53.34974],[-6.25004,53.34976],[-6.25011,53.34978],[-6.25018,53.3498],[-6.25026,53.3498],[-6.25036,53.3498],[-6.25045,53.34979],[-6.25052,53.34977],[-6.25051,53.3498],[-6.25056,53.3498],[-6.25057,53.34978],[-6.25064,53.34979],[-6.25072,53.34981],[-6.25082,53.34984],[-6.2508,53.34989],[-6.25079,53.34989],[-6.25078,53.34989],[-6.25073,53.34989],[-6.25066,53.34989],[-6.2506,53.34989],[-6.25049,53.3499],[-6.25042,53.34991],[-6.25036,53.34992],[-6.25031,53.34992],[-6.25026,53.34992],[-6.25018,53.34991],[-6.2501,53.3499],[-6.25,53.34987],[-6.24984,53.34983],[-6.24982,53.34982],[-6.24981,53.34981],[-6.2498,53.34979],[-6.2498,53.34977]]}},{"type":"Feature","properties":{"k":"pedestrian","n":""},"geometry":{"type":"LineString","coordinates":[[-6.2411,53.34817],[-6.24122,53.34817],[-6.24194,53.34822],[-6.24196,53.34824],[-6.24199,53.34829],[-6.24205,53.34835],[-6.2421,53.3484]]}},{"type":"Feature","properties":{"k":"pedestrian","n":""},"geometry":{"type":"LineString","coordinates":[[-6.242,53.34824],[-6.24196,53.34824],[-6.24194,53.34824],[-6.24124,53.3482],[-6.24122,53.3482],[-6.24122,53.34817],[-6.24124,53.34806],[-6.2419,53.3481],[-6.24196,53.3481],[-6.24199,53.3481],[-6.24198,53.34816],[-6.24202,53.34816],[-6.24201,53.34822],[-6.242,53.34824]]}},{"type":"Feature","properties":{"k":"major","n":"Grand Canal Street Lower"},"geometry":{"type":"LineString","coordinates":[[-6.24251,53.34003],[-6.24216,53.33988]]}},{"type":"Feature","properties":{"k":"major","n":"Grand Canal Street Lower"},"geometry":{"type":"LineString","coordinates":[[-6.24136,53.33953],[-6.24123,53.33947]]}},{"type":"Feature","properties":{"k":"minor","n":""},"geometry":{"type":"LineString","coordinates":[[-6.24127,53.34217],[-6.2413,53.34198],[-6.24134,53.34179],[-6.24136,53.34169],[-6.24144,53.34134]]}},{"type":"Feature","properties":{"k":"major","n":"Sandwith Street Lower"},"geometry":{"type":"LineString","coordinates":[[-6.24708,53.34472],[-6.24691,53.34441],[-6.24689,53.34437],[-6.24678,53.34419],[-6.24661,53.34387]]}},{"type":"Feature","properties":{"k":"minor","n":""},"geometry":{"type":"LineString","coordinates":[[-6.25129,53.35441],[-6.25146,53.35437]]}},{"type":"Feature","properties":{"k":"pedestrian","n":""},"geometry":{"type":"LineString","coordinates":[[-6.25232,53.35307],[-6.25212,53.35282],[-6.25201,53.35267],[-6.25196,53.35261],[-6.25179,53.35239]]}},{"type":"Feature","properties":{"k":"major","n":"Northumberland Road"},"geometry":{"type":"LineString","coordinates":[[-6.23598,53.33312],[-6.23588,53.33298],[-6.23581,53.33289],[-6.23559,53.33258],[-6.23554,53.3325],[-6.23547,53.3324]]}},{"type":"Feature","properties":{"k":"minor","n":""},"geometry":{"type":"LineString","coordinates":[[-6.27761,53.34416],[-6.27699,53.34415]]}},{"type":"Feature","properties":{"k":"minor","n":""},"geometry":{"type":"LineString","coordinates":[[-6.27704,53.34888],[-6.27632,53.34878],[-6.27626,53.34878]]}},{"type":"Feature","properties":{"k":"major","n":"MacMahon Bridge"},"geometry":{"type":"LineString","coordinates":[[-6.23729,53.34225],[-6.237,53.34222]]}},{"type":"Feature","properties":{"k":"major","n":"South Great George's Street"},"geometry":{"type":"LineString","coordinates":[[-6.26447,53.34261],[-6.26444,53.34278],[-6.2644,53.34301]]}},{"type":"Feature","properties":{"k":"pedestrian","n":""},"geometry":{"type":"LineString","coordinates":[[-6.26073,53.33997],[-6.26071,53.33995],[-6.26069,53.33993]]}},{"type":"Feature","properties":{"k":"pedestrian","n":""},"geometry":{"type":"LineString","coordinates":[[-6.25939,53.34324],[-6.25937,53.34323],[-6.25936,53.34321],[-6.25936,53.3432],[-6.25938,53.34317],[-6.25941,53.34311],[-6.25958,53.34271],[-6.25961,53.34259]]}},{"type":"Feature","properties":{"k":"water","n":""},"geometry":{"type":"LineString","coordinates":[[-6.26541,53.346],[-6.26378,53.3462],[-6.2631,53.34632]]}},{"type":"Feature","properties":{"k":"water","n":""},"geometry":{"type":"LineString","coordinates":[[-6.28033,53.34637],[-6.27976,53.34626],[-6.27912,53.34612]]}},{"type":"Feature","properties":{"k":"water","n":""},"geometry":{"type":"LineString","coordinates":[[-6.29001,53.34705],[-6.28902,53.34687],[-6.28612,53.34684],[-6.28403,53.34676]]}},{"type":"Feature","properties":{"k":"major","n":"Christchurch Place"},"geometry":{"type":"LineString","coordinates":[[-6.27101,53.34304],[-6.27075,53.34307]]}},{"type":"Feature","properties":{"k":"major","n":"Christchurch Place"},"geometry":{"type":"LineString","coordinates":[[-6.27036,53.3432],[-6.27026,53.34326]]}},{"type":"Feature","properties":{"k":"minor","n":""},"geometry":{"type":"LineString","coordinates":[[-6.27001,53.34043],[-6.26998,53.34036],[-6.2699,53.34017],[-6.2698,53.33993],[-6.26978,53.33991],[-6.26971,53.33981],[-6.26933,53.33929]]}},{"type":"Feature","properties":{"k":"minor","n":""},"geometry":{"type":"LineString","coordinates":[[-6.26697,53.34105],[-6.26694,53.34108]]}},{"type":"Feature","properties":{"k":"minor","n":""},"geometry":{"type":"LineString","coordinates":[[-6.26737,53.34008],[-6.26736,53.34007],[-6.26735,53.34006],[-6.2673,53.33977],[-6.26723,53.33969]]}},{"type":"Feature","properties":{"k":"water","n":""},"geometry":{"type":"LineString","coordinates":[[-6.25851,53.34741],[-6.25789,53.34753],[-6.25726,53.34764]]}},{"type":"Feature","properties":{"k":"major","n":"O'Connell Bridge"},"geometry":{"type":"LineString","coordinates":[[-6.25891,53.34723],[-6.25886,53.34713],[-6.25884,53.34711]]}},{"type":"Feature","properties":{"k":"minor","n":""},"geometry":{"type":"LineString","coordinates":[[-6.25936,53.34812],[-6.25918,53.34774]]}},{"type":"Feature","properties":{"k":"minor","n":""},"geometry":{"type":"LineString","coordinates":[[-6.26633,53.33838],[-6.26622,53.33839]]}},{"type":"Feature","properties":{"k":"minor","n":""},"geometry":{"type":"LineString","coordinates":[[-6.26933,53.33929],[-6.2693,53.33923]]}},{"type":"Feature","properties":{"k":"major","n":"Kevin Street Upper"},"geometry":{"type":"LineString","coordinates":[[-6.27219,53.33875],[-6.27203,53.3387],[-6.27199,53.33869],[-6.27193,53.33867],[-6.27118,53.33846]]}},{"type":"Feature","properties":{"k":"major","n":"New Street South"},"geometry":{"type":"LineString","coordinates":[[-6.27244,53.3384],[-6.27242,53.33821],[-6.2724,53.33806],[-6.2724,53.33794],[-6.27241,53.33782],[-6.27242,53.3377],[-6.27245,53.33755]]}},{"type":"Feature","properties":{"k":"major","n":"New Street South"},"geometry":{"type":"LineString","coordinates":[[-6.27245,53.33755],[-6.27248,53.33743],[-6.27253,53.3373],[-6.27259,53.33715],[-6.27266,53.33699],[-6.27272,53.33686],[-6.27294,53.33644],[-6.27301,53.33631]]}},{"type":"Feature","properties":{"k":"major","n":"Patrick Street"},"geometry":{"type":"LineString","coordinates":[[-6.27237,53.34069],[-6.27239,53.34082],[-6.27238,53.34096],[-6.27234,53.34151]]}},{"type":"Feature","properties":{"k":"minor","n":""},"geometry":{"type":"LineString","coordinates":[[-6.26626,53.33858],[-6.26656,53.33891],[-6.26673,53.33911],[-6.26695,53.33936],[-6.26698,53.33939]]}},{"type":"Feature","properties":{"k":"minor","n":""},"geometry":{"type":"LineString","coordinates":[[-6.27071,53.33889],[-6.27069,53.33884],[-6.27068,53.33879],[-6.27067,53.33843],[-6.27072,53.33836]]}},{"type":"Feature","properties":{"k":"minor","n":""},"geometry":{"type":"LineString","coordinates":[[-6.2757,53.33485],[-6.27559,53.33494],[-6.27538,53.33511],[-6.27523,53.33524],[-6.27518,53.33529],[-6.27515,53.33534],[-6.27513,53.3354],[-6.27513,53.33546],[-6.27513,53.33549],[-6.27514,53.33552]]}},{"type":"Feature","properties":{"k":"minor","n":""},"geometry":{"type":"LineString","coordinates":[[-6.27502,53.33704],[-6.27503,53.33708],[-6.27508,53.33718],[-6.27514,53.33726],[-6.27516,53.33729],[-6.27519,53.33732]]}},{"type":"Feature","properties":{"k":"minor","n":""},"geometry":{"type":"LineString","coordinates":[[-6.27115,53.33609],[-6.27125,53.33609],[-6.27132,53.3361],[-6.27144,53.33614],[-6.27152,53.33615]]}},{"type":"Feature","properties":{"k":"major","n":"New Street South"},"geometry":{"type":"LineString","coordinates":[[-6.27266,53.33851],[-6.27267,53.33865],[-6.27268,53.33869],[-6.27268,53.33873],[-6.27269,53.33893]]}},{"type":"Feature","properties":{"k":"minor","n":""},"geometry":{"type":"LineString","coordinates":[[-6.27643,53.34152],[-6.27657,53.34151],[-6.27708,53.34149],[-6.2772,53.34148],[-6.27756,53.34146]]}},{"type":"Feature","properties":{"k":"major","n":"The Coombe"},"geometry":{"type":"LineString","coordinates":[[-6.27713,53.33979],[-6.27727,53.3398],[-6.27741,53.33982],[-6.27752,53.33982],[-6.2779,53.33983],[-6.27794,53.33983],[-6.27801,53.33983]]}},{"type":"Feature","properties":{"k":"major","n":"Northumberland Road"},"geometry":{"type":"LineString","coordinates":[[-6.23783,53.33574],[-6.23767,53.33552],[-6.23749,53.33526],[-6.23724,53.33493],[-6.23708,53.33472],[-6.23705,53.33468],[-6.23692,53.33449],[-6.23683,53.33436],[-6.23675,53.33424],[-6.23669,53.33415],[-6.23668,53.33414],[-6.23663,53.33406],[-6.23654,53.33393],[-6.23628,53.33355],[-6.23619,53.33342],[-6.23615,53.33337],[-6.23609,53.33328],[-6.23598,53.33312]]}},{"type":"Feature","properties":{"k":"major","n":"Constitution Hill"},"geometry":{"type":"LineString","coordinates":[[-6.27297,53.35349],[-6.27298,53.35343],[-6.27306,53.35312]]}},{"type":"Feature","properties":{"k":"water","n":""},"geometry":{"type":"LineString","coordinates":[[-6.26842,53.34564],[-6.26795,53.34569]]}},{"type":"Feature","properties":{"k":"major","n":"Baggot Street Lower"},"geometry":{"type":"LineString","coordinates":[[-6.25118,53.33752],[-6.2512,53.33753],[-6.25127,53.33756],[-6.25132,53.33756],[-6.25137,53.33756],[-6.25141,53.33755],[-6.25145,53.33754]]}},{"type":"Feature","properties":{"k":"major","n":"Baggot Street Lower"},"geometry":{"type":"LineString","coordinates":[[-6.24907,53.33686],[-6.249,53.33684],[-6.24897,53.33683],[-6.24889,53.33679],[-6.24888,53.33677],[-6.2485,53.33653],[-6.24844,53.3365],[-6.24823,53.33636],[-6.24767,53.33599],[-6.2474,53.33581],[-6.24733,53.33577],[-6.24663,53.33529],[-6.24638,53.33511],[-6.24628,53.33501],[-6.24569,53.33452],[-6.24566,53.33449],[-6.24567,53.33439]]}},{"type":"Feature","properties":{"k":"minor","n":""},"geometry":{"type":"LineString","coordinates":[[-6.24907,53.33686],[-6.24915,53.33678]]}},{"type":"Feature","properties":{"k":"minor","n":""},"geometry":{"type":"LineString","coordinates":[[-6.26723,53.33969],[-6.26716,53.3396],[-6.26702,53.33944],[-6.26698,53.33939]]}},{"type":"Feature","properties":{"k":"minor","n":""},"geometry":{"type":"LineString","coordinates":[[-6.26888,53.34339],[-6.26898,53.34336],[-6.26912,53.34333],[-6.26939,53.34327],[-6.2696,53.34322],[-6.26978,53.3432]]}},{"type":"Feature","properties":{"k":"pedestrian","n":""},"geometry":{"type":"LineString","coordinates":[[-6.26872,53.34409],[-6.26884,53.34434],[-6.26895,53.34458],[-6.26897,53.34461],[-6.26898,53.34462]]}},{"type":"Feature","properties":{"k":"minor","n":""},"geometry":{"type":"LineString","coordinates":[[-6.26798,53.34426],[-6.26794,53.3443],[-6.26801,53.34444]]}},{"type":"Feature","properties":{"k":"minor","n":""},"geometry":{"type":"LineString","coordinates":[[-6.26994,53.34492],[-6.26982,53.34453],[-6.26981,53.3445],[-6.26978,53.34441],[-6.26975,53.34434],[-6.26976,53.34429],[-6.26978,53.34425],[-6.26983,53.34419],[-6.26993,53.3441]]}},{"type":"Feature","properties":{"k":"minor","n":""},"geometry":{"type":"LineString","coordinates":[[-6.27506,53.34171],[-6.275,53.34161]]}},{"type":"Feature","properties":{"k":"minor","n":""},"geometry":{"type":"LineString","coordinates":[[-6.275,53.34161],[-6.27485,53.34139],[-6.27483,53.34135],[-6.27459,53.341]]}},{"type":"Feature","properties":{"k":"major","n":"Nicholas Street"},"geometry":{"type":"LineString","coordinates":[[-6.27233,53.34169],[-6.27233,53.34182]]}},{"type":"Feature","properties":{"k":"minor","n":""},"geometry":{"type":"LineString","coordinates":[[-6.26694,53.34108],[-6.2668,53.34119],[-6.26667,53.34128],[-6.2666,53.34132],[-6.26654,53.34135],[-6.26641,53.34141],[-6.26637,53.34143],[-6.26632,53.34145],[-6.26613,53.3415],[-6.26606,53.34151],[-6.26596,53.34152],[-6.26586,53.34153],[-6.26571,53.34152],[-6.26562,53.34151],[-6.2656,53.34151],[-6.26554,53.34151],[-6.26548,53.3415],[-6.26539,53.34148]]}},{"type":"Feature","properties":{"k":"major","n":"The Coombe"},"geometry":{"type":"LineString","coordinates":[[-6.27697,53.33978],[-6.27713,53.33979]]}},{"type":"Feature","properties":{"k":"minor","n":""},"geometry":{"type":"LineString","coordinates":[[-6.27027,53.34707],[-6.27029,53.34728],[-6.27032,53.34762],[-6.27034,53.34794],[-6.27036,53.34812],[-6.27038,53.34817],[-6.27039,53.34823]]}},{"type":"Feature","properties":{"k":"pedestrian","n":""},"geometry":{"type":"LineString","coordinates":[[-6.26836,53.34731],[-6.26836,53.34729],[-6.26835,53.34727],[-6.26834,53.34724],[-6.26812,53.34666],[-6.26806,53.3465],[-6.26806,53.34648]]}},{"type":"Feature","properties":{"k":"minor","n":""},"geometry":{"type":"LineString","coordinates":[[-6.25974,53.35492],[-6.25982,53.35498],[-6.26013,53.3552],[-6.26028,53.35531],[-6.26035,53.35536],[-6.2604,53.35539],[-6.2609,53.35575],[-6.26098,53.35581]]}},{"type":"Feature","properties":{"k":"major","n":"Mountjoy Square West"},"geometry":{"type":"LineString","coordinates":[[-6.25803,53.35574],[-6.25813,53.35584],[-6.25895,53.35664],[-6.25898,53.35667],[-6.2591,53.35679]]}},{"type":"Feature","properties":{"k":"major","n":"Parnell Street"},"geometry":{"type":"LineString","coordinates":[[-6.25843,53.35382],[-6.25819,53.35388]]}},{"type":"Feature","properties":{"k":"major","n":"Church Street"},"geometry":{"type":"LineString","coordinates":[[-6.27477,53.34801],[-6.27476,53.34831],[-6.27472,53.34871],[-6.27472,53.34879],[-6.27471,53.34919],[-6.27469,53.3495],[-6.27468,53.34957],[-6.27466,53.34985],[-6.27461,53.34998]]}},{"type":"Feature","properties":{"k":"minor","n":""},"geometry":{"type":"LineString","coordinates":[[-6.27332,53.34807],[-6.2745,53.34801],[-6.27477,53.34801]]}},{"type":"Feature","properties":{"k":"major","n":"Fenian Street"},"geometry":{"type":"LineString","coordinates":[[-6.24619,53.34138],[-6.246,53.34134],[-6.24595,53.34132],[-6.24561,53.34122],[-6.24554,53.3412],[-6.2454,53.34115]]}},{"type":"Feature","properties":{"k":"water","n":""},"geometry":{"type":"LineString","coordinates":[[-6.24612,53.34718],[-6.24338,53.34701]]}},{"type":"Feature","properties":{"k":"water","n":""},"geometry":{"type":"LineString","coordinates":[[-6.25924,53.34725],[-6.25851,53.34741]]}},{"type":"Feature","properties":{"k":"major","n":"Sandwith Street Lower"},"geometry":{"type":"LineString","coordinates":[[-6.24713,53.34484],[-6.24708,53.34472]]}},{"type":"Feature","properties":{"k":"major","n":"Cornmarket"},"geometry":{"type":"LineString","coordinates":[[-6.27508,53.34335],[-6.2749,53.34337]]}},{"type":"Feature","properties":{"k":"minor","n":""},"geometry":{"type":"LineString","coordinates":[[-6.27879,53.34161],[-6.2788,53.34164],[-6.27912,53.34223],[-6.27917,53.34232],[-6.27919,53.34242],[-6.27919,53.34257]]}},{"type":"Feature","properties":{"k":"minor","n":""},"geometry":{"type":"LineString","coordinates":[[-6.28107,53.34076],[-6.28066,53.3402],[-6.28055,53.34004],[-6.2804,53.33984],[-6.28029,53.3397],[-6.28011,53.33947],[-6.28004,53.3394],[-6.27999,53.33935]]}},{"type":"Feature","properties":{"k":"major","n":"Thomas Street"},"geometry":{"type":"LineString","coordinates":[[-6.27915,53.34283],[-6.27894,53.34282],[-6.2785,53.34281],[-6.27824,53.3428],[-6.27817,53.3428],[-6.27811,53.3428],[-6.27797,53.3428],[-6.27775,53.3428],[-6.27763,53.3428],[-6.27754,53.3428],[-6.27742,53.34282],[-6.27718,53.34287],[-6.2771,53.34288],[-6.27692,53.34292],[-6.27634,53.34303],[-6.27617,53.34307]]}},{"type":"Feature","properties":{"k":"major","n":"Pearse Street"},"geometry":{"type":"LineString","coordinates":[[-6.24578,53.34343],[-6.24552,53.34337],[-6.24539,53.34335],[-6.2448,53.34323],[-6.24469,53.34321],[-6.24456,53.34318]]}},{"type":"Feature","properties":{"k":"major","n":"Lincoln Place"},"geometry":{"type":"LineString","coordinates":[[-6.25079,53.34202],[-6.25071,53.34198],[-6.25061,53.34196],[-6.25054,53.34194],[-6.25047,53.34194],[-6.2504,53.34194]]}},{"type":"Feature","properties":{"k":"major","n":"Pearse Street"},"geometry":{"type":"LineString","coordinates":[[-6.24963,53.34419],[-6.25013,53.34428],[-6.25048,53.34435],[-6.25113,53.34448],[-6.25142,53.34453],[-6.25152,53.34455],[-6.25214,53.34467],[-6.25221,53.34469],[-6.2523,53.3447],[-6.25261,53.34477]]}},{"type":"Feature","properties":{"k":"major","n":"Aston Quay"},"geometry":{"type":"LineString","coordinates":[[-6.25944,53.34686],[-6.25993,53.34674],[-6.26008,53.34671]]}},{"type":"Feature","properties":{"k":"major","n":"D'Olier Street"},"geometry":{"type":"LineString","coordinates":[[-6.25852,53.34671],[-6.25843,53.34665],[-6.25832,53.34658],[-6.25823,53.34652],[-6.25801,53.34637],[-6.25793,53.34631]]}},{"type":"Feature","properties":{"k":"major","n":"Fenian Street"},"geometry":{"type":"LineString","coordinates":[[-6.24949,53.34174],[-6.2489,53.34164],[-6.24874,53.34161],[-6.24861,53.3416],[-6.24796,53.34154],[-6.24745,53.3415],[-6.24735,53.34149],[-6.24697,53.34145],[-6.24648,53.34141],[-6.24634,53.3414],[-6.24619,53.34138]]}},{"type":"Feature","properties":{"k":"major","n":"Pearse Street"},"geometry":{"type":"LineString","coordinates":[[-6.2484,53.34394],[-6.24864,53.34399],[-6.24898,53.34405]]}},{"type":"Feature","properties":{"k":"major","n":"Dawson Street"},"geometry":{"type":"LineString","coordinates":[[-6.25859,53.34009],[-6.25856,53.34019],[-6.25854,53.34024],[-6.25847,53.34049],[-6.2584,53.34072],[-6.25833,53.34098],[-6.25831,53.34107],[-6.2583,53.3411],[-6.25824,53.3413]]}},{"type":"Feature","properties":{"k":"minor","n":""},"geometry":{"type":"LineString","coordinates":[[-6.26776,53.3457],[-6.26768,53.34548]]}},{"type":"Feature","properties":{"k":"minor","n":""},"geometry":{"type":"LineString","coordinates":[[-6.24233,53.33626],[-6.24241,53.3363]]}},{"type":"Feature","properties":{"k":"minor","n":""},"geometry":{"type":"LineString","coordinates":[[-6.24328,53.33664],[-6.24333,53.3366],[-6.24339,53.33658],[-6.24346,53.33657],[-6.24358,53.33657],[-6.24366,53.33658],[-6.24378,53.33661],[-6.2439,53.33665],[-6.24402,53.3367],[-6.24412,53.33676],[-6.24423,53.33682],[-6.24426,53.33687],[-6.24426,53.33691],[-6.24421,53.33698]]}},{"type":"Feature","properties":{"k":"major","n":"High Street"},"geometry":{"type":"LineString","coordinates":[[-6.27383,53.34319],[-6.27416,53.34326],[-6.27432,53.34328],[-6.27451,53.34328]]}},{"type":"Feature","properties":{"k":"major","n":"Cornmarket"},"geometry":{"type":"LineString","coordinates":[[-6.27451,53.34328],[-6.27456,53.34328],[-6.27462,53.34328],[-6.27472,53.34328],[-6.27488,53.34327]]}},{"type":"Feature","properties":{"k":"pedestrian","n":""},"geometry":{"type":"LineString","coordinates":[[-6.25744,53.33942],[-6.25722,53.33936],[-6.25721,53.33938],[-6.25708,53.33954],[-6.25715,53.33956],[-6.25731,53.3396],[-6.25741,53.33947],[-6.25742,53.33945],[-6.25744,53.33942]]}},{"type":"Feature","properties":{"k":"water","n":""},"geometry":{"type":"LineString","coordinates":[[-6.27226,53.34527],[-6.27199,53.34528]]}},{"type":"Feature","properties":{"k":"minor","n":""},"geometry":{"type":"LineString","coordinates":[[-6.27919,53.35676],[-6.27907,53.35677],[-6.27904,53.35677],[-6.27899,53.35678],[-6.27886,53.35682],[-6.27879,53.35683]]}},{"type":"Feature","properties":{"k":"water","n":""},"geometry":{"type":"LineString","coordinates":[[-6.26554,53.34599],[-6.26541,53.346]]}},{"type":"Feature","properties":{"k":"water","n":""},"geometry":{"type":"LineString","coordinates":[[-6.25726,53.34764],[-6.25686,53.3477],[-6.25499,53.34785]]}},{"type":"Feature","properties":{"k":"minor","n":""},"geometry":{"type":"LineString","coordinates":[[-6.27213,53.34524],[-6.27216,53.34543]]}},{"type":"Feature","properties":{"k":"minor","n":""},"geometry":{"type":"LineString","coordinates":[[-6.27849,53.35629],[-6.27845,53.35623],[-6.27835,53.35608],[-6.27827,53.35592],[-6.27823,53.35584],[-6.27822,53.3558],[-6.27821,53.35574]]}},{"type":"Feature","properties":{"k":"minor","n":""},"geometry":{"type":"LineString","coordinates":[[-6.27247,53.35636],[-6.27254,53.35587],[-6.27258,53.35566],[-6.27262,53.35549],[-6.27269,53.35522]]}},{"type":"Feature","properties":{"k":"minor","n":""},"geometry":{"type":"LineString","coordinates":[[-6.27784,53.33882],[-6.27784,53.33875],[-6.27784,53.33874],[-6.27783,53.33872],[-6.27783,53.33849],[-6.27783,53.33823],[-6.27782,53.33798]]}},{"type":"Feature","properties":{"k":"minor","n":""},"geometry":{"type":"LineString","coordinates":[[-6.28307,53.33352],[-6.28301,53.33344],[-6.28289,53.33332],[-6.28276,53.33319],[-6.28247,53.33289]]}},{"type":"Feature","properties":{"k":"minor","n":""},"geometry":{"type":"LineString","coordinates":[[-6.27782,53.33798],[-6.27741,53.33798],[-6.2773,53.33797],[-6.27676,53.33796],[-6.2762,53.33795]]}},{"type":"Feature","properties":{"k":"major","n":"The Coombe"},"geometry":{"type":"LineString","coordinates":[[-6.27801,53.33983],[-6.27813,53.33983],[-6.27816,53.33983],[-6.27822,53.33983],[-6.2786,53.33981],[-6.27879,53.33979],[-6.27893,53.33976],[-6.27909,53.33972],[-6.2792,53.33968],[-6.27946,53.33958],[-6.27996,53.33937],[-6.27999,53.33935]]}},{"type":"Feature","properties":{"k":"minor","n":""},"geometry":{"type":"LineString","coordinates":[[-6.25303,53.34584],[-6.25302,53.34584],[-6.25279,53.34583],[-6.25226,53.3458],[-6.25219,53.3458],[-6.25211,53.3458]]}},{"type":"Feature","properties":{"k":"major","n":"Blackhall Place"},"geometry":{"type":"LineString","coordinates":[[-6.282,53.34858],[-6.28198,53.34863],[-6.28198,53.34867],[-6.28196,53.34875]]}},{"type":"Feature","properties":{"k":"minor","n":""},"geometry":{"type":"LineString","coordinates":[[-6.24744,53.33707],[-6.24733,53.3372],[-6.24687,53.33765],[-6.24672,53.33779],[-6.24665,53.33785]]}},{"type":"Feature","properties":{"k":"major","n":"The Coombe"},"geometry":{"type":"LineString","coordinates":[[-6.27347,53.33914],[-6.27322,53.33908]]}},{"type":"Feature","properties":{"k":"minor","n":""},"geometry":{"type":"LineString","coordinates":[[-6.27617,53.34307],[-6.27612,53.34305],[-6.27608,53.34302],[-6.27606,53.343],[-6.27605,53.34299]]}},{"type":"Feature","properties":{"k":"major","n":"The Coombe"},"geometry":{"type":"LineString","coordinates":[[-6.27359,53.33916],[-6.27347,53.33914]]}},{"type":"Feature","properties":{"k":"major","n":"Bridge of Dublin"},"geometry":{"type":"LineString","coordinates":[[-6.27584,53.34532],[-6.27581,53.34539],[-6.27575,53.34554]]}},{"type":"Feature","properties":{"k":"major","n":"Dorset Street Upper"},"geometry":{"type":"LineString","coordinates":[[-6.26446,53.35687],[-6.26455,53.35678],[-6.26457,53.35676],[-6.26469,53.35663]]}},{"type":"Feature","properties":{"k":"water","n":""},"geometry":{"type":"LineString","coordinates":[[-6.2631,53.34632],[-6.26264,53.3464],[-6.26203,53.34656]]}},{"type":"Feature","properties":{"k":"minor","n":""},"geometry":{"type":"LineString","coordinates":[[-6.26707,53.35844],[-6.26712,53.35838],[-6.26756,53.35778]]}},{"type":"Feature","properties":{"k":"major","n":"Parnell Street"},"geometry":{"type":"LineString","coordinates":[[-6.26604,53.35058],[-6.26541,53.35079]]}},{"type":"Feature","properties":{"k":"major","n":"Sheriff Street Upper"},"geometry":{"type":"LineString","coordinates":[[-6.24008,53.35056],[-6.23988,53.35055]]}},{"type":"Feature","properties":{"k":"major","n":"Ardee Street"},"geometry":{"type":"LineString","coordinates":[[-6.27999,53.33935],[-6.27992,53.33926],[-6.27981,53.33912],[-6.27974,53.33903],[-6.27969,53.33898]]}},{"type":"Feature","properties":{"k":"major","n":"Leeson Street Lower"},"geometry":{"type":"LineString","coordinates":[[-6.25674,53.33583],[-6.25688,53.33594],[-6.25706,53.33607],[-6.2571,53.33609],[-6.25718,53.33612],[-6.25726,53.33614]]}},{"type":"Feature","properties":{"k":"minor","n":""},"geometry":{"type":"LineString","coordinates":[[-6.24816,53.34479],[-6.24801,53.34492],[-6.24797,53.34496],[-6.24789,53.34503],[-6.24777,53.34514],[-6.24776,53.34515],[-6.24768,53.34521]]}},{"type":"Feature","properties":{"k":"minor","n":""},"geometry":{"type":"LineString","coordinates":[[-6.24578,53.34052],[-6.24547,53.34042]]}},{"type":"Feature","properties":{"k":"minor","n":""},"geometry":{"type":"LineString","coordinates":[[-6.24547,53.34042],[-6.24538,53.34039],[-6.24535,53.34035],[-6.24514,53.34027],[-6.24455,53.34006],[-6.24436,53.33999]]}},{"type":"Feature","properties":{"k":"minor","n":""},"geometry":{"type":"LineString","coordinates":[[-6.24389,53.34169],[-6.24391,53.34169],[-6.244,53.34171],[-6.24417,53.34173]]}},{"type":"Feature","properties":{"k":"minor","n":""},"geometry":{"type":"LineString","coordinates":[[-6.24168,53.33993],[-6.24171,53.33984],[-6.24174,53.3398],[-6.24176,53.33978],[-6.24179,53.33976],[-6.24184,53.33974]]}},{"type":"Feature","properties":{"k":"minor","n":""},"geometry":{"type":"LineString","coordinates":[[-6.24188,53.33977],[-6.24182,53.33982],[-6.24181,53.33983],[-6.24176,53.33989],[-6.24168,53.34005]]}},{"type":"Feature","properties":{"k":"major","n":"Pearse Street"},"geometry":{"type":"LineString","coordinates":[[-6.24656,53.34378],[-6.24657,53.34371],[-6.24658,53.34368],[-6.24659,53.34367],[-6.24661,53.34366],[-6.24665,53.34363],[-6.2467,53.34361]]}},{"type":"Feature","properties":{"k":"minor","n":""},"geometry":{"type":"LineString","coordinates":[[-6.26504,53.35117],[-6.2649,53.35109],[-6.26485,53.35107],[-6.26477,53.35103],[-6.26471,53.351],[-6.26467,53.35099],[-6.26462,53.35099]]}},{"type":"Feature","properties":{"k":"pedestrian","n":""},"geometry":{"type":"LineString","coordinates":[[-6.27136,53.35288],[-6.27129,53.35288]]}},{"type":"Feature","properties":{"k":"pedestrian","n":""},"geometry":{"type":"LineString","coordinates":[[-6.2719,53.35291],[-6.27176,53.3529]]}},{"type":"Feature","properties":{"k":"pedestrian","n":""},"geometry":{"type":"LineString","coordinates":[[-6.27176,53.3529],[-6.27136,53.35288]]}},{"type":"Feature","properties":{"k":"major","n":"Church Street"},"geometry":{"type":"LineString","coordinates":[[-6.27503,53.34707],[-6.27502,53.34708],[-6.27501,53.3471],[-6.27492,53.34731]]}},{"type":"Feature","properties":{"k":"minor","n":""},"geometry":{"type":"LineString","coordinates":[[-6.27443,53.34689],[-6.27442,53.34691]]}},{"type":"Feature","properties":{"k":"minor","n":""},"geometry":{"type":"LineString","coordinates":[[-6.25271,53.35658],[-6.25262,53.35662],[-6.25237,53.35672],[-6.2519,53.35693],[-6.2513,53.35719]]}},{"type":"Feature","properties":{"k":"minor","n":""},"geometry":{"type":"LineString","coordinates":[[-6.24138,53.34249],[-6.24144,53.34226],[-6.24125,53.34224]]}},{"type":"Feature","properties":{"k":"major","n":"Aston Quay"},"geometry":{"type":"LineString","coordinates":[[-6.25894,53.34697],[-6.25906,53.34694],[-6.25914,53.34692]]}},{"type":"Feature","properties":{"k":"major","n":"Grand Canal Street Upper"},"geometry":{"type":"LineString","coordinates":[[-6.23851,53.33854],[-6.23841,53.33851],[-6.23812,53.33843]]}},{"type":"Feature","properties":{"k":"major","n":"MacMahon Bridge"},"geometry":{"type":"LineString","coordinates":[[-6.23796,53.34234],[-6.23758,53.34229],[-6.23729,53.34225]]}},{"type":"Feature","properties":{"k":"pedestrian","n":""},"geometry":{"type":"LineString","coordinates":[[-6.26232,53.34032],[-6.26234,53.34028]]}},{"type":"Feature","properties":{"k":"pedestrian","n":""},"geometry":{"type":"LineString","coordinates":[[-6.26185,53.34022],[-6.26187,53.34019]]}},{"type":"Feature","properties":{"k":"minor","n":""},"geometry":{"type":"LineString","coordinates":[[-6.26807,53.34359],[-6.26838,53.34352],[-6.26876,53.34342]]}},{"type":"Feature","properties":{"k":"minor","n":""},"geometry":{"type":"LineString","coordinates":[[-6.2676,53.34372],[-6.2677,53.34369],[-6.26779,53.34367],[-6.26807,53.34359],[-6.26807,53.34359]]}},{"type":"Feature","properties":{"k":"minor","n":""},"geometry":{"type":"LineString","coordinates":[[-6.25699,53.33649],[-6.25707,53.3364]]}},{"type":"Feature","properties":{"k":"major","n":"St. Stephen's Green"},"geometry":{"type":"LineString","coordinates":[[-6.2571,53.33652],[-6.2569,53.33675]]}},{"type":"Feature","properties":{"k":"major","n":"Thomas Court"},"geometry":{"type":"LineString","coordinates":[[-6.28152,53.34325],[-6.28156,53.34316],[-6.28159,53.34299],[-6.28163,53.34279],[-6.28164,53.34274],[-6.28174,53.3425],[-6.28176,53.34241],[-6.28178,53.34234],[-6.28178,53.3423],[-6.28178,53.34222],[-6.28177,53.34216],[-6.28177,53.34165],[-6.28178,53.34151],[-6.28178,53.34147]]}},{"type":"Feature","properties":{"k":"minor","n":""},"geometry":{"type":"LineString","coordinates":[[-6.28123,53.34381],[-6.2811,53.34386],[-6.28056,53.34384],[-6.28037,53.34384],[-6.28013,53.34388],[-6.2796,53.34395],[-6.27917,53.34403],[-6.27912,53.34404],[-6.2787,53.34409],[-6.27853,53.34412],[-6.27821,53.34416],[-6.2779,53.34417],[-6.27787,53.34417],[-6.27775,53.34417],[-6.27761,53.34416]]}},{"type":"Feature","properties":{"k":"major","n":"Thomas Street"},"geometry":{"type":"LineString","coordinates":[[-6.28137,53.34322],[-6.28123,53.34319]]}},{"type":"Feature","properties":{"k":"major","n":"Thomas Street"},"geometry":{"type":"LineString","coordinates":[[-6.28152,53.34325],[-6.28137,53.34322]]}},{"type":"Feature","properties":{"k":"minor","n":""},"geometry":{"type":"LineString","coordinates":[[-6.27946,53.35054],[-6.2789,53.35052],[-6.2785,53.3505],[-6.27845,53.3505],[-6.27769,53.35057],[-6.27693,53.35064],[-6.27669,53.35066],[-6.27664,53.35066],[-6.27635,53.35069],[-6.27582,53.35074],[-6.27555,53.35075],[-6.27544,53.35075],[-6.27511,53.35076],[-6.27444,53.35074],[-6.27438,53.35074],[-6.27435,53.35074],[-6.27428,53.35073]]}},{"type":"Feature","properties":{"k":"major","n":"Summerhill"},"geometry":{"type":"LineString","coordinates":[[-6.25303,53.35565],[-6.25317,53.35555],[-6.25338,53.35547],[-6.25457,53.35503]]}},{"type":"Feature","properties":{"k":"park","n":""},"geometry":{"type":"Polygon","coordinates":[[[-6.28567,53.33818],[-6.28524,53.3383],[-6.28489,53.33839],[-6.28455,53.33792],[-6.28481,53.33786],[-6.28495,53.33783],[-6.28531,53.33772],[-6.28567,53.33818]]]}},{"type":"Feature","properties":{"k":"pedestrian","n":""},"geometry":{"type":"LineString","coordinates":[[-6.23658,53.34883],[-6.23672,53.34884],[-6.23751,53.34888],[-6.23777,53.3489]]}},{"type":"Feature","properties":{"k":"minor","n":""},"geometry":{"type":"LineString","coordinates":[[-6.28059,53.34532],[-6.28076,53.34535]]}},{"type":"Feature","properties":{"k":"minor","n":""},"geometry":{"type":"LineString","coordinates":[[-6.23735,53.35025],[-6.23754,53.35027]]}},{"type":"Feature","properties":{"k":"minor","n":""},"geometry":{"type":"LineString","coordinates":[[-6.27394,53.33516],[-6.27396,53.33517],[-6.274,53.3352],[-6.27408,53.33523]]}},{"type":"Feature","properties":{"k":"minor","n":""},"geometry":{"type":"LineString","coordinates":[[-6.27152,53.33615],[-6.27239,53.33625],[-6.27286,53.33629],[-6.27295,53.3363],[-6.27301,53.33631]]}},{"type":"Feature","properties":{"k":"minor","n":""},"geometry":{"type":"LineString","coordinates":[[-6.27203,53.33548],[-6.27184,53.33547],[-6.27151,53.33544],[-6.27147,53.33544],[-6.27144,53.33544]]}},{"type":"Feature","properties":{"k":"major","n":"Samuel Beckett Bridge"},"geometry":{"type":"LineString","coordinates":[[-6.24128,53.34747],[-6.24123,53.34752],[-6.2412,53.34756]]}},{"type":"Feature","properties":{"k":"major","n":"Samuel Beckett Bridge"},"geometry":{"type":"LineString","coordinates":[[-6.24115,53.34746],[-6.24134,53.34641],[-6.24134,53.34638],[-6.24131,53.34635]]}},{"type":"Feature","properties":{"k":"pedestrian","n":""},"geometry":{"type":"LineString","coordinates":[[-6.23542,53.33652],[-6.23539,53.33649],[-6.23515,53.33618]]}},{"type":"Feature","properties":{"k":"pedestrian","n":""},"geometry":{"type":"LineString","coordinates":[[-6.23539,53.33649],[-6.23543,53.33648],[-6.2354,53.33645],[-6.23533,53.33613],[-6.23531,53.33614],[-6.23515,53.33618],[-6.23497,53.33624],[-6.23495,53.33624],[-6.23533,53.33647],[-6.23536,53.3365],[-6.23539,53.33649]]}},{"type":"Feature","properties":{"k":"minor","n":""},"geometry":{"type":"LineString","coordinates":[[-6.27112,53.33505],[-6.26982,53.33513],[-6.26977,53.33514]]}},{"type":"Feature","properties":{"k":"major","n":"Beresford Place"},"geometry":{"type":"LineString","coordinates":[[-6.25439,53.3492],[-6.25386,53.34934],[-6.25358,53.34939],[-6.25356,53.34939],[-6.25339,53.34942]]}},{"type":"Feature","properties":{"k":"minor","n":""},"geometry":{"type":"LineString","coordinates":[[-6.25494,53.3492],[-6.25467,53.34925]]}},{"type":"Feature","properties":{"k":"minor","n":""},"geometry":{"type":"LineString","coordinates":[[-6.27958,53.35057],[-6.27946,53.35054]]}},{"type":"Feature","properties":{"k":"minor","n":""},"geometry":{"type":"LineString","coordinates":[[-6.25365,53.35087],[-6.25371,53.35087],[-6.25392,53.35083]]}},{"type":"Feature","properties":{"k":"minor","n":""},"geometry":{"type":"LineString","coordinates":[[-6.23885,53.355],[-6.23887,53.35491],[-6.23888,53.35478],[-6.23889,53.35452],[-6.23887,53.35418],[-6.23886,53.35415],[-6.23882,53.35412]]}},{"type":"Feature","properties":{"k":"minor","n":""},"geometry":{"type":"LineString","coordinates":[[-6.23638,53.3539],[-6.23633,53.35388],[-6.23477,53.35316],[-6.23429,53.35295],[-6.23371,53.35269],[-6.23306,53.35238]]}},{"type":"Feature","properties":{"k":"minor","n":""},"geometry":{"type":"LineString","coordinates":[[-6.23638,53.3539],[-6.23609,53.35414],[-6.2358,53.35438],[-6.23556,53.35458],[-6.23523,53.35485],[-6.23521,53.35487],[-6.2349,53.35513],[-6.23461,53.35537],[-6.23459,53.35538],[-6.23449,53.35546],[-6.23422,53.35568],[-6.23388,53.35597],[-6.23371,53.35611],[-6.23356,53.35623],[-6.23353,53.35626],[-6.23311,53.3566],[-6.23287,53.3568]]}},{"type":"Feature","properties":{"k":"major","n":"Lombard Street East"},"geometry":{"type":"LineString","coordinates":[[-6.2483,53.34682],[-6.24808,53.34678],[-6.24798,53.34674],[-6.24796,53.34673],[-6.24793,53.3467]]}},{"type":"Feature","properties":{"k":"major","n":"Westmoreland Street"},"geometry":{"type":"LineString","coordinates":[[-6.25913,53.34533],[-6.25914,53.34534],[-6.25915,53.34536],[-6.25915,53.34539],[-6.25914,53.34564],[-6.25914,53.34566]]}},{"type":"Feature","properties":{"k":"pedestrian","n":""},"geometry":{"type":"LineString","coordinates":[[-6.26768,53.34976],[-6.26765,53.34968],[-6.26761,53.34959],[-6.26758,53.34961],[-6.26756,53.34963],[-6.26754,53.34965],[-6.26753,53.34967],[-6.26754,53.34969],[-6.26755,53.34971],[-6.26757,53.34973],[-6.26761,53.34975],[-6.26764,53.34976],[-6.26768,53.34976]]}},{"type":"Feature","properties":{"k":"pedestrian","n":""},"geometry":{"type":"LineString","coordinates":[[-6.27868,53.33931],[-6.27882,53.33927],[-6.27893,53.33924],[-6.27904,53.33921],[-6.27878,53.33892],[-6.27887,53.3389],[-6.27876,53.3389],[-6.27871,53.3389],[-6.27868,53.33931]]}},{"type":"Feature","properties":{"k":"water","n":""},"geometry":{"type":"LineString","coordinates":[[-6.27686,53.34566],[-6.27603,53.34555],[-6.27576,53.34552]]}},{"type":"Feature","properties":{"k":"water","n":""},"geometry":{"type":"LineString","coordinates":[[-6.27356,53.34532],[-6.27252,53.34527]]}},{"type":"Feature","properties":{"k":"water","n":""},"geometry":{"type":"LineString","coordinates":[[-6.26742,53.34575],[-6.26554,53.34599]]}},{"type":"Feature","properties":{"k":"water","n":""},"geometry":{"type":"LineString","coordinates":[[-6.27003,53.34546],[-6.26975,53.34549]]}},{"type":"Feature","properties":{"k":"water","n":""},"geometry":{"type":"LineString","coordinates":[[-6.26975,53.34549],[-6.26842,53.34564]]}},{"type":"Feature","properties":{"k":"water","n":""},"geometry":{"type":"LineString","coordinates":[[-6.28403,53.34676],[-6.28366,53.34675],[-6.28051,53.3464]]}},{"type":"Feature","properties":{"k":"water","n":""},"geometry":{"type":"LineString","coordinates":[[-6.27576,53.34552],[-6.27356,53.34532]]}},{"type":"Feature","properties":{"k":"water","n":""},"geometry":{"type":"LineString","coordinates":[[-6.26203,53.34656],[-6.25982,53.34712],[-6.25924,53.34725]]}},{"type":"Feature","properties":{"k":"minor","n":""},"geometry":{"type":"LineString","coordinates":[[-6.25586,53.338],[-6.25577,53.33798]]}},{"type":"Feature","properties":{"k":"water","n":""},"geometry":{"type":"LineString","coordinates":[[-6.27783,53.34585],[-6.27686,53.34566]]}},{"type":"Feature","properties":{"k":"minor","n":""},"geometry":{"type":"LineString","coordinates":[[-6.24641,53.3436],[-6.24641,53.34353]]}},{"type":"Feature","properties":{"k":"minor","n":""},"geometry":{"type":"LineString","coordinates":[[-6.27951,53.33989],[-6.27984,53.33982]]}},{"type":"Feature","properties":{"k":"minor","n":""},"geometry":{"type":"LineString","coordinates":[[-6.26808,53.35425],[-6.26838,53.35436]]}},{"type":"Feature","properties":{"k":"major","n":"North Strand Road"},"geometry":{"type":"LineString","coordinates":[[-6.2444,53.35643],[-6.24439,53.35644],[-6.24437,53.35645]]}},{"type":"Feature","properties":{"k":"major","n":"Beresford Place"},"geometry":{"type":"LineString","coordinates":[[-6.25495,53.34829],[-6.25495,53.34838]]}},{"type":"Feature","properties":{"k":"major","n":"Eden Quay"},"geometry":{"type":"LineString","coordinates":[[-6.25575,53.34819],[-6.25529,53.34825],[-6.25521,53.34826],[-6.25516,53.34826],[-6.25495,53.34829]]}},{"type":"Feature","properties":{"k":"pedestrian","n":""},"geometry":{"type":"LineString","coordinates":[[-6.27892,53.34866],[-6.27894,53.34857],[-6.27895,53.34854]]}},{"type":"Feature","properties":{"k":"pedestrian","n":""},"geometry":{"type":"LineString","coordinates":[[-6.27889,53.34877],[-6.27892,53.34866]]}},{"type":"Feature","properties":{"k":"pedestrian","n":""},"geometry":{"type":"LineString","coordinates":[[-6.279,53.34858],[-6.27901,53.34855],[-6.27902,53.34851],[-6.27891,53.3485],[-6.27858,53.34847],[-6.27857,53.34851],[-6.27856,53.34856],[-6.27852,53.3487],[-6.2786,53.34871],[-6.2786,53.34873],[-6.27858,53.3488],[-6.27883,53.34882],[-6.2789,53.34883],[-6.27894,53.34883],[-6.27895,53.34877],[-6.27896,53.34874],[-6.279,53.34858]]}},{"type":"Feature","properties":{"k":"pedestrian","n":""},"geometry":{"type":"LineString","coordinates":[[-6.27886,53.34898],[-6.27889,53.34886]]}},{"type":"Feature","properties":{"k":"pedestrian","n":""},"geometry":{"type":"LineString","coordinates":[[-6.27885,53.34901],[-6.27886,53.34898]]}},{"type":"Feature","properties":{"k":"pedestrian","n":""},"geometry":{"type":"LineString","coordinates":[[-6.2786,53.34873],[-6.27847,53.34872],[-6.27844,53.34872]]}},{"type":"Feature","properties":{"k":"pedestrian","n":""},"geometry":{"type":"LineString","coordinates":[[-6.27889,53.34886],[-6.2789,53.34883],[-6.27891,53.34879]]}},{"type":"Feature","properties":{"k":"pedestrian","n":""},"geometry":{"type":"LineString","coordinates":[[-6.27661,53.34837],[-6.27659,53.34836],[-6.27653,53.34835]]}},{"type":"Feature","properties":{"k":"pedestrian","n":""},"geometry":{"type":"LineString","coordinates":[[-6.27678,53.34839],[-6.27661,53.34837]]}},{"type":"Feature","properties":{"k":"pedestrian","n":""},"geometry":{"type":"LineString","coordinates":[[-6.27675,53.34814],[-6.27697,53.34817]]}},{"type":"Feature","properties":{"k":"pedestrian","n":""},"geometry":{"type":"LineString","coordinates":[[-6.2789,53.34854],[-6.27891,53.3485],[-6.2791,53.34774],[-6.27912,53.34766]]}},{"type":"Feature","properties":{"k":"major","n":"St. Stephen's Green"},"geometry":{"type":"LineString","coordinates":[[-6.25726,53.33614],[-6.25717,53.33628]]}},{"type":"Feature","properties":{"k":"pedestrian","n":""},"geometry":{"type":"LineString","coordinates":[[-6.25736,53.3364],[-6.25739,53.33641],[-6.25744,53.33642],[-6.25748,53.33645],[-6.25751,53.33646],[-6.25769,53.33676]]}},{"type":"Feature","properties":{"k":"major","n":"St. Stephen's Green"},"geometry":{"type":"LineString","coordinates":[[-6.2559,53.33796],[-6.25586,53.338]]}},{"type":"Feature","properties":{"k":"major","n":"St. Stephen's Green"},"geometry":{"type":"LineString","coordinates":[[-6.25543,53.33855],[-6.25529,53.33859]]}},{"type":"Feature","properties":{"k":"major","n":"St. Stephen's Green"},"geometry":{"type":"LineString","coordinates":[[-6.256,53.33783],[-6.25598,53.33786],[-6.25594,53.3379],[-6.25592,53.33793],[-6.2559,53.33796]]}},{"type":"Feature","properties":{"k":"minor","n":""},"geometry":{"type":"LineString","coordinates":[[-6.27305,53.34055],[-6.27313,53.34054]]}},{"type":"Feature","properties":{"k":"minor","n":""},"geometry":{"type":"LineString","coordinates":[[-6.27313,53.34054],[-6.27316,53.34051],[-6.27318,53.34049]]}},{"type":"Feature","properties":{"k":"minor","n":""},"geometry":{"type":"LineString","coordinates":[[-6.27419,53.3404],[-6.27409,53.34022],[-6.27398,53.34002],[-6.27374,53.33959],[-6.27359,53.33928],[-6.27358,53.33925],[-6.27359,53.33923],[-6.27359,53.33916]]}},{"type":"Feature","properties":{"k":"park","n":""},"geometry":{"type":"Polygon","coordinates":[[[-6.24174,53.33372],[-6.24141,53.33396],[-6.24119,53.33417],[-6.24119,53.33416],[-6.24106,53.33401],[-6.24092,53.33385],[-6.24167,53.33368],[-6.24172,53.33369],[-6.24174,53.33372]]]}},{"type":"Feature","properties":{"k":"major","n":"D'Olier Street"},"geometry":{"type":"LineString","coordinates":[[-6.25879,53.347],[-6.25873,53.34691],[-6.25868,53.34683],[-6.25866,53.3468],[-6.25852,53.34671]]}},{"type":"Feature","properties":{"k":"major","n":"Beresford Place"},"geometry":{"type":"LineString","coordinates":[[-6.25467,53.34925],[-6.25444,53.34932],[-6.25402,53.34945],[-6.25391,53.34949],[-6.25388,53.3495],[-6.25385,53.34951],[-6.2538,53.34955],[-6.25376,53.34958],[-6.25374,53.34962],[-6.25373,53.34969],[-6.25373,53.34976]]}},{"type":"Feature","properties":{"k":"pedestrian","n":""},"geometry":{"type":"LineString","coordinates":[[-6.26509,53.34898],[-6.26511,53.34904]]}},{"type":"Feature","properties":{"k":"pedestrian","n":""},"geometry":{"type":"LineString","coordinates":[[-6.26576,53.34894],[-6.26574,53.34888]]}},{"type":"Feature","properties":{"k":"major","n":"St. Stephen's Green"},"geometry":{"type":"LineString","coordinates":[[-6.25707,53.3364],[-6.2571,53.33652]]}},{"type":"Feature","properties":{"k":"major","n":"Portland Row"},"geometry":{"type":"LineString","coordinates":[[-6.24795,53.35565],[-6.24726,53.35514]]}},{"type":"Feature","properties":{"k":"minor","n":""},"geometry":{"type":"LineString","coordinates":[[-6.24984,53.3543],[-6.24993,53.35454],[-6.25028,53.35513]]}},{"type":"Feature","properties":{"k":"minor","n":""},"geometry":{"type":"LineString","coordinates":[[-6.24904,53.35299],[-6.24913,53.35316],[-6.24945,53.3537]]}},{"type":"Feature","properties":{"k":"major","n":"Amiens Street"},"geometry":{"type":"LineString","coordinates":[[-6.2488,53.35279],[-6.24875,53.35283],[-6.24862,53.35295]]}},{"type":"Feature","properties":{"k":"major","n":"Dawson Street"},"geometry":{"type":"LineString","coordinates":[[-6.25809,53.3418],[-6.25785,53.34262],[-6.25782,53.34271],[-6.25781,53.34275],[-6.25781,53.34276],[-6.25781,53.34279],[-6.25782,53.34281],[-6.25783,53.34284]]}},{"type":"Feature","properties":{"k":"minor","n":""},"geometry":{"type":"LineString","coordinates":[[-6.2567,53.34184],[-6.25631,53.34255],[-6.25629,53.34259]]}},{"type":"Feature","properties":{"k":"major","n":"Dawson Street"},"geometry":{"type":"LineString","coordinates":[[-6.25809,53.3418],[-6.25804,53.34177],[-6.25804,53.34176],[-6.25806,53.34168],[-6.25816,53.34134],[-6.25816,53.34133],[-6.25816,53.34131]]}},{"type":"Feature","properties":{"k":"minor","n":""},"geometry":{"type":"LineString","coordinates":[[-6.25703,53.34116],[-6.25695,53.34114],[-6.25547,53.34087],[-6.25542,53.34086],[-6.2553,53.34084]]}},{"type":"Feature","properties":{"k":"pedestrian","n":""},"geometry":{"type":"LineString","coordinates":[[-6.25838,53.34137],[-6.25833,53.34136],[-6.25822,53.34135]]}},{"type":"Feature","properties":{"k":"pedestrian","n":""},"geometry":{"type":"LineString","coordinates":[[-6.25858,53.34139],[-6.25838,53.34137]]}},{"type":"Feature","properties":{"k":"major","n":"Kildare Street"},"geometry":{"type":"LineString","coordinates":[[-6.25492,53.3415],[-6.25508,53.34123],[-6.25517,53.34106]]}},{"type":"Feature","properties":{"k":"major","n":"Usher's Quay"},"geometry":{"type":"LineString","coordinates":[[-6.27587,53.34528],[-6.27595,53.34529],[-6.27611,53.34532]]}},{"type":"Feature","properties":{"k":"major","n":"Bridge Street Lower"},"geometry":{"type":"LineString","coordinates":[[-6.276,53.34508],[-6.27595,53.34516],[-6.27592,53.3452],[-6.27589,53.34525],[-6.27587,53.34528]]}},{"type":"Feature","properties":{"k":"minor","n":""},"geometry":{"type":"LineString","coordinates":[[-6.2573,53.3488],[-6.2571,53.34883]]}},{"type":"Feature","properties":{"k":"minor","n":""},"geometry":{"type":"LineString","coordinates":[[-6.25762,53.34875],[-6.25759,53.34876],[-6.2573,53.3488]]}},{"type":"Feature","properties":{"k":"major","n":"Baggot Street Lower"},"geometry":{"type":"LineString","coordinates":[[-6.24854,53.33643],[-6.24893,53.33669],[-6.24899,53.33671],[-6.24904,53.33674],[-6.24906,53.33675],[-6.24915,53.33678]]}},{"type":"Feature","properties":{"k":"minor","n":""},"geometry":{"type":"LineString","coordinates":[[-6.2578,53.34916],[-6.25764,53.3488],[-6.25762,53.34875]]}},{"type":"Feature","properties":{"k":"minor","n":""},"geometry":{"type":"LineString","coordinates":[[-6.25392,53.35083],[-6.25416,53.35079],[-6.25422,53.35078],[-6.25441,53.35074]]}},{"type":"Feature","properties":{"k":"major","n":"Pearse Street"},"geometry":{"type":"LineString","coordinates":[[-6.25646,53.34557],[-6.25651,53.34558],[-6.25661,53.3456]]}},{"type":"Feature","properties":{"k":"minor","n":""},"geometry":{"type":"LineString","coordinates":[[-6.27444,53.35397],[-6.27458,53.35415],[-6.27462,53.3542]]}},{"type":"Feature","properties":{"k":"minor","n":""},"geometry":{"type":"LineString","coordinates":[[-6.2743,53.35375],[-6.27431,53.35376],[-6.27444,53.35397]]}},{"type":"Feature","properties":{"k":"pedestrian","n":""},"geometry":{"type":"LineString","coordinates":[[-6.2741,53.35406],[-6.27406,53.35408],[-6.27404,53.3541],[-6.27401,53.35412],[-6.27396,53.35413],[-6.2739,53.35412],[-6.27386,53.35412],[-6.27353,53.35421],[-6.27342,53.35424],[-6.27334,53.35428],[-6.27346,53.35426],[-6.27347,53.35427],[-6.27353,53.35425],[-6.27355,53.35425],[-6.27371,53.35419],[-6.27382,53.35435],[-6.27345,53.35445],[-6.27348,53.35448],[-6.2735,53.35448],[-6.27356,53.35449],[-6.27368,53.35446],[-6.27372,53.35445],[-6.27383,53.35442],[-6.27389,53.3544],[-6.27409,53.35434],[-6.27406,53.35431],[-6.2742,53.35427],[-6.27421,53.3543],[-6.27443,53.35424],[-6.27454,53.35421],[-6.27451,53.35417],[-6.27444,53.35407],[-6.27437,53.35399],[-6.2741,53.35406]]}},{"type":"Feature","properties":{"k":"minor","n":""},"geometry":{"type":"LineString","coordinates":[[-6.27227,53.35433],[-6.27246,53.35422],[-6.27257,53.35414],[-6.27262,53.35412],[-6.27264,53.3541]]}},{"type":"Feature","properties":{"k":"major","n":"Merrion Street Lower"},"geometry":{"type":"LineString","coordinates":[[-6.25026,53.34174],[-6.25036,53.34162],[-6.25063,53.3413],[-6.25067,53.34126],[-6.25069,53.34123],[-6.25075,53.34117]]}},{"type":"Feature","properties":{"k":"major","n":"College Green"},"geometry":{"type":"LineString","coordinates":[[-6.25964,53.34439],[-6.25989,53.34433],[-6.25995,53.34433]]}},{"type":"Feature","properties":{"k":"minor","n":""},"geometry":{"type":"LineString","coordinates":[[-6.2762,53.33795],[-6.27615,53.338],[-6.27577,53.338],[-6.2757,53.33791],[-6.27568,53.33789]]}},{"type":"Feature","properties":{"k":"major","n":"Aungier Street"},"geometry":{"type":"LineString","coordinates":[[-6.26611,53.33854],[-6.26596,53.33916],[-6.2659,53.3394],[-6.26586,53.33959],[-6.26583,53.33974],[-6.26579,53.33989],[-6.26579,53.33992],[-6.26573,53.34017],[-6.26566,53.34048],[-6.26561,53.34069]]}},{"type":"Feature","properties":{"k":"major","n":"Wexford Street"},"geometry":{"type":"LineString","coordinates":[[-6.26574,53.33741],[-6.26572,53.33733],[-6.26568,53.33717],[-6.26566,53.33709],[-6.26564,53.33705],[-6.26562,53.33699],[-6.26551,53.3366],[-6.26546,53.33645]]}},{"type":"Feature","properties":{"k":"major","n":"Kevin Street Lower"},"geometry":{"type":"LineString","coordinates":[[-6.26612,53.33762],[-6.26592,53.33763],[-6.26579,53.33763]]}},{"type":"Feature","properties":{"k":"minor","n":""},"geometry":{"type":"LineString","coordinates":[[-6.23499,53.35141],[-6.23524,53.35121]]}},{"type":"Feature","properties":{"k":"major","n":"Dawson Street"},"geometry":{"type":"LineString","coordinates":[[-6.25783,53.34284],[-6.25785,53.34286],[-6.25787,53.34288],[-6.25789,53.3429],[-6.25791,53.34292],[-6.25795,53.34294],[-6.25801,53.34298]]}},{"type":"Feature","properties":{"k":"minor","n":""},"geometry":{"type":"LineString","coordinates":[[-6.27285,53.35773],[-6.27333,53.35777],[-6.27336,53.35777],[-6.27337,53.35777],[-6.27347,53.35778]]}},{"type":"Feature","properties":{"k":"major","n":"Summerhill Parade"},"geometry":{"type":"LineString","coordinates":[[-6.24977,53.35701],[-6.2496,53.35709],[-6.24955,53.35712],[-6.24918,53.3573]]}},{"type":"Feature","properties":{"k":"minor","n":""},"geometry":{"type":"LineString","coordinates":[[-6.27911,53.35389],[-6.2792,53.35375],[-6.27926,53.35367],[-6.27935,53.35355],[-6.27958,53.35324],[-6.27977,53.35297],[-6.27989,53.35275]]}},{"type":"Feature","properties":{"k":"minor","n":""},"geometry":{"type":"LineString","coordinates":[[-6.26226,53.35521],[-6.26219,53.35525],[-6.26215,53.35527],[-6.26209,53.3553],[-6.26189,53.35539],[-6.26113,53.35574],[-6.26098,53.35581]]}},{"type":"Feature","properties":{"k":"water","n":""},"geometry":{"type":"LineString","coordinates":[[-6.25462,53.34786],[-6.25233,53.34787],[-6.25206,53.34786]]}},{"type":"Feature","properties":{"k":"major","n":"Parnell Street"},"geometry":{"type":"LineString","coordinates":[[-6.25968,53.35337],[-6.25955,53.35343],[-6.25941,53.35349]]}},{"type":"Feature","properties":{"k":"major","n":"Baggot Street Lower"},"geometry":{"type":"LineString","coordinates":[[-6.25145,53.33757],[-6.25145,53.33756],[-6.25145,53.33754]]}},{"type":"Feature","properties":{"k":"major","n":"Baggot Street Lower"},"geometry":{"type":"LineString","coordinates":[[-6.24925,53.33682],[-6.24934,53.33685],[-6.24934,53.33685],[-6.25016,53.33714],[-6.25118,53.33752]]}},{"type":"Feature","properties":{"k":"major","n":"MacMahon Bridge"},"geometry":{"type":"LineString","coordinates":[[-6.23845,53.3424],[-6.23796,53.34234]]}},{"type":"Feature","properties":{"k":"minor","n":""},"geometry":{"type":"LineString","coordinates":[[-6.25255,53.35774],[-6.25243,53.35785],[-6.25239,53.35789],[-6.25236,53.35793]]}},{"type":"Feature","properties":{"k":"major","n":"North Circular Road"},"geometry":{"type":"LineString","coordinates":[[-6.25211,53.35787],[-6.25124,53.35769],[-6.25119,53.35768],[-6.2511,53.35766],[-6.25103,53.35765],[-6.25084,53.35761],[-6.25065,53.35756],[-6.25045,53.35749],[-6.25026,53.35738],[-6.24997,53.35716],[-6.24992,53.35713],[-6.2499,53.35711],[-6.24977,53.35701]]}},{"type":"Feature","properties":{"k":"minor","n":""},"geometry":{"type":"LineString","coordinates":[[-6.256,53.35647],[-6.2559,53.35637]]}},{"type":"Feature","properties":{"k":"major","n":"Western Way"},"geometry":{"type":"LineString","coordinates":[[-6.27288,53.35444],[-6.27294,53.35443],[-6.273,53.35441],[-6.27322,53.35436]]}},{"type":"Feature","properties":{"k":"major","n":"Bolton Street"},"geometry":{"type":"LineString","coordinates":[[-6.26916,53.35203],[-6.26915,53.35204],[-6.26914,53.35205],[-6.26912,53.35207],[-6.26909,53.35211],[-6.26909,53.35211],[-6.26904,53.35217]]}},{"type":"Feature","properties":{"k":"major","n":"Parnell Street"},"geometry":{"type":"LineString","coordinates":[[-6.26008,53.3532],[-6.2598,53.35332],[-6.25968,53.35337]]}},{"type":"Feature","properties":{"k":"pedestrian","n":""},"geometry":{"type":"LineString","coordinates":[[-6.26147,53.35269],[-6.26151,53.35268],[-6.26154,53.35268],[-6.26155,53.3527],[-6.26156,53.35274],[-6.26156,53.35277],[-6.26156,53.35277],[-6.26153,53.35278],[-6.26152,53.35275],[-6.26151,53.35275],[-6.26147,53.35269]]}},{"type":"Feature","properties":{"k":"pedestrian","n":""},"geometry":{"type":"LineString","coordinates":[[-6.26154,53.3526],[-6.2615,53.35261],[-6.26146,53.35262],[-6.26143,53.35261],[-6.26141,53.35259],[-6.26141,53.35258],[-6.26141,53.35257],[-6.26143,53.35255],[-6.26149,53.35254],[-6.26152,53.35254],[-6.26156,53.35253],[-6.26161,53.35251],[-6.26162,53.35252],[-6.26159,53.35254],[-6.26156,53.35257],[-6.26156,53.35258],[-6.26154,53.3526]]}},{"type":"Feature","properties":{"k":"pedestrian","n":""},"geometry":{"type":"LineString","coordinates":[[-6.28263,53.35574],[-6.2823,53.35569],[-6.28217,53.35566],[-6.28201,53.35563],[-6.28199,53.35562],[-6.28169,53.35554],[-6.28145,53.35547],[-6.28142,53.35545],[-6.28137,53.35543],[-6.28124,53.35538],[-6.28108,53.35531],[-6.28103,53.35529],[-6.2809,53.35523],[-6.28086,53.35527]]}},{"type":"Feature","properties":{"k":"pedestrian","n":""},"geometry":{"type":"LineString","coordinates":[[-6.25954,53.3444],[-6.25963,53.34436],[-6.25982,53.3443],[-6.25989,53.34429],[-6.25988,53.34427],[-6.25987,53.34422],[-6.25979,53.34422],[-6.25969,53.34423],[-6.25961,53.34423],[-6.25957,53.34423],[-6.25946,53.34414],[-6.2594,53.34409],[-6.25936,53.3441],[-6.25932,53.34411],[-6.25941,53.34422],[-6.25947,53.34428],[-6.25951,53.34434],[-6.25954,53.3444]]}},{"type":"Feature","properties":{"k":"major","n":"Nassau Street"},"geometry":{"type":"LineString","coordinates":[[-6.2593,53.3434],[-6.2593,53.34337],[-6.25929,53.34336],[-6.25928,53.34333],[-6.25926,53.3433],[-6.25923,53.34328],[-6.2592,53.34325],[-6.25916,53.34323],[-6.25913,53.34321],[-6.25896,53.34317]]}},{"type":"Feature","properties":{"k":"pedestrian","n":""},"geometry":{"type":"LineString","coordinates":[[-6.25949,53.34334],[-6.25942,53.34331],[-6.25938,53.34329],[-6.25933,53.34327],[-6.25933,53.3433],[-6.25935,53.34333],[-6.25936,53.34335],[-6.25937,53.34337],[-6.25936,53.34348],[-6.25935,53.34349],[-6.25934,53.34357],[-6.25932,53.3437],[-6.25928,53.34384],[-6.25925,53.34393],[-6.25925,53.34395],[-6.25926,53.344],[-6.25929,53.34405],[-6.25932,53.34411],[-6.25936,53.3441],[-6.2594,53.34409],[-6.25931,53.34401],[-6.25933,53.34396],[-6.25934,53.3439],[-6.25937,53.34379],[-6.25939,53.34373],[-6.2594,53.34368],[-6.25943,53.34361],[-6.25944,53.34355],[-6.25946,53.34349],[-6.25946,53.34343],[-6.25948,53.34337],[-6.25948,53.34335],[-6.25949,53.34334]]}},{"type":"Feature","properties":{"k":"major","n":"Nassau Street"},"geometry":{"type":"LineString","coordinates":[[-6.25896,53.34317],[-6.25811,53.343],[-6.25807,53.34299],[-6.25801,53.34298]]}},{"type":"Feature","properties":{"k":"pedestrian","n":""},"geometry":{"type":"LineString","coordinates":[[-6.28285,53.34496],[-6.28293,53.3449],[-6.28349,53.34446]]}},{"type":"Feature","properties":{"k":"major","n":"Aungier Street"},"geometry":{"type":"LineString","coordinates":[[-6.26561,53.34069],[-6.26558,53.3408],[-6.26543,53.34136]]}},{"type":"Feature","properties":{"k":"pedestrian","n":""},"geometry":{"type":"LineString","coordinates":[[-6.25779,53.34291],[-6.25775,53.34288],[-6.25774,53.34286],[-6.25772,53.34281],[-6.25774,53.34272],[-6.25772,53.34272],[-6.25769,53.34278],[-6.25767,53.34281],[-6.25762,53.34281],[-6.25759,53.34285],[-6.25757,53.34287],[-6.2577,53.34289],[-6.25779,53.34291]]}},{"type":"Feature","properties":{"k":"major","n":"Parnell Street"},"geometry":{"type":"LineString","coordinates":[[-6.2657,53.35058],[-6.26619,53.3504],[-6.26625,53.35038],[-6.26633,53.35035]]}},{"type":"Feature","properties":{"k":"major","n":"North Circular Road"},"geometry":{"type":"LineString","coordinates":[[-6.2546,53.35839],[-6.25348,53.35815],[-6.25262,53.35798]]}},{"type":"Feature","properties":{"k":"major","n":"Summerhill"},"geometry":{"type":"LineString","coordinates":[[-6.25101,53.35641],[-6.25066,53.35659],[-6.25056,53.35664],[-6.24998,53.35692],[-6.24992,53.35695],[-6.24977,53.35701]]}},{"type":"Feature","properties":{"k":"major","n":"Wellington Quay"},"geometry":{"type":"LineString","coordinates":[[-6.26356,53.34595],[-6.26391,53.34589],[-6.2648,53.34575]]}},{"type":"Feature","properties":{"k":"major","n":"Manor Street"},"geometry":{"type":"LineString","coordinates":[[-6.28484,53.35302],[-6.28495,53.35309],[-6.28506,53.35316],[-6.28512,53.35319],[-6.28529,53.35331]]}},{"type":"Feature","properties":{"k":"major","n":"Stoneybatter"},"geometry":{"type":"LineString","coordinates":[[-6.28276,53.35119],[-6.2828,53.35121]]}},{"type":"Feature","properties":{"k":"water","n":""},"geometry":{"type":"Polygon","coordinates":[[[-6.24268,53.33606],[-6.24266,53.33603],[-6.24263,53.33603],[-6.24267,53.336],[-6.24267,53.33596],[-6.24278,53.3359],[-6.24371,53.33527],[-6.24415,53.33495],[-6.24455,53.33463],[-6.24535,53.33426],[-6.24537,53.33424],[-6.24551,53.33418],[-6.24553,53.33417],[-6.24563,53.33413],[-6.24609,53.33398],[-6.2467,53.3338],[-6.24684,53.33376],[-6.24688,53.33378],[-6.24699,53.33375],[-6.24702,53.33377],[-6.24703,53.33379],[-6.24692,53.33383],[-6.2469,53.33387],[-6.24686,53.3339],[-6.24598,53.33416],[-6.24587,53.33418],[-6.24577,53.3342],[-6.24561,53.33425],[-6.24543,53.33432],[-6.24536,53.33434],[-6.24495,53.33457],[-6.24461,53.33481],[-6.24408,53.33516],[-6.24348,53.33557],[-6.24285,53.33601],[-6.24273,53.33603],[-6.24268,53.33606]]]}},{"type":"Feature","properties":{"k":"water","n":""},"geometry":{"type":"Polygon","coordinates":[[[-6.27877,53.34498],[-6.27876,53.34499],[-6.27876,53.345],[-6.27876,53.345],[-6.27876,53.34501],[-6.27877,53.34501],[-6.27878,53.34502],[-6.27879,53.34502],[-6.2788,53.34502],[-6.27881,53.34502],[-6.27882,53.34501],[-6.27883,53.345],[-6.27883,53.345],[-6.27882,53.34499],[-6.27882,53.34498],[-6.27881,53.34498],[-6.2788,53.34498],[-6.27879,53.34498],[-6.27878,53.34498],[-6.27877,53.34498]]]}},{"type":"Feature","properties":{"k":"minor","n":""},"geometry":{"type":"LineString","coordinates":[[-6.24841,53.35332],[-6.24836,53.3533],[-6.24824,53.35326]]}},{"type":"Feature","properties":{"k":"major","n":"College Street"},"geometry":{"type":"LineString","coordinates":[[-6.25724,53.34561],[-6.25726,53.34561],[-6.25752,53.34561]]}},{"type":"Feature","properties":{"k":"major","n":"Cavendish Row"},"geometry":{"type":"LineString","coordinates":[[-6.26143,53.35275],[-6.26138,53.35268],[-6.26137,53.35265],[-6.26135,53.35259],[-6.26134,53.35256]]}},{"type":"Feature","properties":{"k":"minor","n":""},"geometry":{"type":"LineString","coordinates":[[-6.25119,53.35126],[-6.2514,53.35123],[-6.25166,53.35119],[-6.25216,53.35111],[-6.25221,53.3511],[-6.25226,53.35107],[-6.2523,53.35105],[-6.25241,53.35103],[-6.25275,53.35098],[-6.25281,53.35097],[-6.253,53.35094],[-6.25305,53.35094]]}},{"type":"Feature","properties":{"k":"minor","n":""},"geometry":{"type":"LineString","coordinates":[[-6.25305,53.35094],[-6.25315,53.35094],[-6.25357,53.35087],[-6.25365,53.35087]]}},{"type":"Feature","properties":{"k":"major","n":"O'Connell Bridge"},"geometry":{"type":"LineString","coordinates":[[-6.25907,53.34705],[-6.25907,53.34706],[-6.25908,53.34711],[-6.25925,53.34743],[-6.25926,53.34745],[-6.25927,53.34746]]}},{"type":"Feature","properties":{"k":"major","n":"Bachelors Walk"},"geometry":{"type":"LineString","coordinates":[[-6.2594,53.34751],[-6.25936,53.34752],[-6.25931,53.34753]]}},{"type":"Feature","properties":{"k":"major","n":"Church Street Upper"},"geometry":{"type":"LineString","coordinates":[[-6.27372,53.35133],[-6.27382,53.35119],[-6.27395,53.35099],[-6.27404,53.35085],[-6.27406,53.35082],[-6.27413,53.3507]]}},{"type":"Feature","properties":{"k":"major","n":"Church Street Upper"},"geometry":{"type":"LineString","coordinates":[[-6.27427,53.35043],[-6.27435,53.3503],[-6.27437,53.35027],[-6.27439,53.35024],[-6.27454,53.35014]]}},{"type":"Feature","properties":{"k":"major","n":"Church Street Upper"},"geometry":{"type":"LineString","coordinates":[[-6.27428,53.35073],[-6.27423,53.35082],[-6.27411,53.351]]}},{"type":"Feature","properties":{"k":"major","n":"Church Street Upper"},"geometry":{"type":"LineString","coordinates":[[-6.27452,53.35029],[-6.27431,53.35068],[-6.27428,53.35073]]}},{"type":"Feature","properties":{"k":"pedestrian","n":""},"geometry":{"type":"LineString","coordinates":[[-6.26052,53.33968],[-6.2605,53.33965]]}},{"type":"Feature","properties":{"k":"pedestrian","n":""},"geometry":{"type":"LineString","coordinates":[[-6.25923,53.34146],[-6.25915,53.34145]]}},{"type":"Feature","properties":{"k":"pedestrian","n":""},"geometry":{"type":"LineString","coordinates":[[-6.25915,53.34145],[-6.25905,53.34144],[-6.25858,53.34139]]}},{"type":"Feature","properties":{"k":"minor","n":""},"geometry":{"type":"LineString","coordinates":[[-6.25192,53.33399],[-6.25139,53.33452],[-6.25132,53.33458]]}},{"type":"Feature","properties":{"k":"minor","n":""},"geometry":{"type":"LineString","coordinates":[[-6.24989,53.33324],[-6.24983,53.33323],[-6.24976,53.33322],[-6.24968,53.33322],[-6.24961,53.33323],[-6.24954,53.33325],[-6.24881,53.33346]]}},{"type":"Feature","properties":{"k":"major","n":"Amiens Street"},"geometry":{"type":"LineString","coordinates":[[-6.25066,53.35048],[-6.25043,53.35087],[-6.25036,53.35099],[-6.25027,53.35113]]}},{"type":"Feature","properties":{"k":"minor","n":""},"geometry":{"type":"LineString","coordinates":[[-6.25596,53.33415],[-6.25536,53.33437],[-6.25535,53.33437],[-6.25526,53.3344]]}},{"type":"Feature","properties":{"k":"major","n":"Hatch Street Upper"},"geometry":{"type":"LineString","coordinates":[[-6.26301,53.33409],[-6.26294,53.33409],[-6.26289,53.33409],[-6.26284,53.33408],[-6.26257,53.33407],[-6.26202,53.33404]]}},{"type":"Feature","properties":{"k":"major","n":"Patrick Street"},"geometry":{"type":"LineString","coordinates":[[-6.27227,53.34029],[-6.27232,53.34035]]}},{"type":"Feature","properties":{"k":"minor","n":""},"geometry":{"type":"LineString","coordinates":[[-6.27989,53.35275],[-6.28,53.35248],[-6.28001,53.35236],[-6.28,53.35227],[-6.27994,53.35212],[-6.27987,53.35203]]}},{"type":"Feature","properties":{"k":"minor","n":""},"geometry":{"type":"LineString","coordinates":[[-6.27987,53.35203],[-6.27982,53.35199],[-6.27979,53.35194],[-6.27977,53.35185],[-6.27974,53.35168],[-6.27961,53.35077],[-6.27958,53.35057]]}},{"type":"Feature","properties":{"k":"major","n":"Seville Place"},"geometry":{"type":"LineString","coordinates":[[-6.24531,53.35369],[-6.2449,53.35338]]}},{"type":"Feature","properties":{"k":"minor","n":""},"geometry":{"type":"LineString","coordinates":[[-6.24892,53.35176],[-6.24914,53.35178]]}},{"type":"Feature","properties":{"k":"pedestrian","n":""},"geometry":{"type":"LineString","coordinates":[[-6.2663,53.34411],[-6.26612,53.34411],[-6.26611,53.34412],[-6.26606,53.34409],[-6.26609,53.34407],[-6.26609,53.34404],[-6.26609,53.344],[-6.26606,53.34394],[-6.26604,53.34389],[-6.26604,53.34387],[-6.26604,53.34387],[-6.26609,53.34386],[-6.26613,53.34385],[-6.26617,53.34384],[-6.2662,53.34383],[-6.26622,53.34388],[-6.26625,53.34394],[-6.26626,53.34399],[-6.26628,53.34403],[-6.2663,53.34411]]}},{"type":"Feature","properties":{"k":"pedestrian","n":""},"geometry":{"type":"LineString","coordinates":[[-6.26612,53.34411],[-6.26622,53.34404],[-6.26613,53.34386]]}},{"type":"Feature","properties":{"k":"pedestrian","n":""},"geometry":{"type":"LineString","coordinates":[[-6.26752,53.34954],[-6.26752,53.34952],[-6.26751,53.34951],[-6.26749,53.34951],[-6.26747,53.3495],[-6.26746,53.34949],[-6.26737,53.34922],[-6.26706,53.34926],[-6.26727,53.3499],[-6.26729,53.34992],[-6.26758,53.34988],[-6.26759,53.34987],[-6.26757,53.34981],[-6.26753,53.3498],[-6.26748,53.34977],[-6.26744,53.34974],[-6.26742,53.3497],[-6.26741,53.34966],[-6.26742,53.34962],[-6.26745,53.34959],[-6.26749,53.34955],[-6.26752,53.34954]]}},{"type":"Feature","properties":{"k":"minor","n":""},"geometry":{"type":"LineString","coordinates":[[-6.2718,53.34328],[-6.27181,53.34336],[-6.27184,53.34354]]}},{"type":"Feature","properties":{"k":"minor","n":""},"geometry":{"type":"LineString","coordinates":[[-6.27179,53.34323],[-6.2718,53.34328]]}},{"type":"Feature","properties":{"k":"major","n":"Dame Street"},"geometry":{"type":"LineString","coordinates":[[-6.26485,53.34417],[-6.26445,53.34418]]}},{"type":"Feature","properties":{"k":"minor","n":""},"geometry":{"type":"LineString","coordinates":[[-6.2688,53.35475],[-6.26864,53.35491]]}},{"type":"Feature","properties":{"k":"major","n":"Westmoreland Street"},"geometry":{"type":"LineString","coordinates":[[-6.25914,53.34566],[-6.25917,53.34571],[-6.25917,53.34582]]}},{"type":"Feature","properties":{"k":"minor","n":""},"geometry":{"type":"LineString","coordinates":[[-6.25944,53.34828],[-6.25936,53.34812]]}},{"type":"Feature","properties":{"k":"minor","n":""},"geometry":{"type":"LineString","coordinates":[[-6.25982,53.34848],[-6.25993,53.34874],[-6.26004,53.34898]]}},{"type":"Feature","properties":{"k":"minor","n":""},"geometry":{"type":"LineString","coordinates":[[-6.25975,53.34833],[-6.25977,53.34836],[-6.25977,53.34837]]}},{"type":"Feature","properties":{"k":"park","n":""},"geometry":{"type":"Polygon","coordinates":[[[-6.25616,53.34458],[-6.25603,53.34458],[-6.25596,53.3445],[-6.256,53.34412],[-6.25606,53.34405],[-6.25621,53.34406],[-6.25616,53.34456],[-6.25616,53.34458]]]}},{"type":"Feature","properties":{"k":"park","n":""},"geometry":{"type":"Polygon","coordinates":[[[-6.25218,53.34372],[-6.25218,53.34368],[-6.25237,53.34369],[-6.25238,53.3436],[-6.25219,53.34359],[-6.25219,53.34356],[-6.25223,53.34356],[-6.25223,53.34354],[-6.25242,53.34355],[-6.25244,53.34356],[-6.25246,53.34357],[-6.25246,53.34358],[-6.25244,53.34371],[-6.25242,53.34372],[-6.2524,53.34373],[-6.25237,53.34373],[-6.25218,53.34372]]]}},{"type":"Feature","properties":{"k":"park","n":""},"geometry":{"type":"Polygon","coordinates":[[[-6.25727,53.35739],[-6.25802,53.35712],[-6.25803,53.35712],[-6.25878,53.35685],[-6.25882,53.35682],[-6.25884,53.35677],[-6.25882,53.35675],[-6.25838,53.3563],[-6.25791,53.35583],[-6.25788,53.35582],[-6.25784,53.35581],[-6.25781,53.35581],[-6.25777,53.35581],[-6.25703,53.35609],[-6.25621,53.35638],[-6.25618,53.3564],[-6.25617,53.35642],[-6.25617,53.35643],[-6.25618,53.35645],[-6.25619,53.35646],[-6.2562,53.35647],[-6.25713,53.35737],[-6.25715,53.35739],[-6.25718,53.3574],[-6.25722,53.3574],[-6.25727,53.35739]]]}},{"type":"Feature","properties":{"k":"minor","n":""},"geometry":{"type":"LineString","coordinates":[[-6.27785,53.349],[-6.27773,53.34936],[-6.27766,53.34969],[-6.27765,53.34976]]}},{"type":"Feature","properties":{"k":"minor","n":""},"geometry":{"type":"LineString","coordinates":[[-6.26506,53.33379],[-6.265,53.33376],[-6.26497,53.33373],[-6.26485,53.33366]]}},{"type":"Feature","properties":{"k":"minor","n":""},"geometry":{"type":"LineString","coordinates":[[-6.25851,53.35706],[-6.25812,53.3572],[-6.25731,53.3575],[-6.25726,53.35752],[-6.25725,53.35752],[-6.25723,53.35753],[-6.2572,53.35754],[-6.2571,53.35753]]}},{"type":"Feature","properties":{"k":"minor","n":""},"geometry":{"type":"LineString","coordinates":[[-6.26264,53.35503],[-6.26226,53.35521]]}},{"type":"Feature","properties":{"k":"pedestrian","n":""},"geometry":{"type":"LineString","coordinates":[[-6.26182,53.34491],[-6.26182,53.34565]]}},{"type":"Feature","properties":{"k":"minor","n":""},"geometry":{"type":"LineString","coordinates":[[-6.265,53.3336],[-6.26485,53.33366]]}},{"type":"Feature","properties":{"k":"major","n":"Clanbrassil Street Lower"},"geometry":{"type":"LineString","coordinates":[[-6.27526,53.33307],[-6.27527,53.33303]]}},{"type":"Feature","properties":{"k":"major","n":"Clanbrassil Street Lower"},"geometry":{"type":"LineString","coordinates":[[-6.27527,53.33303],[-6.27527,53.33299],[-6.27525,53.3328],[-6.27522,53.33236],[-6.27521,53.33224]]}},{"type":"Feature","properties":{"k":"minor","n":""},"geometry":{"type":"LineString","coordinates":[[-6.27487,53.33303],[-6.27479,53.33302],[-6.27463,53.333],[-6.27454,53.333],[-6.27353,53.3329],[-6.27326,53.33286],[-6.27312,53.33285],[-6.27295,53.33286],[-6.27268,53.33287],[-6.27261,53.33288]]}},{"type":"Feature","properties":{"k":"minor","n":""},"geometry":{"type":"LineString","coordinates":[[-6.23676,53.33732],[-6.23658,53.33737],[-6.23652,53.33738],[-6.23648,53.33735],[-6.23634,53.3372],[-6.23621,53.33705],[-6.23598,53.3368]]}},{"type":"Feature","properties":{"k":"major","n":"Bachelors Walk"},"geometry":{"type":"LineString","coordinates":[[-6.25926,53.34754],[-6.2591,53.34758]]}},{"type":"Feature","properties":{"k":"minor","n":""},"geometry":{"type":"LineString","coordinates":[[-6.25953,53.34845],[-6.25951,53.34841],[-6.2595,53.3484]]}},{"type":"Feature","properties":{"k":"minor","n":""},"geometry":{"type":"LineString","coordinates":[[-6.25205,53.33976],[-6.25191,53.33971],[-6.25188,53.3397],[-6.25175,53.33965],[-6.25155,53.33959]]}},{"type":"Feature","properties":{"k":"major","n":"Butt Bridge"},"geometry":{"type":"LineString","coordinates":[[-6.25495,53.34822],[-6.25495,53.34829]]}},{"type":"Feature","properties":{"k":"major","n":"Burgh Quay"},"geometry":{"type":"LineString","coordinates":[[-6.25735,53.3473],[-6.25759,53.34725],[-6.25802,53.34717]]}},{"type":"Feature","properties":{"k":"water","n":""},"geometry":{"type":"Polygon","coordinates":[[[-6.24046,53.3375],[-6.24044,53.33747],[-6.24041,53.33746],[-6.24063,53.33732],[-6.24066,53.33733],[-6.24068,53.33735],[-6.24046,53.3375]]]}},{"type":"Feature","properties":{"k":"water","n":""},"geometry":{"type":"Polygon","coordinates":[[[-6.24041,53.33746],[-6.24044,53.33747],[-6.24046,53.3375],[-6.24024,53.33764],[-6.24023,53.33769],[-6.23911,53.3384],[-6.23888,53.33856],[-6.23873,53.3387],[-6.23865,53.33867],[-6.23856,53.33865],[-6.2388,53.33853],[-6.23905,53.33836],[-6.2397,53.33792],[-6.2398,53.33785],[-6.24012,53.33762],[-6.24018,53.33762],[-6.24041,53.33746]]]}},{"type":"Feature","properties":{"k":"water","n":""},"geometry":{"type":"Polygon","coordinates":[[[-6.24068,53.33735],[-6.24066,53.33733],[-6.24063,53.33732],[-6.24064,53.33731],[-6.24065,53.33732],[-6.24066,53.3373],[-6.24067,53.33729],[-6.24068,53.33727],[-6.24071,53.33725],[-6.24074,53.33718],[-6.24103,53.33703],[-6.24162,53.33665],[-6.24204,53.33637],[-6.24217,53.33629],[-6.24221,53.33628],[-6.2424,53.33617],[-6.24244,53.33617],[-6.24246,53.33619],[-6.24226,53.33631],[-6.24223,53.33638],[-6.2408,53.33732],[-6.24077,53.33732],[-6.24075,53.33732],[-6.24073,53.33733],[-6.24069,53.33734],[-6.2407,53.33734],[-6.24068,53.33735]]]}},{"type":"Feature","properties":{"k":"water","n":""},"geometry":{"type":"Polygon","coordinates":[[[-6.2424,53.33617],[-6.24263,53.33603],[-6.24266,53.33603],[-6.24268,53.33606],[-6.24246,53.33619],[-6.24244,53.33617],[-6.2424,53.33617]]]}},{"type":"Feature","properties":{"k":"water","n":""},"geometry":{"type":"Polygon","coordinates":[[[-6.24703,53.33379],[-6.24702,53.33377],[-6.24699,53.33375],[-6.24728,53.33366],[-6.24731,53.33368],[-6.24731,53.3337],[-6.24703,53.33379]]]}},{"type":"Feature","properties":{"k":"water","n":""},"geometry":{"type":"Polygon","coordinates":[[[-6.24731,53.3337],[-6.24731,53.33368],[-6.24728,53.33366],[-6.24731,53.33365],[-6.24753,53.33354],[-6.24775,53.33346],[-6.25094,53.3325],[-6.25156,53.33234],[-6.25255,53.33207],[-6.25258,53.33209],[-6.25275,53.33205],[-6.25283,53.33203],[-6.25295,53.33201],[-6.25299,53.33203],[-6.25298,53.33205],[-6.2528,53.33209],[-6.25261,53.33214],[-6.25252,53.33219],[-6.25017,53.33288],[-6.24777,53.33362],[-6.24749,53.33367],[-6.24735,53.33368],[-6.24731,53.3337]]]}},{"type":"Feature","properties":{"k":"minor","n":""},"geometry":{"type":"LineString","coordinates":[[-6.26566,53.34048],[-6.26499,53.34042],[-6.26493,53.34036],[-6.26489,53.34035]]}},{"type":"Feature","properties":{"k":"pedestrian","n":""},"geometry":{"type":"LineString","coordinates":[[-6.24827,53.34949],[-6.24828,53.34944],[-6.24842,53.34851],[-6.24844,53.34843],[-6.24843,53.34837],[-6.24847,53.34818]]}},{"type":"Feature","properties":{"k":"major","n":"Lombard Street East"},"geometry":{"type":"LineString","coordinates":[[-6.24793,53.3467],[-6.24788,53.34663]]}},{"type":"Feature","properties":{"k":"major","n":"Lombard Street East"},"geometry":{"type":"LineString","coordinates":[[-6.24838,53.34555],[-6.24839,53.34553],[-6.24844,53.34545]]}},{"type":"Feature","properties":{"k":"minor","n":""},"geometry":{"type":"LineString","coordinates":[[-6.26751,53.34897],[-6.26739,53.34868]]}},{"type":"Feature","properties":{"k":"minor","n":""},"geometry":{"type":"LineString","coordinates":[[-6.2692,53.35021],[-6.2692,53.35024],[-6.26919,53.35027],[-6.26919,53.35028],[-6.26916,53.35031],[-6.26905,53.35037],[-6.26861,53.3506],[-6.26839,53.3507],[-6.2683,53.35082],[-6.26814,53.35095],[-6.26717,53.3513]]}},{"type":"Feature","properties":{"k":"minor","n":""},"geometry":{"type":"LineString","coordinates":[[-6.2703,53.34059],[-6.27057,53.34059],[-6.27062,53.3406],[-6.2715,53.34061],[-6.27164,53.34061]]}},{"type":"Feature","properties":{"k":"minor","n":""},"geometry":{"type":"LineString","coordinates":[[-6.27164,53.34061],[-6.2717,53.34061],[-6.27224,53.34061]]}},{"type":"Feature","properties":{"k":"minor","n":""},"geometry":{"type":"LineString","coordinates":[[-6.27212,53.3415],[-6.27222,53.3415]]}},{"type":"Feature","properties":{"k":"major","n":"Nicholas Street"},"geometry":{"type":"LineString","coordinates":[[-6.27179,53.34286],[-6.27176,53.34276],[-6.27178,53.34269],[-6.27195,53.3425],[-6.2721,53.34232],[-6.27215,53.34224]]}},{"type":"Feature","properties":{"k":"minor","n":""},"geometry":{"type":"LineString","coordinates":[[-6.27983,53.35037],[-6.27982,53.35042],[-6.27981,53.35044],[-6.27977,53.35048],[-6.2797,53.35051],[-6.27946,53.35054]]}},{"type":"Feature","properties":{"k":"pedestrian","n":""},"geometry":{"type":"LineString","coordinates":[[-6.26482,53.34913],[-6.26485,53.34919]]}},{"type":"Feature","properties":{"k":"minor","n":""},"geometry":{"type":"LineString","coordinates":[[-6.24258,53.33794],[-6.24344,53.33821],[-6.24347,53.33822],[-6.24351,53.33822]]}},{"type":"Feature","properties":{"k":"major","n":"Beresford Place"},"geometry":{"type":"LineString","coordinates":[[-6.25464,53.34907],[-6.25454,53.34914],[-6.25439,53.3492]]}},{"type":"Feature","properties":{"k":"major","n":"Beresford Place"},"geometry":{"type":"LineString","coordinates":[[-6.2549,53.34883],[-6.25485,53.349],[-6.25483,53.34904],[-6.2548,53.34909]]}},{"type":"Feature","properties":{"k":"minor","n":""},"geometry":{"type":"LineString","coordinates":[[-6.25758,53.34864],[-6.25756,53.34859],[-6.25747,53.34832],[-6.25738,53.3481],[-6.25736,53.34805],[-6.25733,53.34797]]}},{"type":"Feature","properties":{"k":"minor","n":""},"geometry":{"type":"LineString","coordinates":[[-6.23777,53.3489],[-6.23777,53.34886],[-6.23777,53.34885],[-6.23778,53.34883],[-6.23778,53.3488]]}},{"type":"Feature","properties":{"k":"pedestrian","n":""},"geometry":{"type":"LineString","coordinates":[[-6.24807,53.34697],[-6.24792,53.34783]]}},{"type":"Feature","properties":{"k":"water","n":""},"geometry":{"type":"LineString","coordinates":[[-6.25499,53.34785],[-6.25462,53.34786]]}},{"type":"Feature","properties":{"k":"major","n":"Matt Talbot Memorial Bridge"},"geometry":{"type":"LineString","coordinates":[[-6.25167,53.34782],[-6.25173,53.34762]]}},{"type":"Feature","properties":{"k":"major","n":"City Quay"},"geometry":{"type":"LineString","coordinates":[[-6.25173,53.34747],[-6.25172,53.34744],[-6.25171,53.34741],[-6.25168,53.34738],[-6.25166,53.34737]]}},{"type":"Feature","properties":{"k":"major","n":"Matt Talbot Memorial Bridge"},"geometry":{"type":"LineString","coordinates":[[-6.25173,53.34762],[-6.25173,53.34747]]}},{"type":"Feature","properties":{"k":"major","n":"Matt Talbot Memorial Bridge"},"geometry":{"type":"LineString","coordinates":[[-6.25173,53.34762],[-6.25178,53.34748]]}},{"type":"Feature","properties":{"k":"major","n":"Matt Talbot Memorial Bridge"},"geometry":{"type":"LineString","coordinates":[[-6.25173,53.34762],[-6.25178,53.34754],[-6.2518,53.34752],[-6.25183,53.34748]]}},{"type":"Feature","properties":{"k":"major","n":"George's Quay"},"geometry":{"type":"LineString","coordinates":[[-6.2519,53.34742],[-6.25192,53.3474],[-6.25197,53.34739],[-6.25201,53.34738],[-6.25202,53.34738],[-6.25209,53.34738],[-6.25235,53.34739]]}},{"type":"Feature","properties":{"k":"minor","n":""},"geometry":{"type":"LineString","coordinates":[[-6.26101,53.34381],[-6.26092,53.34384],[-6.26087,53.34386]]}},{"type":"Feature","properties":{"k":"major","n":"St. Stephen's Green"},"geometry":{"type":"LineString","coordinates":[[-6.25724,53.33644],[-6.2571,53.33652]]}},{"type":"Feature","properties":{"k":"major","n":"St. Stephen's Green"},"geometry":{"type":"LineString","coordinates":[[-6.2569,53.33675],[-6.25669,53.33701],[-6.25633,53.33744],[-6.25606,53.33776],[-6.256,53.33783]]}},{"type":"Feature","properties":{"k":"minor","n":""},"geometry":{"type":"LineString","coordinates":[[-6.25786,53.34931],[-6.2578,53.34916]]}},{"type":"Feature","properties":{"k":"minor","n":""},"geometry":{"type":"LineString","coordinates":[[-6.24106,53.34848],[-6.24108,53.34829]]}},{"type":"Feature","properties":{"k":"minor","n":""},"geometry":{"type":"LineString","coordinates":[[-6.241,53.34884],[-6.24106,53.34848]]}},{"type":"Feature","properties":{"k":"pedestrian","n":""},"geometry":{"type":"LineString","coordinates":[[-6.24481,53.34796],[-6.2446,53.34794],[-6.2446,53.34798],[-6.2447,53.34798],[-6.24481,53.34799],[-6.24481,53.34796]]}},{"type":"Feature","properties":{"k":"major","n":"Aston Quay"},"geometry":{"type":"LineString","coordinates":[[-6.26073,53.34656],[-6.26093,53.34651],[-6.26114,53.34646],[-6.26176,53.34632],[-6.26189,53.34629]]}},{"type":"Feature","properties":{"k":"minor","n":""},"geometry":{"type":"LineString","coordinates":[[-6.24761,53.35098],[-6.24764,53.35084]]}},{"type":"Feature","properties":{"k":"water","n":""},"geometry":{"type":"LineString","coordinates":[[-6.27252,53.34527],[-6.27226,53.34527]]}},{"type":"Feature","properties":{"k":"water","n":""},"geometry":{"type":"LineString","coordinates":[[-6.27199,53.34528],[-6.27173,53.34529],[-6.27003,53.34546]]}},{"type":"Feature","properties":{"k":"water","n":""},"geometry":{"type":"LineString","coordinates":[[-6.25206,53.34786],[-6.25127,53.34777]]}},{"type":"Feature","properties":{"k":"major","n":"Dame Street"},"geometry":{"type":"LineString","coordinates":[[-6.2659,53.34418],[-6.26485,53.34417]]}},{"type":"Feature","properties":{"k":"major","n":"Dame Street"},"geometry":{"type":"LineString","coordinates":[[-6.26612,53.34418],[-6.2659,53.34418]]}},{"type":"Feature","properties":{"k":"pedestrian","n":""},"geometry":{"type":"LineString","coordinates":[[-6.24954,53.34857],[-6.24957,53.34842],[-6.24957,53.34841]]}},{"type":"Feature","properties":{"k":"major","n":"Custom House Quay"},"geometry":{"type":"LineString","coordinates":[[-6.24884,53.34816],[-6.24867,53.34814],[-6.24854,53.3481]]}},{"type":"Feature","properties":{"k":"major","n":"Custom House Quay"},"geometry":{"type":"LineString","coordinates":[[-6.24784,53.34806],[-6.24779,53.34805],[-6.24753,53.34804],[-6.2473,53.34802]]}},{"type":"Feature","properties":{"k":"minor","n":""},"geometry":{"type":"LineString","coordinates":[[-6.24112,53.34807],[-6.24116,53.3478]]}},{"type":"Feature","properties":{"k":"major","n":"Beresford Place"},"geometry":{"type":"LineString","coordinates":[[-6.25495,53.34866],[-6.2549,53.34883]]}},{"type":"Feature","properties":{"k":"minor","n":""},"geometry":{"type":"LineString","coordinates":[[-6.25258,53.34969],[-6.25262,53.34959],[-6.25263,53.34953],[-6.25262,53.34945]]}},{"type":"Feature","properties":{"k":"minor","n":""},"geometry":{"type":"LineString","coordinates":[[-6.25106,53.34988],[-6.25113,53.3499],[-6.25126,53.34994]]}},{"type":"Feature","properties":{"k":"major","n":"Merrion Row"},"geometry":{"type":"LineString","coordinates":[[-6.25529,53.33859],[-6.25485,53.33847]]}},{"type":"Feature","properties":{"k":"minor","n":""},"geometry":{"type":"LineString","coordinates":[[-6.27007,53.34159],[-6.27006,53.34155]]}},{"type":"Feature","properties":{"k":"water","n":""},"geometry":{"type":"LineString","coordinates":[[-6.27912,53.34612],[-6.27783,53.34585]]}},{"type":"Feature","properties":{"k":"pedestrian","n":""},"geometry":{"type":"LineString","coordinates":[[-6.27825,53.3495],[-6.2782,53.34968],[-6.27819,53.34971]]}},{"type":"Feature","properties":{"k":"major","n":"North King Street"},"geometry":{"type":"LineString","coordinates":[[-6.27819,53.34971],[-6.27822,53.34971],[-6.2783,53.34971],[-6.27924,53.3498]]}},{"type":"Feature","properties":{"k":"major","n":"South Great George's Street"},"geometry":{"type":"LineString","coordinates":[[-6.26468,53.34216],[-6.26463,53.34223],[-6.26457,53.34234],[-6.26452,53.34245]]}},{"type":"Feature","properties":{"k":"minor","n":""},"geometry":{"type":"LineString","coordinates":[[-6.26408,53.34123],[-6.26403,53.34127],[-6.26382,53.34157],[-6.26362,53.34187]]}},{"type":"Feature","properties":{"k":"minor","n":""},"geometry":{"type":"LineString","coordinates":[[-6.26539,53.34148],[-6.26528,53.34146],[-6.26488,53.34139],[-6.26441,53.34131],[-6.26427,53.34129],[-6.26414,53.34125],[-6.26408,53.34123]]}},{"type":"Feature","properties":{"k":"major","n":"Custom House Quay"},"geometry":{"type":"LineString","coordinates":[[-6.2473,53.34802],[-6.24718,53.34801],[-6.24651,53.34798],[-6.24645,53.34797],[-6.2463,53.34796],[-6.24623,53.34796],[-6.2461,53.34795]]}},{"type":"Feature","properties":{"k":"minor","n":""},"geometry":{"type":"LineString","coordinates":[[-6.25248,53.34987],[-6.25258,53.34969]]}},{"type":"Feature","properties":{"k":"minor","n":""},"geometry":{"type":"LineString","coordinates":[[-6.25205,53.33976],[-6.25206,53.33974],[-6.2521,53.33971],[-6.25211,53.3397],[-6.25212,53.33968],[-6.25236,53.33944],[-6.25248,53.33931]]}},{"type":"Feature","properties":{"k":"minor","n":""},"geometry":{"type":"LineString","coordinates":[[-6.25655,53.34592],[-6.25646,53.34592]]}},{"type":"Feature","properties":{"k":"minor","n":""},"geometry":{"type":"LineString","coordinates":[[-6.25398,53.3468],[-6.25444,53.34681]]}},{"type":"Feature","properties":{"k":"major","n":"North King Street"},"geometry":{"type":"LineString","coordinates":[[-6.27479,53.35011],[-6.27571,53.34995]]}},{"type":"Feature","properties":{"k":"major","n":"Bridge of Dublin"},"geometry":{"type":"LineString","coordinates":[[-6.27575,53.34554],[-6.27566,53.34573]]}},{"type":"Feature","properties":{"k":"minor","n":""},"geometry":{"type":"LineString","coordinates":[[-6.26693,53.33533],[-6.26693,53.3353],[-6.26693,53.33529],[-6.26695,53.33493],[-6.26698,53.33414],[-6.26698,53.3341]]}},{"type":"Feature","properties":{"k":"major","n":"Ringsend Road"},"geometry":{"type":"LineString","coordinates":[[-6.23575,53.34207],[-6.23558,53.34204],[-6.23541,53.34202]]}},{"type":"Feature","properties":{"k":"major","n":"Ringsend Road"},"geometry":{"type":"LineString","coordinates":[[-6.23652,53.34216],[-6.23603,53.3421]]}},{"type":"Feature","properties":{"k":"major","n":"Leeson Street Lower"},"geometry":{"type":"LineString","coordinates":[[-6.25331,53.33259],[-6.25348,53.33275],[-6.25352,53.33279],[-6.25357,53.33283],[-6.254,53.33323],[-6.25402,53.33325]]}},{"type":"Feature","properties":{"k":"major","n":"Dean Street"},"geometry":{"type":"LineString","coordinates":[[-6.27277,53.33896],[-6.27269,53.33893]]}},{"type":"Feature","properties":{"k":"minor","n":""},"geometry":{"type":"LineString","coordinates":[[-6.24337,53.35353],[-6.24378,53.35368]]}},{"type":"Feature","properties":{"k":"major","n":"College Green"},"geometry":{"type":"LineString","coordinates":[[-6.26008,53.34447],[-6.25998,53.34448]]}},{"type":"Feature","properties":{"k":"major","n":"College Green"},"geometry":{"type":"LineString","coordinates":[[-6.25995,53.34433],[-6.26054,53.3443]]}},{"type":"Feature","properties":{"k":"minor","n":""},"geometry":{"type":"LineString","coordinates":[[-6.28711,53.33501],[-6.28707,53.335],[-6.28703,53.335],[-6.287,53.33501],[-6.28615,53.33536],[-6.286,53.33541],[-6.28447,53.33603],[-6.2844,53.33607],[-6.28435,53.33609]]}},{"type":"Feature","properties":{"k":"major","n":"George's Quay"},"geometry":{"type":"LineString","coordinates":[[-6.25235,53.34739],[-6.25293,53.3474],[-6.25321,53.34741],[-6.25355,53.34742]]}},{"type":"Feature","properties":{"k":"major","n":"Matt Talbot Memorial Bridge"},"geometry":{"type":"LineString","coordinates":[[-6.25161,53.34804],[-6.25167,53.34782]]}},{"type":"Feature","properties":{"k":"major","n":"Custom House Quay"},"geometry":{"type":"LineString","coordinates":[[-6.24903,53.34809],[-6.24969,53.34814]]}},{"type":"Feature","properties":{"k":"major","n":"Custom House Quay"},"geometry":{"type":"LineString","coordinates":[[-6.25175,53.34831],[-6.25162,53.34831]]}},{"type":"Feature","properties":{"k":"major","n":"Custom House Quay"},"geometry":{"type":"LineString","coordinates":[[-6.25495,53.34829],[-6.25477,53.3483],[-6.25473,53.3483],[-6.25418,53.34829],[-6.25384,53.34829],[-6.253,53.34829],[-6.25275,53.34829]]}},{"type":"Feature","properties":{"k":"major","n":"Memorial Road"},"geometry":{"type":"LineString","coordinates":[[-6.25179,53.34913],[-6.25171,53.34907],[-6.25164,53.349],[-6.25157,53.34895],[-6.25153,53.3489]]}},{"type":"Feature","properties":{"k":"major","n":"Memorial Road"},"geometry":{"type":"LineString","coordinates":[[-6.25181,53.34939],[-6.25168,53.34941],[-6.25158,53.34945]]}},{"type":"Feature","properties":{"k":"major","n":"Memorial Road"},"geometry":{"type":"LineString","coordinates":[[-6.25088,53.34985],[-6.25091,53.3498],[-6.25094,53.34977],[-6.25098,53.34972],[-6.251,53.3497],[-6.25103,53.34968],[-6.25111,53.34961],[-6.25122,53.34954],[-6.25132,53.34946],[-6.25137,53.34941],[-6.25142,53.34936]]}},{"type":"Feature","properties":{"k":"major","n":"North King Street"},"geometry":{"type":"LineString","coordinates":[[-6.27411,53.3502],[-6.27368,53.3502],[-6.2736,53.35016]]}},{"type":"Feature","properties":{"k":"major","n":"Church Street Upper"},"geometry":{"type":"LineString","coordinates":[[-6.27413,53.3507],[-6.27427,53.35043]]}},{"type":"Feature","properties":{"k":"major","n":"Memorial Road"},"geometry":{"type":"LineString","coordinates":[[-6.25158,53.34945],[-6.25153,53.34947],[-6.25147,53.3495],[-6.25138,53.34956]]}},{"type":"Feature","properties":{"k":"major","n":"Memorial Road"},"geometry":{"type":"LineString","coordinates":[[-6.25142,53.34936],[-6.25146,53.34929],[-6.2515,53.34921]]}},{"type":"Feature","properties":{"k":"major","n":"Memorial Road"},"geometry":{"type":"LineString","coordinates":[[-6.25206,53.34939],[-6.25192,53.34939]]}},{"type":"Feature","properties":{"k":"major","n":"City Quay"},"geometry":{"type":"LineString","coordinates":[[-6.25017,53.34708],[-6.2492,53.34695],[-6.24845,53.34685],[-6.2483,53.34682]]}},{"type":"Feature","properties":{"k":"major","n":"Moss Street"},"geometry":{"type":"LineString","coordinates":[[-6.2519,53.34725],[-6.25192,53.34715]]}},{"type":"Feature","properties":{"k":"major","n":"Moss Street"},"geometry":{"type":"LineString","coordinates":[[-6.25192,53.34715],[-6.25197,53.34685],[-6.25201,53.34655]]}},{"type":"Feature","properties":{"k":"major","n":"Nicholas Street"},"geometry":{"type":"LineString","coordinates":[[-6.27231,53.34222],[-6.27228,53.34229]]}},{"type":"Feature","properties":{"k":"major","n":"Cornmarket"},"geometry":{"type":"LineString","coordinates":[[-6.2749,53.34337],[-6.27473,53.34339],[-6.27449,53.3434]]}},{"type":"Feature","properties":{"k":"major","n":"Grand Canal Street Lower"},"geometry":{"type":"LineString","coordinates":[[-6.24136,53.33953],[-6.24159,53.33963]]}},{"type":"Feature","properties":{"k":"minor","n":""},"geometry":{"type":"LineString","coordinates":[[-6.24168,53.34005],[-6.24168,53.33993]]}},{"type":"Feature","properties":{"k":"pedestrian","n":""},"geometry":{"type":"LineString","coordinates":[[-6.26143,53.35246],[-6.26143,53.35245],[-6.26142,53.35244],[-6.26142,53.35239],[-6.26146,53.35242],[-6.26148,53.35243],[-6.2615,53.35245],[-6.26147,53.35247],[-6.26143,53.35249],[-6.26143,53.35248],[-6.26143,53.35246]]}},{"type":"Feature","properties":{"k":"major","n":"Cavendish Row"},"geometry":{"type":"LineString","coordinates":[[-6.26164,53.35257],[-6.26166,53.35254],[-6.26176,53.35245]]}},{"type":"Feature","properties":{"k":"major","n":"Frederick Street North"},"geometry":{"type":"LineString","coordinates":[[-6.2645,53.35539],[-6.26412,53.35507],[-6.26406,53.35501]]}},{"type":"Feature","properties":{"k":"pedestrian","n":""},"geometry":{"type":"LineString","coordinates":[[-6.26763,53.34534],[-6.26751,53.34495]]}},{"type":"Feature","properties":{"k":"major","n":"Lincoln Place"},"geometry":{"type":"LineString","coordinates":[[-6.25156,53.34218],[-6.25148,53.34218],[-6.25141,53.34216],[-6.25079,53.34202]]}},{"type":"Feature","properties":{"k":"major","n":"Gardiner Street Middle"},"geometry":{"type":"LineString","coordinates":[[-6.25689,53.35421],[-6.25693,53.35427]]}},{"type":"Feature","properties":{"k":"pedestrian","n":""},"geometry":{"type":"LineString","coordinates":[[-6.26914,53.34965],[-6.26903,53.34968]]}},{"type":"Feature","properties":{"k":"water","n":""},"geometry":{"type":"LineString","coordinates":[[-6.26762,53.34573],[-6.2676,53.34573],[-6.26742,53.34575]]}},{"type":"Feature","properties":{"k":"major","n":"Bolton Street"},"geometry":{"type":"LineString","coordinates":[[-6.26978,53.35135],[-6.26916,53.35203]]}},{"type":"Feature","properties":{"k":"major","n":"South Great George's Street"},"geometry":{"type":"LineString","coordinates":[[-6.26452,53.34245],[-6.26447,53.34261]]}},{"type":"Feature","properties":{"k":"minor","n":""},"geometry":{"type":"LineString","coordinates":[[-6.27919,53.34257],[-6.27917,53.34272],[-6.27915,53.34283]]}},{"type":"Feature","properties":{"k":"major","n":"Thomas Street"},"geometry":{"type":"LineString","coordinates":[[-6.28486,53.34349],[-6.28458,53.34346],[-6.28451,53.34346]]}},{"type":"Feature","properties":{"k":"major","n":"Ardee Street"},"geometry":{"type":"LineString","coordinates":[[-6.27969,53.33898],[-6.27961,53.33887],[-6.27956,53.33882],[-6.27952,53.33876],[-6.27947,53.33866]]}},{"type":"Feature","properties":{"k":"major","n":"Sheriff Street Upper"},"geometry":{"type":"LineString","coordinates":[[-6.24087,53.35059],[-6.24086,53.35059],[-6.24082,53.35059],[-6.24078,53.3506],[-6.24075,53.3506],[-6.24071,53.3506],[-6.24067,53.3506],[-6.24058,53.35059]]}},{"type":"Feature","properties":{"k":"minor","n":""},"geometry":{"type":"LineString","coordinates":[[-6.27007,53.34164],[-6.27007,53.34162],[-6.27007,53.34159]]}},{"type":"Feature","properties":{"k":"minor","n":""},"geometry":{"type":"LineString","coordinates":[[-6.26415,53.33651],[-6.26386,53.33653],[-6.26374,53.33653],[-6.26334,53.33654],[-6.26328,53.33654]]}},{"type":"Feature","properties":{"k":"major","n":"O'Connell Bridge"},"geometry":{"type":"LineString","coordinates":[[-6.25911,53.34697],[-6.25909,53.34701],[-6.25907,53.34705]]}},{"type":"Feature","properties":{"k":"major","n":"O'Connell Bridge"},"geometry":{"type":"LineString","coordinates":[[-6.25927,53.34746],[-6.25928,53.34749],[-6.25931,53.34753]]}},{"type":"Feature","properties":{"k":"major","n":"O'Connell Bridge"},"geometry":{"type":"LineString","coordinates":[[-6.25914,53.34692],[-6.25913,53.34694],[-6.25911,53.34697]]}},{"type":"Feature","properties":{"k":"major","n":"Parnell Street"},"geometry":{"type":"LineString","coordinates":[[-6.26455,53.351],[-6.26461,53.35097],[-6.26477,53.35092],[-6.26484,53.35089],[-6.26532,53.35072]]}},{"type":"Feature","properties":{"k":"major","n":"Parnell Street"},"geometry":{"type":"LineString","coordinates":[[-6.26541,53.35079],[-6.26502,53.35093],[-6.26501,53.35093],[-6.26497,53.35094],[-6.2649,53.35094],[-6.26462,53.35099],[-6.26455,53.351]]}},{"type":"Feature","properties":{"k":"minor","n":""},"geometry":{"type":"LineString","coordinates":[[-6.26919,53.35326],[-6.26911,53.35325],[-6.26894,53.35321],[-6.26885,53.35318],[-6.26848,53.35304],[-6.26842,53.35301],[-6.2683,53.35296]]}},{"type":"Feature","properties":{"k":"minor","n":""},"geometry":{"type":"LineString","coordinates":[[-6.27229,53.3546],[-6.27227,53.35459],[-6.27219,53.35456],[-6.27199,53.35447],[-6.27195,53.35445],[-6.27189,53.35443]]}},{"type":"Feature","properties":{"k":"minor","n":""},"geometry":{"type":"LineString","coordinates":[[-6.27242,53.35464],[-6.27229,53.3546]]}},{"type":"Feature","properties":{"k":"major","n":"Western Way"},"geometry":{"type":"LineString","coordinates":[[-6.27261,53.3546],[-6.27255,53.35466],[-6.27252,53.35471],[-6.27247,53.35482],[-6.27239,53.3549]]}},{"type":"Feature","properties":{"k":"pedestrian","n":""},"geometry":{"type":"LineString","coordinates":[[-6.27209,53.35449],[-6.27228,53.35458],[-6.2723,53.35459],[-6.27232,53.3546],[-6.27234,53.35459],[-6.27235,53.35458],[-6.27236,53.35455],[-6.27238,53.35452],[-6.27234,53.35446],[-6.27233,53.35446],[-6.27229,53.35447],[-6.27215,53.35449],[-6.27209,53.35449]]}},{"type":"Feature","properties":{"k":"minor","n":""},"geometry":{"type":"LineString","coordinates":[[-6.26969,53.35237],[-6.26917,53.35221],[-6.26904,53.35217]]}},{"type":"Feature","properties":{"k":"minor","n":""},"geometry":{"type":"LineString","coordinates":[[-6.27123,53.35026],[-6.27121,53.35037],[-6.27123,53.35047]]}},{"type":"Feature","properties":{"k":"major","n":"Clanbrassil Street Lower"},"geometry":{"type":"LineString","coordinates":[[-6.27478,53.33418],[-6.27482,53.33411]]}},{"type":"Feature","properties":{"k":"major","n":"New Street South"},"geometry":{"type":"LineString","coordinates":[[-6.27255,53.33784],[-6.27256,53.33792],[-6.27258,53.33804],[-6.27265,53.33842]]}},{"type":"Feature","properties":{"k":"major","n":"Dawson Street"},"geometry":{"type":"LineString","coordinates":[[-6.25869,53.33973],[-6.25864,53.3399],[-6.25859,53.34009]]}},{"type":"Feature","properties":{"k":"major","n":"Kildare Street"},"geometry":{"type":"LineString","coordinates":[[-6.2555,53.34048],[-6.2556,53.3403],[-6.25568,53.34015],[-6.25571,53.34008]]}},{"type":"Feature","properties":{"k":"major","n":"Inns Quay"},"geometry":{"type":"LineString","coordinates":[[-6.27221,53.34558],[-6.27202,53.34559],[-6.27166,53.34561]]}},{"type":"Feature","properties":{"k":"minor","n":""},"geometry":{"type":"LineString","coordinates":[[-6.27537,53.33896],[-6.27525,53.339],[-6.2751,53.33907],[-6.27499,53.33913],[-6.27488,53.33923]]}},{"type":"Feature","properties":{"k":"major","n":"Cuffe Street"},"geometry":{"type":"LineString","coordinates":[[-6.26547,53.33766],[-6.26457,53.33764]]}},{"type":"Feature","properties":{"k":"park","n":""},"geometry":{"type":"Polygon","coordinates":[[[-6.27276,53.35085],[-6.27263,53.35085],[-6.27261,53.3507],[-6.27261,53.35066],[-6.2726,53.35061],[-6.27258,53.35046],[-6.2727,53.35045],[-6.27272,53.3506],[-6.27273,53.35066],[-6.27274,53.3507],[-6.27276,53.35085]]]}},{"type":"Feature","properties":{"k":"minor","n":""},"geometry":{"type":"LineString","coordinates":[[-6.28575,53.34961],[-6.28538,53.34968],[-6.28526,53.3497],[-6.28487,53.34975],[-6.28391,53.34988],[-6.28345,53.34995],[-6.28317,53.35001],[-6.28301,53.35005],[-6.28291,53.35008],[-6.28272,53.35013],[-6.28237,53.35024],[-6.28185,53.35039]]}},{"type":"Feature","properties":{"k":"major","n":"St. Stephen's Green"},"geometry":{"type":"LineString","coordinates":[[-6.25726,53.33614],[-6.2574,53.33618],[-6.25767,53.33625],[-6.25817,53.33643]]}},{"type":"Feature","properties":{"k":"major","n":"St. Stephen's Green"},"geometry":{"type":"LineString","coordinates":[[-6.2594,53.33675],[-6.2589,53.33662],[-6.25874,53.33658],[-6.25817,53.33643]]}},{"type":"Feature","properties":{"k":"major","n":"St. Stephen's Green"},"geometry":{"type":"LineString","coordinates":[[-6.25792,53.33639],[-6.25754,53.33633],[-6.25744,53.33635],[-6.25733,53.33638],[-6.25728,53.3364],[-6.25724,53.33644]]}},{"type":"Feature","properties":{"k":"minor","n":""},"geometry":{"type":"LineString","coordinates":[[-6.23865,53.35615],[-6.23881,53.35618]]}},{"type":"Feature","properties":{"k":"minor","n":""},"geometry":{"type":"LineString","coordinates":[[-6.23852,53.35611],[-6.23865,53.35615]]}},{"type":"Feature","properties":{"k":"minor","n":""},"geometry":{"type":"LineString","coordinates":[[-6.23824,53.35271],[-6.23813,53.35266],[-6.23799,53.35259]]}},{"type":"Feature","properties":{"k":"minor","n":""},"geometry":{"type":"LineString","coordinates":[[-6.26993,53.3441],[-6.27005,53.344],[-6.27013,53.34391],[-6.27015,53.34383]]}},{"type":"Feature","properties":{"k":"minor","n":""},"geometry":{"type":"LineString","coordinates":[[-6.26801,53.34444],[-6.26815,53.34475]]}},{"type":"Feature","properties":{"k":"major","n":"Nicholas Street"},"geometry":{"type":"LineString","coordinates":[[-6.27233,53.34182],[-6.27231,53.34222]]}},{"type":"Feature","properties":{"k":"minor","n":""},"geometry":{"type":"LineString","coordinates":[[-6.27377,53.34215],[-6.27361,53.3419],[-6.27359,53.34187],[-6.2735,53.34174]]}},{"type":"Feature","properties":{"k":"minor","n":""},"geometry":{"type":"LineString","coordinates":[[-6.2738,53.3422],[-6.27377,53.34215]]}},{"type":"Feature","properties":{"k":"minor","n":""},"geometry":{"type":"LineString","coordinates":[[-6.27521,53.34195],[-6.27518,53.34189],[-6.27506,53.34171]]}},{"type":"Feature","properties":{"k":"minor","n":""},"geometry":{"type":"LineString","coordinates":[[-6.28284,53.35334],[-6.28292,53.35333],[-6.28295,53.35331],[-6.28299,53.35327],[-6.28304,53.35324]]}},{"type":"Feature","properties":{"k":"minor","n":""},"geometry":{"type":"LineString","coordinates":[[-6.27718,53.34659],[-6.27704,53.34686]]}},{"type":"Feature","properties":{"k":"minor","n":""},"geometry":{"type":"LineString","coordinates":[[-6.27676,53.34801],[-6.27667,53.34813],[-6.27656,53.3483]]}},{"type":"Feature","properties":{"k":"minor","n":""},"geometry":{"type":"LineString","coordinates":[[-6.276,53.34921],[-6.27588,53.34941],[-6.27581,53.34958],[-6.27573,53.34982],[-6.27571,53.34995]]}},{"type":"Feature","properties":{"k":"minor","n":""},"geometry":{"type":"LineString","coordinates":[[-6.27626,53.34878],[-6.27617,53.34893],[-6.276,53.34921]]}},{"type":"Feature","properties":{"k":"minor","n":""},"geometry":{"type":"LineString","coordinates":[[-6.27704,53.34686],[-6.27703,53.3469],[-6.277,53.34703],[-6.27699,53.34706]]}},{"type":"Feature","properties":{"k":"major","n":"Seville Place"},"geometry":{"type":"LineString","coordinates":[[-6.24115,53.35062],[-6.24103,53.35054]]}},{"type":"Feature","properties":{"k":"pedestrian","n":""},"geometry":{"type":"LineString","coordinates":[[-6.24091,53.35054],[-6.24087,53.35051],[-6.24086,53.3505],[-6.2408,53.35046],[-6.24075,53.35045],[-6.2407,53.35043],[-6.24067,53.35043],[-6.24067,53.35044],[-6.24065,53.35046],[-6.24061,53.35048],[-6.24058,53.3505],[-6.24055,53.3505],[-6.24053,53.35048],[-6.2405,53.3505],[-6.24048,53.35055],[-6.2405,53.35055],[-6.24066,53.35056],[-6.24076,53.35056],[-6.24083,53.35056],[-6.24086,53.35056],[-6.24088,53.35055],[-6.24089,53.35055],[-6.24091,53.35054]]}},{"type":"Feature","properties":{"k":"pedestrian","n":""},"geometry":{"type":"LineString","coordinates":[[-6.24083,53.35044],[-6.24082,53.35043],[-6.2408,53.35041],[-6.24077,53.35038],[-6.24075,53.35034],[-6.24073,53.3503],[-6.24073,53.35029],[-6.24071,53.35022],[-6.24071,53.35028],[-6.2407,53.35029],[-6.24069,53.35037],[-6.24068,53.3504],[-6.24068,53.35041],[-6.24073,53.35042],[-6.24078,53.35044],[-6.2408,53.35044],[-6.24082,53.35045],[-6.24083,53.35044]]}},{"type":"Feature","properties":{"k":"minor","n":""},"geometry":{"type":"LineString","coordinates":[[-6.23773,53.35273],[-6.23782,53.3527],[-6.23791,53.35265],[-6.23799,53.35259]]}},{"type":"Feature","properties":{"k":"minor","n":""},"geometry":{"type":"LineString","coordinates":[[-6.23287,53.35229],[-6.23311,53.35212],[-6.23326,53.35201],[-6.23341,53.3519],[-6.23353,53.35182],[-6.23367,53.35176],[-6.23375,53.35173],[-6.23382,53.35171],[-6.23397,53.35169],[-6.23425,53.35168],[-6.23473,53.35172],[-6.23518,53.35176],[-6.23543,53.3518],[-6.23568,53.35184],[-6.23594,53.35191],[-6.23617,53.35198],[-6.23698,53.35233],[-6.23706,53.35237],[-6.23747,53.35255],[-6.23768,53.35265],[-6.2377,53.35268],[-6.23772,53.3527],[-6.23773,53.35273],[-6.23773,53.35276],[-6.23772,53.35279],[-6.23762,53.35288],[-6.23732,53.35313],[-6.23709,53.3533],[-6.23699,53.35339],[-6.23669,53.35363],[-6.2366,53.35371],[-6.23638,53.3539]]}},{"type":"Feature","properties":{"k":"major","n":"North Wall Quay"},"geometry":{"type":"LineString","coordinates":[[-6.23794,53.34741],[-6.2379,53.34741],[-6.23767,53.34739],[-6.2369,53.34735]]}},{"type":"Feature","properties":{"k":"pedestrian","n":""},"geometry":{"type":"LineString","coordinates":[[-6.26087,53.34386],[-6.26087,53.34385],[-6.26086,53.34383],[-6.26085,53.34382],[-6.26082,53.3438],[-6.26058,53.3437],[-6.26039,53.34363]]}},{"type":"Feature","properties":{"k":"major","n":"Constitution Hill"},"geometry":{"type":"LineString","coordinates":[[-6.27294,53.35375],[-6.27295,53.35361],[-6.27295,53.35356],[-6.27297,53.35349]]}},{"type":"Feature","properties":{"k":"major","n":"Constitution Hill"},"geometry":{"type":"LineString","coordinates":[[-6.273,53.35394],[-6.27302,53.35398],[-6.27304,53.35403],[-6.2731,53.35412],[-6.27312,53.35416],[-6.27312,53.35422]]}},{"type":"Feature","properties":{"k":"major","n":"Constitution Hill"},"geometry":{"type":"LineString","coordinates":[[-6.27291,53.35402],[-6.27289,53.35399],[-6.27289,53.35395],[-6.27289,53.35388],[-6.27294,53.35375]]}},{"type":"Feature","properties":{"k":"major","n":"Constitution Hill"},"geometry":{"type":"LineString","coordinates":[[-6.27294,53.35375],[-6.273,53.35394]]}},{"type":"Feature","properties":{"k":"major","n":"Western Way"},"geometry":{"type":"LineString","coordinates":[[-6.27251,53.35454],[-6.27288,53.35444]]}},{"type":"Feature","properties":{"k":"major","n":"Pearse Street"},"geometry":{"type":"LineString","coordinates":[[-6.25261,53.34477],[-6.25312,53.34486],[-6.25321,53.34488]]}},{"type":"Feature","properties":{"k":"major","n":"Bachelors Walk"},"geometry":{"type":"LineString","coordinates":[[-6.26005,53.34736],[-6.25964,53.34746]]}},{"type":"Feature","properties":{"k":"major","n":"Custom House Quay"},"geometry":{"type":"LineString","coordinates":[[-6.24969,53.34814],[-6.25002,53.34816]]}},{"type":"Feature","properties":{"k":"major","n":"Pearse Street"},"geometry":{"type":"LineString","coordinates":[[-6.24115,53.34275],[-6.24098,53.34273],[-6.24095,53.34272],[-6.24091,53.34272],[-6.23997,53.3426],[-6.2399,53.34259],[-6.23976,53.34257],[-6.23963,53.34255],[-6.23911,53.34248],[-6.23906,53.34247],[-6.23897,53.34246],[-6.2388,53.34244]]}},{"type":"Feature","properties":{"k":"pedestrian","n":""},"geometry":{"type":"LineString","coordinates":[[-6.25618,53.33856],[-6.25621,53.33853],[-6.25624,53.33849],[-6.25626,53.33846],[-6.25625,53.33846],[-6.25624,53.33846],[-6.25625,53.33841],[-6.25619,53.33833],[-6.25606,53.33829],[-6.25606,53.33829],[-6.25605,53.33828],[-6.25595,53.3383],[-6.25589,53.33831],[-6.25588,53.33832],[-6.25586,53.33833],[-6.2558,53.3384],[-6.25578,53.33844],[-6.25579,53.33848],[-6.25581,53.33851],[-6.25586,53.33854],[-6.25593,53.33857],[-6.25602,53.33859],[-6.25605,53.33859],[-6.25607,53.3386],[-6.25612,53.33858],[-6.25618,53.33856]]}},{"type":"Feature","properties":{"k":"pedestrian","n":""},"geometry":{"type":"LineString","coordinates":[[-6.25659,53.33898],[-6.25658,53.33897],[-6.25661,53.33894],[-6.25662,53.33893],[-6.25662,53.33893],[-6.25662,53.33891],[-6.25662,53.3389],[-6.25662,53.33889],[-6.25663,53.33888],[-6.25664,53.33888],[-6.25664,53.33888],[-6.25666,53.33888],[-6.25669,53.3389],[-6.2567,53.3389],[-6.25673,53.33891],[-6.25675,53.33892],[-6.25676,53.33893],[-6.25677,53.33894],[-6.25677,53.33896],[-6.25677,53.33897],[-6.25678,53.33898],[-6.2568,53.339],[-6.25681,53.33901],[-6.25683,53.33902],[-6.25684,53.33903],[-6.25686,53.33904],[-6.25688,53.33905],[-6.25662,53.33899],[-6.25659,53.33898]]}},{"type":"Feature","properties":{"k":"pedestrian","n":""},"geometry":{"type":"LineString","coordinates":[[-6.26362,53.34109],[-6.26359,53.34106],[-6.26347,53.34092],[-6.26343,53.3409],[-6.26338,53.341],[-6.26338,53.34102],[-6.26336,53.34106],[-6.26341,53.34107],[-6.26345,53.34106],[-6.26355,53.3411],[-6.26361,53.34113],[-6.26362,53.34109]]}},{"type":"Feature","properties":{"k":"major","n":"Burgh Quay"},"geometry":{"type":"LineString","coordinates":[[-6.25594,53.34746],[-6.25603,53.34746],[-6.25623,53.34744],[-6.25636,53.34743]]}},{"type":"Feature","properties":{"k":"minor","n":""},"geometry":{"type":"LineString","coordinates":[[-6.24945,53.3537],[-6.24967,53.35411],[-6.24971,53.35417],[-6.24974,53.35423],[-6.24984,53.3543]]}},{"type":"Feature","properties":{"k":"major","n":"Dame Street"},"geometry":{"type":"LineString","coordinates":[[-6.26334,53.34421],[-6.26261,53.34424],[-6.26238,53.34425]]}},{"type":"Feature","properties":{"k":"major","n":"Merrion Square North"},"geometry":{"type":"LineString","coordinates":[[-6.24729,53.33993],[-6.24688,53.33979],[-6.24672,53.33973]]}},{"type":"Feature","properties":{"k":"minor","n":""},"geometry":{"type":"LineString","coordinates":[[-6.24176,53.34448],[-6.24176,53.34445],[-6.24175,53.34443],[-6.24174,53.34441],[-6.24172,53.34439],[-6.24161,53.34436],[-6.24145,53.34431],[-6.24101,53.34419],[-6.24098,53.34418]]}},{"type":"Feature","properties":{"k":"major","n":"Macken Street"},"geometry":{"type":"LineString","coordinates":[[-6.24086,53.34416],[-6.24089,53.34402],[-6.24091,53.34392]]}},{"type":"Feature","properties":{"k":"minor","n":""},"geometry":{"type":"LineString","coordinates":[[-6.2397,53.33889],[-6.23968,53.33893],[-6.23966,53.33896],[-6.23966,53.33898]]}},{"type":"Feature","properties":{"k":"minor","n":""},"geometry":{"type":"LineString","coordinates":[[-6.26998,53.34212],[-6.27002,53.34186]]}},{"type":"Feature","properties":{"k":"minor","n":""},"geometry":{"type":"LineString","coordinates":[[-6.27313,53.34098],[-6.27313,53.34092],[-6.27308,53.34068],[-6.27305,53.34055]]}},{"type":"Feature","properties":{"k":"minor","n":""},"geometry":{"type":"LineString","coordinates":[[-6.26592,53.34681],[-6.26605,53.34715],[-6.26608,53.34725],[-6.26619,53.34754]]}},{"type":"Feature","properties":{"k":"major","n":"Wellington Quay"},"geometry":{"type":"LineString","coordinates":[[-6.26606,53.34556],[-6.26724,53.34539]]}},{"type":"Feature","properties":{"k":"major","n":"Wellington Quay"},"geometry":{"type":"LineString","coordinates":[[-6.26745,53.34536],[-6.26763,53.34534]]}},{"type":"Feature","properties":{"k":"minor","n":""},"geometry":{"type":"LineString","coordinates":[[-6.25409,53.35267],[-6.25412,53.35273],[-6.2542,53.35286],[-6.25444,53.35326],[-6.25447,53.3533],[-6.25449,53.35334]]}},{"type":"Feature","properties":{"k":"minor","n":""},"geometry":{"type":"LineString","coordinates":[[-6.27693,53.34728],[-6.27691,53.34736],[-6.27691,53.34737],[-6.27689,53.34752],[-6.27688,53.34766]]}},{"type":"Feature","properties":{"k":"minor","n":""},"geometry":{"type":"LineString","coordinates":[[-6.25837,53.35888],[-6.25822,53.35872],[-6.25811,53.3586],[-6.25773,53.35822],[-6.25756,53.35805],[-6.25719,53.35768],[-6.25718,53.35766],[-6.2571,53.35753]]}},{"type":"Feature","properties":{"k":"minor","n":""},"geometry":{"type":"LineString","coordinates":[[-6.25057,53.33923],[-6.25051,53.33921],[-6.2501,53.33907]]}},{"type":"Feature","properties":{"k":"minor","n":""},"geometry":{"type":"LineString","coordinates":[[-6.27511,53.34416],[-6.27554,53.34416],[-6.27581,53.34416]]}},{"type":"Feature","properties":{"k":"minor","n":""},"geometry":{"type":"LineString","coordinates":[[-6.26751,53.34495],[-6.2674,53.34496],[-6.2671,53.345]]}},{"type":"Feature","properties":{"k":"minor","n":""},"geometry":{"type":"LineString","coordinates":[[-6.2671,53.345],[-6.26666,53.34505],[-6.26647,53.34507]]}},{"type":"Feature","properties":{"k":"major","n":"Bolton Street"},"geometry":{"type":"LineString","coordinates":[[-6.26986,53.35128],[-6.26982,53.35131],[-6.26978,53.35135]]}},{"type":"Feature","properties":{"k":"major","n":"Christchurch Place"},"geometry":{"type":"LineString","coordinates":[[-6.27043,53.34317],[-6.27036,53.3432]]}},{"type":"Feature","properties":{"k":"major","n":"Harcourt Street"},"geometry":{"type":"LineString","coordinates":[[-6.26298,53.33379],[-6.26294,53.33377],[-6.26291,53.33375]]}},{"type":"Feature","properties":{"k":"major","n":"Harcourt Street"},"geometry":{"type":"LineString","coordinates":[[-6.26301,53.33389],[-6.26298,53.33398],[-6.26301,53.33409]]}},{"type":"Feature","properties":{"k":"major","n":"Harcourt Street"},"geometry":{"type":"LineString","coordinates":[[-6.26318,53.33381],[-6.26307,53.33381],[-6.26298,53.33379]]}},{"type":"Feature","properties":{"k":"minor","n":""},"geometry":{"type":"LineString","coordinates":[[-6.25856,53.35095],[-6.25845,53.3507],[-6.25835,53.35046],[-6.25832,53.3504],[-6.25824,53.35019],[-6.25821,53.35013]]}},{"type":"Feature","properties":{"k":"minor","n":""},"geometry":{"type":"LineString","coordinates":[[-6.26806,53.34648],[-6.26794,53.34621],[-6.26791,53.34613],[-6.26789,53.34608]]}},{"type":"Feature","properties":{"k":"pedestrian","n":""},"geometry":{"type":"LineString","coordinates":[[-6.26954,53.34831],[-6.26876,53.34838]]}},{"type":"Feature","properties":{"k":"pedestrian","n":""},"geometry":{"type":"LineString","coordinates":[[-6.26739,53.34868],[-6.26749,53.34866],[-6.26801,53.34857],[-6.26807,53.34857]]}},{"type":"Feature","properties":{"k":"minor","n":""},"geometry":{"type":"LineString","coordinates":[[-6.26961,53.34938],[-6.26925,53.34947]]}},{"type":"Feature","properties":{"k":"pedestrian","n":""},"geometry":{"type":"LineString","coordinates":[[-6.26903,53.34968],[-6.2686,53.34978],[-6.26853,53.3498]]}},{"type":"Feature","properties":{"k":"minor","n":""},"geometry":{"type":"LineString","coordinates":[[-6.26943,53.34715],[-6.26985,53.34709],[-6.27027,53.34704]]}},{"type":"Feature","properties":{"k":"minor","n":""},"geometry":{"type":"LineString","coordinates":[[-6.2676,53.34737],[-6.26781,53.34735],[-6.26812,53.34733],[-6.26819,53.34732],[-6.26824,53.34732],[-6.26836,53.34731]]}},{"type":"Feature","properties":{"k":"major","n":"Usher's Quay"},"geometry":{"type":"LineString","coordinates":[[-6.27663,53.34543],[-6.2769,53.34548],[-6.27751,53.3456]]}},{"type":"Feature","properties":{"k":"major","n":"Bachelors Walk"},"geometry":{"type":"LineString","coordinates":[[-6.26133,53.34707],[-6.26127,53.34708],[-6.26117,53.34711],[-6.26104,53.34714]]}},{"type":"Feature","properties":{"k":"major","n":"Arran Quay"},"geometry":{"type":"LineString","coordinates":[[-6.27881,53.34634],[-6.27843,53.34627]]}},{"type":"Feature","properties":{"k":"major","n":"Arran Quay"},"geometry":{"type":"LineString","coordinates":[[-6.27996,53.34657],[-6.2791,53.3464]]}},{"type":"Feature","properties":{"k":"minor","n":""},"geometry":{"type":"LineString","coordinates":[[-6.24223,53.34055],[-6.24224,53.34046],[-6.24224,53.34043],[-6.24207,53.3404]]}},{"type":"Feature","properties":{"k":"minor","n":""},"geometry":{"type":"LineString","coordinates":[[-6.24966,53.35179],[-6.24979,53.35178]]}},{"type":"Feature","properties":{"k":"major","n":"George's Quay"},"geometry":{"type":"LineString","coordinates":[[-6.25355,53.34742],[-6.2539,53.34743]]}},{"type":"Feature","properties":{"k":"minor","n":""},"geometry":{"type":"LineString","coordinates":[[-6.25515,53.34591],[-6.25471,53.3459],[-6.25466,53.34589],[-6.25454,53.34589],[-6.2543,53.34589],[-6.2541,53.34588]]}},{"type":"Feature","properties":{"k":"pedestrian","n":""},"geometry":{"type":"LineString","coordinates":[[-6.24983,53.34859],[-6.24954,53.34857],[-6.24921,53.34855],[-6.24922,53.34851],[-6.24922,53.34847]]}},{"type":"Feature","properties":{"k":"pedestrian","n":""},"geometry":{"type":"LineString","coordinates":[[-6.26203,53.34306],[-6.26208,53.34291],[-6.26213,53.34276]]}},{"type":"Feature","properties":{"k":"minor","n":""},"geometry":{"type":"LineString","coordinates":[[-6.26362,53.34187],[-6.26348,53.34209]]}},{"type":"Feature","properties":{"k":"minor","n":""},"geometry":{"type":"LineString","coordinates":[[-6.263,53.34282],[-6.26299,53.34283],[-6.26288,53.343],[-6.26287,53.34304]]}},{"type":"Feature","properties":{"k":"pedestrian","n":""},"geometry":{"type":"LineString","coordinates":[[-6.26058,53.33977],[-6.26057,53.33976],[-6.26052,53.33968]]}},{"type":"Feature","properties":{"k":"pedestrian","n":""},"geometry":{"type":"LineString","coordinates":[[-6.23434,53.34802],[-6.23461,53.34804],[-6.23482,53.34805],[-6.23529,53.34808],[-6.23539,53.34809]]}},{"type":"Feature","properties":{"k":"minor","n":""},"geometry":{"type":"LineString","coordinates":[[-6.23887,53.34216],[-6.23884,53.3423],[-6.23883,53.34234],[-6.23882,53.34236]]}},{"type":"Feature","properties":{"k":"major","n":"Manor Street"},"geometry":{"type":"LineString","coordinates":[[-6.2828,53.35121],[-6.2829,53.35131],[-6.28291,53.35132],[-6.28305,53.35145],[-6.28321,53.35163]]}},{"type":"Feature","properties":{"k":"minor","n":""},"geometry":{"type":"LineString","coordinates":[[-6.2571,53.34883],[-6.25685,53.34886]]}},{"type":"Feature","properties":{"k":"minor","n":""},"geometry":{"type":"LineString","coordinates":[[-6.25685,53.34886],[-6.25627,53.34896]]}},{"type":"Feature","properties":{"k":"park","n":""},"geometry":{"type":"Polygon","coordinates":[[[-6.27678,53.3403],[-6.27607,53.34043],[-6.27598,53.34023],[-6.27668,53.34011],[-6.27678,53.3403]]]}},{"type":"Feature","properties":{"k":"major","n":"North King Street"},"geometry":{"type":"LineString","coordinates":[[-6.2736,53.35016],[-6.27373,53.35012],[-6.27413,53.35012]]}},{"type":"Feature","properties":{"k":"minor","n":""},"geometry":{"type":"LineString","coordinates":[[-6.24895,53.35287],[-6.24896,53.35287],[-6.24898,53.3529],[-6.24904,53.35299]]}},{"type":"Feature","properties":{"k":"major","n":"North Circular Road"},"geometry":{"type":"LineString","coordinates":[[-6.25262,53.35798],[-6.2525,53.35796],[-6.25236,53.35793]]}},{"type":"Feature","properties":{"k":"major","n":"North Circular Road"},"geometry":{"type":"LineString","coordinates":[[-6.25236,53.35793],[-6.25211,53.35787]]}},{"type":"Feature","properties":{"k":"major","n":"Sheriff Street Upper"},"geometry":{"type":"LineString","coordinates":[[-6.23639,53.35031],[-6.23636,53.3503]]}},{"type":"Feature","properties":{"k":"major","n":"Phibsborough Road"},"geometry":{"type":"LineString","coordinates":[[-6.27338,53.35827],[-6.27345,53.35787]]}},{"type":"Feature","properties":{"k":"minor","n":""},"geometry":{"type":"LineString","coordinates":[[-6.2394,53.33787],[-6.23858,53.33749]]}},{"type":"Feature","properties":{"k":"minor","n":""},"geometry":{"type":"LineString","coordinates":[[-6.23592,53.33826],[-6.23579,53.33839],[-6.23561,53.33833],[-6.23573,53.33819]]}},{"type":"Feature","properties":{"k":"pedestrian","n":""},"geometry":{"type":"LineString","coordinates":[[-6.26389,53.35614],[-6.26386,53.35613],[-6.2635,53.35602],[-6.26343,53.35597],[-6.26361,53.35572],[-6.26394,53.35581],[-6.26399,53.35585],[-6.26408,53.35588],[-6.26412,53.35589],[-6.26389,53.35614]]}},{"type":"Feature","properties":{"k":"pedestrian","n":""},"geometry":{"type":"LineString","coordinates":[[-6.26237,53.35809],[-6.26197,53.35791],[-6.26162,53.35776],[-6.2617,53.3577],[-6.26175,53.35773],[-6.26189,53.35779],[-6.26208,53.35764],[-6.26193,53.35758],[-6.262,53.35752],[-6.26204,53.35751],[-6.26234,53.35764],[-6.26239,53.3576],[-6.2624,53.35761],[-6.26243,53.35762],[-6.26247,53.35764],[-6.26249,53.35765],[-6.26244,53.35769],[-6.26272,53.35781],[-6.26237,53.35809]]}},{"type":"Feature","properties":{"k":"minor","n":""},"geometry":{"type":"LineString","coordinates":[[-6.26243,53.35762],[-6.2624,53.35765],[-6.26237,53.35768],[-6.26224,53.35779],[-6.26246,53.35789],[-6.26246,53.35793],[-6.26242,53.35796],[-6.26234,53.35797],[-6.26214,53.35788],[-6.26224,53.35779]]}},{"type":"Feature","properties":{"k":"minor","n":""},"geometry":{"type":"LineString","coordinates":[[-6.26255,53.35752],[-6.26248,53.35758],[-6.26243,53.35762]]}},{"type":"Feature","properties":{"k":"minor","n":""},"geometry":{"type":"LineString","coordinates":[[-6.27257,53.33937],[-6.27218,53.33931]]}},{"type":"Feature","properties":{"k":"minor","n":""},"geometry":{"type":"LineString","coordinates":[[-6.251,53.34089],[-6.25153,53.34032],[-6.25192,53.33989],[-6.25205,53.33976]]}},{"type":"Feature","properties":{"k":"pedestrian","n":""},"geometry":{"type":"LineString","coordinates":[[-6.26056,53.34368],[-6.2606,53.34364],[-6.26072,53.34368],[-6.26079,53.34369],[-6.2609,53.34368],[-6.26101,53.34368],[-6.26129,53.34366],[-6.26129,53.34367],[-6.26129,53.34368],[-6.26118,53.34372],[-6.26114,53.34375],[-6.261,53.3438],[-6.26095,53.34381],[-6.26091,53.34381],[-6.26091,53.34381],[-6.26087,53.3438],[-6.26062,53.3437],[-6.26056,53.34368]]}},{"type":"Feature","properties":{"k":"minor","n":""},"geometry":{"type":"LineString","coordinates":[[-6.27459,53.341],[-6.27457,53.34097],[-6.27448,53.34084],[-6.27422,53.34046],[-6.27419,53.3404]]}},{"type":"Feature","properties":{"k":"minor","n":""},"geometry":{"type":"LineString","coordinates":[[-6.26282,53.35659],[-6.26279,53.35659],[-6.26276,53.35658],[-6.26273,53.35657],[-6.26272,53.35655],[-6.26271,53.35653],[-6.26272,53.35651],[-6.26273,53.3565],[-6.26276,53.35648],[-6.26279,53.35648],[-6.26282,53.35647],[-6.26285,53.35648],[-6.26287,53.35649],[-6.26289,53.3565],[-6.26291,53.35652],[-6.26291,53.35654],[-6.2629,53.35656],[-6.26288,53.35658],[-6.26285,53.35659],[-6.26282,53.35659]]}},{"type":"Feature","properties":{"k":"major","n":"Townsend Street"},"geometry":{"type":"LineString","coordinates":[[-6.24844,53.34545],[-6.24832,53.34542],[-6.24828,53.34541],[-6.24808,53.34537]]}},{"type":"Feature","properties":{"k":"major","n":"Bridgefoot Street"},"geometry":{"type":"LineString","coordinates":[[-6.28108,53.34378],[-6.28117,53.34336]]}},{"type":"Feature","properties":{"k":"minor","n":""},"geometry":{"type":"LineString","coordinates":[[-6.24404,53.34022],[-6.24406,53.34021],[-6.24419,53.34011],[-6.24422,53.34009],[-6.24436,53.33999],[-6.24499,53.33935]]}},{"type":"Feature","properties":{"k":"minor","n":""},"geometry":{"type":"LineString","coordinates":[[-6.27338,53.35169],[-6.27332,53.35131]]}},{"type":"Feature","properties":{"k":"minor","n":""},"geometry":{"type":"LineString","coordinates":[[-6.27199,53.35138],[-6.27325,53.35132],[-6.27332,53.35131]]}},{"type":"Feature","properties":{"k":"major","n":"Phibsborough Road"},"geometry":{"type":"LineString","coordinates":[[-6.27348,53.35507],[-6.27346,53.35495],[-6.27343,53.35474],[-6.27341,53.35465],[-6.2734,53.35465],[-6.27339,53.35461],[-6.27336,53.35456],[-6.27328,53.35445]]}},{"type":"Feature","properties":{"k":"major","n":"Phibsborough Road"},"geometry":{"type":"LineString","coordinates":[[-6.27355,53.35587],[-6.27349,53.35514],[-6.27348,53.35507]]}},{"type":"Feature","properties":{"k":"minor","n":""},"geometry":{"type":"LineString","coordinates":[[-6.26377,53.34015],[-6.26383,53.34024],[-6.26391,53.34031]]}},{"type":"Feature","properties":{"k":"minor","n":""},"geometry":{"type":"LineString","coordinates":[[-6.26364,53.34033],[-6.26377,53.34015]]}},{"type":"Feature","properties":{"k":"minor","n":""},"geometry":{"type":"LineString","coordinates":[[-6.24583,53.34943],[-6.24573,53.34944],[-6.24571,53.34944],[-6.24526,53.3494],[-6.24487,53.34938],[-6.24441,53.34935],[-6.24429,53.34935],[-6.24416,53.34935],[-6.24383,53.34934]]}},{"type":"Feature","properties":{"k":"minor","n":""},"geometry":{"type":"LineString","coordinates":[[-6.24383,53.34934],[-6.24375,53.34934],[-6.24303,53.34929],[-6.24287,53.34928]]}},{"type":"Feature","properties":{"k":"major","n":"Custom House Quay"},"geometry":{"type":"LineString","coordinates":[[-6.25002,53.34816],[-6.25115,53.34822]]}},{"type":"Feature","properties":{"k":"pedestrian","n":""},"geometry":{"type":"LineString","coordinates":[[-6.25322,53.34732],[-6.25326,53.34707],[-6.25328,53.34692],[-6.25309,53.34691],[-6.25311,53.34673],[-6.25275,53.34671],[-6.25277,53.34659],[-6.25273,53.34659],[-6.25215,53.34656]]}},{"type":"Feature","properties":{"k":"pedestrian","n":""},"geometry":{"type":"LineString","coordinates":[[-6.25386,53.3471],[-6.25326,53.34707]]}},{"type":"Feature","properties":{"k":"major","n":"Parnell Street"},"geometry":{"type":"LineString","coordinates":[[-6.26532,53.35072],[-6.2657,53.35058]]}},{"type":"Feature","properties":{"k":"major","n":"Parnell Street"},"geometry":{"type":"LineString","coordinates":[[-6.26645,53.35031],[-6.26692,53.35018]]}},{"type":"Feature","properties":{"k":"minor","n":""},"geometry":{"type":"LineString","coordinates":[[-6.27871,53.35444],[-6.27873,53.35441],[-6.27875,53.35437],[-6.27878,53.35432],[-6.27891,53.35411],[-6.27911,53.35389]]}},{"type":"Feature","properties":{"k":"minor","n":""},"geometry":{"type":"LineString","coordinates":[[-6.27821,53.35574],[-6.27806,53.35575],[-6.27801,53.35574],[-6.278,53.35572],[-6.27799,53.35568],[-6.27799,53.35566],[-6.27801,53.35565],[-6.27816,53.3556]]}},{"type":"Feature","properties":{"k":"minor","n":""},"geometry":{"type":"LineString","coordinates":[[-6.27344,53.34875],[-6.27341,53.34851],[-6.27339,53.34839],[-6.27334,53.34812],[-6.27332,53.34807]]}},{"type":"Feature","properties":{"k":"minor","n":""},"geometry":{"type":"LineString","coordinates":[[-6.27346,53.34888],[-6.27344,53.34875]]}},{"type":"Feature","properties":{"k":"pedestrian","n":""},"geometry":{"type":"LineString","coordinates":[[-6.24145,53.34624],[-6.24145,53.34625],[-6.24146,53.34626],[-6.24149,53.34628],[-6.24153,53.34633],[-6.24154,53.34636],[-6.24169,53.34637],[-6.24168,53.34639],[-6.24173,53.34639],[-6.24228,53.34643],[-6.24228,53.34642],[-6.2423,53.34635],[-6.2423,53.34632],[-6.24174,53.34628],[-6.24174,53.34627],[-6.24174,53.34626],[-6.24145,53.34624]]}},{"type":"Feature","properties":{"k":"pedestrian","n":""},"geometry":{"type":"LineString","coordinates":[[-6.23673,53.34746],[-6.23677,53.34747],[-6.23678,53.34747],[-6.2368,53.34747],[-6.23679,53.34751],[-6.23677,53.34751],[-6.23676,53.34755],[-6.23674,53.34755],[-6.23672,53.34767],[-6.23677,53.34768],[-6.23676,53.34775],[-6.23682,53.34775],[-6.23682,53.34777],[-6.23681,53.34777],[-6.23673,53.34784],[-6.23673,53.3478],[-6.23671,53.3478],[-6.23672,53.34778],[-6.23672,53.34776],[-6.23668,53.34776],[-6.23669,53.34774],[-6.23673,53.34746]]}},{"type":"Feature","properties":{"k":"pedestrian","n":""},"geometry":{"type":"LineString","coordinates":[[-6.23651,53.34832],[-6.23633,53.34831],[-6.23592,53.34824],[-6.23537,53.3482]]}},{"type":"Feature","properties":{"k":"pedestrian","n":""},"geometry":{"type":"LineString","coordinates":[[-6.24006,53.34789],[-6.24008,53.34789],[-6.24012,53.34767],[-6.24012,53.34766],[-6.24005,53.34766],[-6.23991,53.34765],[-6.23935,53.34761],[-6.23929,53.34761],[-6.23923,53.34761],[-6.23913,53.3476],[-6.23912,53.34765],[-6.23905,53.34783],[-6.23911,53.34783],[-6.2393,53.34785],[-6.23934,53.34779],[-6.2394,53.34774],[-6.2395,53.34771],[-6.23961,53.3477],[-6.23971,53.34772],[-6.23979,53.34777],[-6.23983,53.34782],[-6.23983,53.34788],[-6.24006,53.34789]]}},{"type":"Feature","properties":{"k":"minor","n":""},"geometry":{"type":"LineString","coordinates":[[-6.26697,53.33761],[-6.26698,53.33756]]}},{"type":"Feature","properties":{"k":"minor","n":""},"geometry":{"type":"LineString","coordinates":[[-6.26147,53.3391],[-6.26156,53.33911],[-6.2617,53.33913]]}},{"type":"Feature","properties":{"k":"minor","n":""},"geometry":{"type":"LineString","coordinates":[[-6.26264,53.33932],[-6.26271,53.33933],[-6.26273,53.33935],[-6.26273,53.33938],[-6.26273,53.33941],[-6.26273,53.33944],[-6.26274,53.33946],[-6.26277,53.33949]]}},{"type":"Feature","properties":{"k":"minor","n":""},"geometry":{"type":"LineString","coordinates":[[-6.27286,53.3468],[-6.27289,53.34682],[-6.27291,53.34684],[-6.27296,53.34688],[-6.27297,53.34691],[-6.27297,53.34693]]}},{"type":"Feature","properties":{"k":"minor","n":""},"geometry":{"type":"LineString","coordinates":[[-6.27263,53.34669],[-6.27267,53.34671],[-6.27282,53.34678],[-6.27286,53.3468]]}},{"type":"Feature","properties":{"k":"major","n":"Church Street"},"geometry":{"type":"LineString","coordinates":[[-6.27492,53.34731],[-6.27486,53.34748],[-6.27485,53.34753],[-6.27484,53.3476],[-6.27484,53.34763],[-6.27483,53.34767]]}},{"type":"Feature","properties":{"k":"major","n":"Bridgefoot Street"},"geometry":{"type":"LineString","coordinates":[[-6.28123,53.34381],[-6.28121,53.34396]]}},{"type":"Feature","properties":{"k":"major","n":"City Quay"},"geometry":{"type":"LineString","coordinates":[[-6.2483,53.34682],[-6.24793,53.34678],[-6.24785,53.34677],[-6.24746,53.34673]]}},{"type":"Feature","properties":{"k":"pedestrian","n":""},"geometry":{"type":"LineString","coordinates":[[-6.26621,53.33852],[-6.26617,53.33851],[-6.26618,53.33844],[-6.26617,53.33839],[-6.26615,53.33835],[-6.2662,53.33835],[-6.26622,53.33839],[-6.26624,53.33844],[-6.26624,53.33846],[-6.26623,53.33848],[-6.26621,53.33852]]}},{"type":"Feature","properties":{"k":"pedestrian","n":""},"geometry":{"type":"LineString","coordinates":[[-6.26755,53.3377],[-6.26754,53.33769],[-6.26754,53.33768],[-6.26759,53.33768],[-6.26805,53.33777],[-6.26804,53.33778],[-6.26804,53.3378],[-6.268,53.3378],[-6.26759,53.33779],[-6.26757,53.33779],[-6.26754,53.33779],[-6.26754,53.33776],[-6.26755,53.33773],[-6.26755,53.33772],[-6.26755,53.3377]]}},{"type":"Feature","properties":{"k":"pedestrian","n":""},"geometry":{"type":"LineString","coordinates":[[-6.26596,53.33768],[-6.26593,53.33768],[-6.26591,53.33769],[-6.26591,53.3377],[-6.26591,53.33772],[-6.26594,53.33771],[-6.26595,53.3377],[-6.26596,53.33769],[-6.26596,53.33768]]}},{"type":"Feature","properties":{"k":"pedestrian","n":""},"geometry":{"type":"LineString","coordinates":[[-6.26573,53.33773],[-6.26573,53.33772],[-6.26572,53.3377],[-6.26568,53.3377],[-6.26566,53.3377],[-6.26566,53.33772],[-6.26568,53.33772],[-6.2657,53.33773],[-6.26573,53.33773]]}},{"type":"Feature","properties":{"k":"pedestrian","n":""},"geometry":{"type":"LineString","coordinates":[[-6.26569,53.33754],[-6.26566,53.33754],[-6.2656,53.33754],[-6.26559,53.33753],[-6.2656,53.33752],[-6.26564,53.33751],[-6.26566,53.33751],[-6.26568,53.33751],[-6.26568,53.33752],[-6.26569,53.33754]]}},{"type":"Feature","properties":{"k":"pedestrian","n":""},"geometry":{"type":"LineString","coordinates":[[-6.26568,53.33763],[-6.26568,53.33762],[-6.26566,53.33762],[-6.26495,53.3376],[-6.26484,53.33759],[-6.26474,53.33759],[-6.26377,53.33759],[-6.26377,53.33762],[-6.26447,53.33762],[-6.26567,53.33763],[-6.26568,53.33763]]}},{"type":"Feature","properties":{"k":"pedestrian","n":""},"geometry":{"type":"LineString","coordinates":[[-6.26365,53.33762],[-6.26365,53.33758],[-6.26281,53.3376],[-6.26278,53.3376],[-6.26271,53.33759],[-6.26268,53.33762],[-6.26267,53.33763],[-6.26268,53.33763],[-6.26271,53.33763],[-6.26273,53.33763],[-6.26365,53.33762]]}},{"type":"Feature","properties":{"k":"minor","n":""},"geometry":{"type":"LineString","coordinates":[[-6.25044,53.35314],[-6.25007,53.3532],[-6.25004,53.35313]]}},{"type":"Feature","properties":{"k":"pedestrian","n":""},"geometry":{"type":"LineString","coordinates":[[-6.26382,53.34109],[-6.26385,53.34105],[-6.26375,53.34102],[-6.26383,53.34091],[-6.26381,53.3409],[-6.26381,53.3409],[-6.26378,53.34089],[-6.26378,53.3409],[-6.26375,53.34089],[-6.26375,53.34088],[-6.26369,53.34087],[-6.26365,53.34086],[-6.26364,53.34086],[-6.26361,53.34086],[-6.26348,53.34073],[-6.26346,53.34073],[-6.26345,53.34072],[-6.26343,53.34076],[-6.26343,53.34081],[-6.26346,53.34086],[-6.26353,53.34088],[-6.26364,53.341],[-6.26364,53.34101],[-6.26366,53.34103],[-6.26368,53.34104],[-6.26374,53.34107],[-6.26382,53.34109]]}},{"type":"Feature","properties":{"k":"minor","n":""},"geometry":{"type":"LineString","coordinates":[[-6.28389,53.33573],[-6.28398,53.33568],[-6.28408,53.33563]]}},{"type":"Feature","properties":{"k":"pedestrian","n":""},"geometry":{"type":"LineString","coordinates":[[-6.2426,53.34471],[-6.24246,53.3447],[-6.24226,53.34469],[-6.24223,53.34488],[-6.2422,53.34504],[-6.24218,53.34516],[-6.24205,53.34515],[-6.2417,53.34515],[-6.2417,53.34513],[-6.242,53.34507],[-6.24199,53.3447],[-6.24199,53.34468],[-6.24125,53.34456],[-6.24102,53.34465],[-6.24089,53.34466],[-6.2409,53.34451],[-6.2412,53.34452],[-6.24137,53.34451],[-6.24156,53.3445],[-6.24178,53.34452],[-6.24204,53.34455],[-6.24215,53.34458],[-6.24221,53.34459],[-6.2426,53.34471]]}},{"type":"Feature","properties":{"k":"minor","n":""},"geometry":{"type":"LineString","coordinates":[[-6.26619,53.34754],[-6.26619,53.34756],[-6.2662,53.34757],[-6.2662,53.34759],[-6.26622,53.34762],[-6.26633,53.34793]]}},{"type":"Feature","properties":{"k":"minor","n":""},"geometry":{"type":"LineString","coordinates":[[-6.27027,53.34704],[-6.27027,53.34706],[-6.27027,53.34707]]}},{"type":"Feature","properties":{"k":"pedestrian","n":""},"geometry":{"type":"LineString","coordinates":[[-6.26876,53.34838],[-6.26868,53.34812]]}},{"type":"Feature","properties":{"k":"pedestrian","n":""},"geometry":{"type":"LineString","coordinates":[[-6.26879,53.34846],[-6.26876,53.34838]]}},{"type":"Feature","properties":{"k":"minor","n":""},"geometry":{"type":"LineString","coordinates":[[-6.26694,53.34746],[-6.2676,53.34737]]}},{"type":"Feature","properties":{"k":"major","n":"Parnell Street"},"geometry":{"type":"LineString","coordinates":[[-6.26721,53.35019],[-6.26698,53.35026],[-6.26686,53.3503]]}},{"type":"Feature","properties":{"k":"major","n":"Parnell Street"},"geometry":{"type":"LineString","coordinates":[[-6.26692,53.35018],[-6.26695,53.35017],[-6.26718,53.35012]]}},{"type":"Feature","properties":{"k":"minor","n":""},"geometry":{"type":"LineString","coordinates":[[-6.26718,53.35012],[-6.26721,53.35019]]}},{"type":"Feature","properties":{"k":"major","n":"Parnell Street"},"geometry":{"type":"LineString","coordinates":[[-6.26654,53.3504],[-6.2663,53.35048]]}},{"type":"Feature","properties":{"k":"major","n":"Parnell Street"},"geometry":{"type":"LineString","coordinates":[[-6.26633,53.35035],[-6.26645,53.35031]]}},{"type":"Feature","properties":{"k":"minor","n":""},"geometry":{"type":"LineString","coordinates":[[-6.27356,53.35157],[-6.27369,53.3516]]}},{"type":"Feature","properties":{"k":"minor","n":""},"geometry":{"type":"LineString","coordinates":[[-6.27372,53.35133],[-6.27387,53.35136]]}},{"type":"Feature","properties":{"k":"major","n":"Church Street Upper"},"geometry":{"type":"LineString","coordinates":[[-6.27347,53.35183],[-6.27347,53.35177]]}},{"type":"Feature","properties":{"k":"major","n":"Church Street Upper"},"geometry":{"type":"LineString","coordinates":[[-6.27387,53.35136],[-6.27369,53.3516]]}},{"type":"Feature","properties":{"k":"major","n":"Church Street Upper"},"geometry":{"type":"LineString","coordinates":[[-6.27356,53.35157],[-6.27372,53.35133]]}},{"type":"Feature","properties":{"k":"minor","n":""},"geometry":{"type":"LineString","coordinates":[[-6.27353,53.35131],[-6.27363,53.35131],[-6.27372,53.35133]]}},{"type":"Feature","properties":{"k":"major","n":"Church Street Upper"},"geometry":{"type":"LineString","coordinates":[[-6.27369,53.3516],[-6.27353,53.35178]]}},{"type":"Feature","properties":{"k":"major","n":"Church Street Upper"},"geometry":{"type":"LineString","coordinates":[[-6.27347,53.35177],[-6.27349,53.35171],[-6.27356,53.35157]]}},{"type":"Feature","properties":{"k":"major","n":"Church Street Upper"},"geometry":{"type":"LineString","coordinates":[[-6.27353,53.35178],[-6.27347,53.35183]]}},{"type":"Feature","properties":{"k":"minor","n":""},"geometry":{"type":"LineString","coordinates":[[-6.27428,53.35073],[-6.27413,53.3507]]}},{"type":"Feature","properties":{"k":"major","n":"Constitution Hill"},"geometry":{"type":"LineString","coordinates":[[-6.27322,53.35256],[-6.27323,53.35252],[-6.27337,53.35209],[-6.27343,53.35192],[-6.27347,53.35183]]}},{"type":"Feature","properties":{"k":"minor","n":""},"geometry":{"type":"LineString","coordinates":[[-6.23945,53.33977],[-6.23935,53.34021]]}},{"type":"Feature","properties":{"k":"minor","n":""},"geometry":{"type":"LineString","coordinates":[[-6.23931,53.34041],[-6.23918,53.34098],[-6.23916,53.34102]]}},{"type":"Feature","properties":{"k":"minor","n":""},"geometry":{"type":"LineString","coordinates":[[-6.24681,53.35691],[-6.24574,53.35643],[-6.24567,53.35638],[-6.24565,53.35637],[-6.24567,53.35632],[-6.24573,53.35627]]}},{"type":"Feature","properties":{"k":"pedestrian","n":""},"geometry":{"type":"LineString","coordinates":[[-6.27926,53.35351],[-6.27924,53.35351],[-6.27886,53.35344],[-6.27876,53.35342],[-6.27847,53.35338],[-6.2783,53.35337],[-6.2781,53.35335],[-6.27781,53.35335],[-6.27757,53.35335],[-6.27721,53.35337]]}},{"type":"Feature","properties":{"k":"pedestrian","n":""},"geometry":{"type":"LineString","coordinates":[[-6.2786,53.35266],[-6.27863,53.35254],[-6.27824,53.35251],[-6.27786,53.35247],[-6.27783,53.35259],[-6.27821,53.35263],[-6.2786,53.35266]]}},{"type":"Feature","properties":{"k":"pedestrian","n":""},"geometry":{"type":"LineString","coordinates":[[-6.26275,53.34041],[-6.26279,53.34042],[-6.26288,53.34044],[-6.26323,53.34052]]}},{"type":"Feature","properties":{"k":"major","n":"Sheriff Street Upper"},"geometry":{"type":"LineString","coordinates":[[-6.23502,53.35021],[-6.2347,53.35019],[-6.23462,53.35019],[-6.23307,53.35009],[-6.23174,53.35]]}},{"type":"Feature","properties":{"k":"minor","n":""},"geometry":{"type":"LineString","coordinates":[[-6.23691,53.34589],[-6.23587,53.34582]]}},{"type":"Feature","properties":{"k":"minor","n":""},"geometry":{"type":"LineString","coordinates":[[-6.23802,53.34596],[-6.23721,53.34591]]}},{"type":"Feature","properties":{"k":"minor","n":""},"geometry":{"type":"LineString","coordinates":[[-6.23622,53.3441],[-6.23471,53.34396],[-6.23347,53.34387]]}},{"type":"Feature","properties":{"k":"minor","n":""},"geometry":{"type":"LineString","coordinates":[[-6.26806,53.34648],[-6.26809,53.34648],[-6.26888,53.34636],[-6.26904,53.34636],[-6.26913,53.34638]]}},{"type":"Feature","properties":{"k":"minor","n":""},"geometry":{"type":"LineString","coordinates":[[-6.26993,53.35358],[-6.26988,53.35356],[-6.26976,53.35351],[-6.26919,53.35326]]}},{"type":"Feature","properties":{"k":"minor","n":""},"geometry":{"type":"LineString","coordinates":[[-6.26837,53.35289],[-6.26847,53.35293],[-6.26855,53.35297],[-6.26919,53.35326]]}},{"type":"Feature","properties":{"k":"pedestrian","n":""},"geometry":{"type":"LineString","coordinates":[[-6.2578,53.33481],[-6.25782,53.33477],[-6.25787,53.33469],[-6.25791,53.33461],[-6.25793,53.33459],[-6.2577,53.33455],[-6.25774,53.33449],[-6.25771,53.33449],[-6.25746,53.33443],[-6.25726,53.33451],[-6.25713,53.33475],[-6.25717,53.33479],[-6.25729,53.33482],[-6.25732,53.33477],[-6.25735,53.33478],[-6.25736,53.33476],[-6.25741,53.33474],[-6.25744,53.33475],[-6.25746,53.33473],[-6.25748,53.33473],[-6.25747,53.33476],[-6.25769,53.3348],[-6.2577,53.33481],[-6.25771,53.33481],[-6.25772,53.33479],[-6.2578,53.33481]]}},{"type":"Feature","properties":{"k":"major","n":"Queen Street"},"geometry":{"type":"LineString","coordinates":[[-6.27967,53.34914],[-6.2797,53.34903],[-6.27973,53.34889],[-6.27979,53.34864],[-6.2798,53.34862],[-6.27983,53.34847]]}},{"type":"Feature","properties":{"k":"pedestrian","n":""},"geometry":{"type":"LineString","coordinates":[[-6.25648,53.33544],[-6.25646,53.33545],[-6.2565,53.33549],[-6.25651,53.33551],[-6.25654,53.33554],[-6.25657,53.33557],[-6.2566,53.3356],[-6.25661,53.33561],[-6.25664,53.33563],[-6.25668,53.33567],[-6.25672,53.3357],[-6.25674,53.33569],[-6.25677,53.33568],[-6.25673,53.33564],[-6.25669,53.3356],[-6.25666,53.33561],[-6.25659,53.33548],[-6.25651,53.33549],[-6.25648,53.33544]]}},{"type":"Feature","properties":{"k":"pedestrian","n":""},"geometry":{"type":"LineString","coordinates":[[-6.25753,53.33541],[-6.25749,53.3354],[-6.25744,53.33541],[-6.25746,53.33545],[-6.25736,53.33547],[-6.25736,53.33549],[-6.25735,53.33554],[-6.25745,53.33556],[-6.25747,53.33552],[-6.25753,53.33541]]}},{"type":"Feature","properties":{"k":"major","n":"Kildare Street"},"geometry":{"type":"LineString","coordinates":[[-6.25535,53.34076],[-6.25537,53.34072],[-6.25543,53.3406],[-6.2555,53.34048]]}},{"type":"Feature","properties":{"k":"major","n":"Kildare Street"},"geometry":{"type":"LineString","coordinates":[[-6.25571,53.34008],[-6.25579,53.33994],[-6.25582,53.33989]]}},{"type":"Feature","properties":{"k":"major","n":"Clanbrassil Street Lower"},"geometry":{"type":"LineString","coordinates":[[-6.27451,53.33439],[-6.2746,53.3343],[-6.27478,53.33418]]}},{"type":"Feature","properties":{"k":"major","n":"Clanbrassil Street Lower"},"geometry":{"type":"LineString","coordinates":[[-6.27482,53.33411],[-6.27489,53.33396],[-6.2749,53.33393],[-6.27492,53.3339],[-6.27499,53.33371]]}},{"type":"Feature","properties":{"k":"minor","n":""},"geometry":{"type":"LineString","coordinates":[[-6.27222,53.3415],[-6.27234,53.34151]]}},{"type":"Feature","properties":{"k":"major","n":"Bridge Street Upper"},"geometry":{"type":"LineString","coordinates":[[-6.27603,53.34388],[-6.27622,53.34403],[-6.27625,53.34407],[-6.27633,53.34415]]}},{"type":"Feature","properties":{"k":"major","n":"Western Way"},"geometry":{"type":"LineString","coordinates":[[-6.27242,53.35464],[-6.27245,53.35458],[-6.27249,53.35455],[-6.27251,53.35454]]}},{"type":"Feature","properties":{"k":"major","n":"Clanbrassil Street Lower"},"geometry":{"type":"LineString","coordinates":[[-6.27394,53.33516],[-6.27388,53.33523],[-6.27386,53.33526],[-6.27355,53.33563]]}},{"type":"Feature","properties":{"k":"minor","n":""},"geometry":{"type":"LineString","coordinates":[[-6.28186,53.34922],[-6.28197,53.34923],[-6.28238,53.34925],[-6.2829,53.3493]]}},{"type":"Feature","properties":{"k":"pedestrian","n":""},"geometry":{"type":"LineString","coordinates":[[-6.24204,53.34552],[-6.24156,53.34548],[-6.24157,53.34539],[-6.24157,53.34537],[-6.24167,53.34535],[-6.24171,53.34516],[-6.24205,53.34518],[-6.24213,53.34519],[-6.24212,53.34531],[-6.24221,53.34534],[-6.24281,53.34537],[-6.2428,53.34541],[-6.24278,53.34544],[-6.24209,53.34539],[-6.24204,53.34552]]}},{"type":"Feature","properties":{"k":"minor","n":""},"geometry":{"type":"LineString","coordinates":[[-6.25084,53.33933],[-6.25057,53.33923]]}},{"type":"Feature","properties":{"k":"minor","n":""},"geometry":{"type":"LineString","coordinates":[[-6.25106,53.33941],[-6.25084,53.33933]]}},{"type":"Feature","properties":{"k":"minor","n":""},"geometry":{"type":"LineString","coordinates":[[-6.27581,53.34416],[-6.27601,53.34415],[-6.27633,53.34415]]}},{"type":"Feature","properties":{"k":"minor","n":""},"geometry":{"type":"LineString","coordinates":[[-6.27185,53.34417],[-6.27186,53.3442]]}},{"type":"Feature","properties":{"k":"minor","n":""},"geometry":{"type":"LineString","coordinates":[[-6.27186,53.3442],[-6.27192,53.34436],[-6.27207,53.34482]]}},{"type":"Feature","properties":{"k":"minor","n":""},"geometry":{"type":"LineString","coordinates":[[-6.28179,53.34711],[-6.28174,53.3473],[-6.28173,53.34734],[-6.28172,53.34737]]}},{"type":"Feature","properties":{"k":"pedestrian","n":""},"geometry":{"type":"LineString","coordinates":[[-6.25738,53.35237],[-6.25736,53.35235],[-6.25735,53.35232],[-6.25735,53.35229],[-6.25737,53.35227],[-6.25739,53.35226],[-6.2574,53.35225],[-6.25738,53.35222],[-6.25725,53.35218],[-6.25718,53.3522],[-6.25719,53.35219],[-6.25718,53.35216],[-6.25729,53.35214],[-6.25741,53.35212],[-6.25747,53.35222],[-6.25754,53.35224],[-6.25753,53.35225],[-6.25754,53.35231],[-6.25747,53.35239],[-6.25738,53.35237]]}},{"type":"Feature","properties":{"k":"minor","n":""},"geometry":{"type":"LineString","coordinates":[[-6.23512,53.34965],[-6.23499,53.34964],[-6.23465,53.34962],[-6.23439,53.34958]]}},{"type":"Feature","properties":{"k":"pedestrian","n":""},"geometry":{"type":"LineString","coordinates":[[-6.26354,53.34687],[-6.26339,53.34689],[-6.26335,53.34679],[-6.2633,53.34669],[-6.26329,53.34666],[-6.2633,53.34666],[-6.26341,53.34664],[-6.26345,53.34663],[-6.26346,53.34667],[-6.26354,53.34687]]}},{"type":"Feature","properties":{"k":"pedestrian","n":""},"geometry":{"type":"LineString","coordinates":[[-6.28043,53.34433],[-6.28041,53.34428],[-6.27925,53.34448],[-6.27923,53.3444],[-6.27922,53.34437],[-6.27927,53.34437],[-6.28033,53.34419],[-6.28031,53.34414],[-6.28041,53.34413],[-6.2805,53.34416],[-6.28055,53.3442],[-6.28057,53.34422],[-6.28056,53.34428],[-6.28051,53.34433],[-6.28043,53.34435],[-6.28043,53.34433]]}},{"type":"Feature","properties":{"k":"minor","n":""},"geometry":{"type":"LineString","coordinates":[[-6.25473,53.3492],[-6.25466,53.3492],[-6.25446,53.34919],[-6.25439,53.3492]]}},{"type":"Feature","properties":{"k":"major","n":"Beresford Place"},"geometry":{"type":"LineString","coordinates":[[-6.25473,53.3492],[-6.25471,53.34921],[-6.25467,53.34925]]}},{"type":"Feature","properties":{"k":"major","n":"Parnell Street"},"geometry":{"type":"LineString","coordinates":[[-6.26304,53.35172],[-6.26302,53.35177],[-6.26302,53.3518],[-6.26303,53.35182],[-6.26303,53.35183],[-6.26304,53.35185],[-6.26305,53.35186],[-6.26309,53.3519]]}},{"type":"Feature","properties":{"k":"major","n":"Parnell Street"},"geometry":{"type":"LineString","coordinates":[[-6.26238,53.35215],[-6.26248,53.35212],[-6.26252,53.35211],[-6.26255,53.35209],[-6.2626,53.35206],[-6.26282,53.35195],[-6.26289,53.35193],[-6.26293,53.35192],[-6.26295,53.35192],[-6.26297,53.35192],[-6.26299,53.35192],[-6.26301,53.35192],[-6.26303,53.35193]]}},{"type":"Feature","properties":{"k":"major","n":"Parnell Street"},"geometry":{"type":"LineString","coordinates":[[-6.26274,53.3519],[-6.26282,53.35184],[-6.26294,53.35176]]}},{"type":"Feature","properties":{"k":"major","n":"Parnell Square West"},"geometry":{"type":"LineString","coordinates":[[-6.26309,53.3519],[-6.26311,53.35191],[-6.2632,53.352]]}},{"type":"Feature","properties":{"k":"major","n":"Parnell Square West"},"geometry":{"type":"LineString","coordinates":[[-6.26303,53.35193],[-6.26305,53.35194],[-6.2632,53.352]]}},{"type":"Feature","properties":{"k":"minor","n":""},"geometry":{"type":"LineString","coordinates":[[-6.24098,53.34418],[-6.24086,53.34416]]}},{"type":"Feature","properties":{"k":"major","n":"New Street South"},"geometry":{"type":"LineString","coordinates":[[-6.27245,53.33842],[-6.27244,53.3384]]}},{"type":"Feature","properties":{"k":"minor","n":""},"geometry":{"type":"LineString","coordinates":[[-6.27006,53.34066],[-6.27005,53.34059]]}},{"type":"Feature","properties":{"k":"minor","n":""},"geometry":{"type":"LineString","coordinates":[[-6.27005,53.34059],[-6.27003,53.34048]]}},{"type":"Feature","properties":{"k":"minor","n":""},"geometry":{"type":"LineString","coordinates":[[-6.27003,53.34048],[-6.27002,53.34047],[-6.27001,53.34043]]}},{"type":"Feature","properties":{"k":"minor","n":""},"geometry":{"type":"LineString","coordinates":[[-6.27006,53.34075],[-6.27006,53.34069],[-6.27006,53.34068]]}},{"type":"Feature","properties":{"k":"minor","n":""},"geometry":{"type":"LineString","coordinates":[[-6.27006,53.34068],[-6.27006,53.34067],[-6.27006,53.34066]]}},{"type":"Feature","properties":{"k":"minor","n":""},"geometry":{"type":"LineString","coordinates":[[-6.27005,53.34059],[-6.26995,53.34059]]}},{"type":"Feature","properties":{"k":"minor","n":""},"geometry":{"type":"LineString","coordinates":[[-6.27012,53.34059],[-6.27019,53.34059]]}},{"type":"Feature","properties":{"k":"minor","n":""},"geometry":{"type":"LineString","coordinates":[[-6.27019,53.34059],[-6.2703,53.34059]]}},{"type":"Feature","properties":{"k":"minor","n":""},"geometry":{"type":"LineString","coordinates":[[-6.27005,53.34059],[-6.27012,53.34059]]}},{"type":"Feature","properties":{"k":"major","n":"Bridgefoot Street"},"geometry":{"type":"LineString","coordinates":[[-6.28121,53.34396],[-6.28114,53.34449]]}},{"type":"Feature","properties":{"k":"minor","n":""},"geometry":{"type":"LineString","coordinates":[[-6.28076,53.34535],[-6.28082,53.34536]]}},{"type":"Feature","properties":{"k":"major","n":"Bridgefoot Street"},"geometry":{"type":"LineString","coordinates":[[-6.28125,53.34375],[-6.28123,53.34381]]}},{"type":"Feature","properties":{"k":"major","n":"Bridgefoot Street"},"geometry":{"type":"LineString","coordinates":[[-6.28108,53.34397],[-6.2811,53.34386]]}},{"type":"Feature","properties":{"k":"major","n":"Bridgefoot Street"},"geometry":{"type":"LineString","coordinates":[[-6.28117,53.34336],[-6.28118,53.34333],[-6.28119,53.34328],[-6.28123,53.34319]]}},{"type":"Feature","properties":{"k":"major","n":"Bridgefoot Street"},"geometry":{"type":"LineString","coordinates":[[-6.2811,53.34386],[-6.28108,53.34378]]}},{"type":"Feature","properties":{"k":"major","n":"Bridgefoot Street"},"geometry":{"type":"LineString","coordinates":[[-6.28104,53.34422],[-6.28108,53.34397]]}},{"type":"Feature","properties":{"k":"major","n":"Bridgefoot Street"},"geometry":{"type":"LineString","coordinates":[[-6.28102,53.34434],[-6.28103,53.3443],[-6.28104,53.34422]]}},{"type":"Feature","properties":{"k":"major","n":"Bridgefoot Street"},"geometry":{"type":"LineString","coordinates":[[-6.28084,53.34529],[-6.2809,53.34504]]}},{"type":"Feature","properties":{"k":"major","n":"Bridgefoot Street"},"geometry":{"type":"LineString","coordinates":[[-6.2809,53.34504],[-6.28091,53.34497]]}},{"type":"Feature","properties":{"k":"major","n":"Bridgefoot Street"},"geometry":{"type":"LineString","coordinates":[[-6.28082,53.34536],[-6.28084,53.34529]]}},{"type":"Feature","properties":{"k":"major","n":"Bridgefoot Street"},"geometry":{"type":"LineString","coordinates":[[-6.2808,53.34542],[-6.28082,53.34536]]}},{"type":"Feature","properties":{"k":"major","n":"Arran Quay"},"geometry":{"type":"LineString","coordinates":[[-6.2791,53.3464],[-6.27901,53.34638]]}},{"type":"Feature","properties":{"k":"major","n":"Arran Quay"},"geometry":{"type":"LineString","coordinates":[[-6.27901,53.34638],[-6.27881,53.34634]]}},{"type":"Feature","properties":{"k":"major","n":"Arran Quay"},"geometry":{"type":"LineString","coordinates":[[-6.27843,53.34627],[-6.27816,53.34622]]}},{"type":"Feature","properties":{"k":"major","n":"Arran Quay"},"geometry":{"type":"LineString","coordinates":[[-6.27816,53.34622],[-6.2775,53.34609]]}},{"type":"Feature","properties":{"k":"major","n":"Arran Quay"},"geometry":{"type":"LineString","coordinates":[[-6.2775,53.34609],[-6.27744,53.34607],[-6.27736,53.34606]]}},{"type":"Feature","properties":{"k":"major","n":"Arran Quay"},"geometry":{"type":"LineString","coordinates":[[-6.27736,53.34606],[-6.27659,53.34591],[-6.27654,53.3459]]}},{"type":"Feature","properties":{"k":"major","n":"Arran Quay"},"geometry":{"type":"LineString","coordinates":[[-6.27654,53.3459],[-6.27642,53.34589],[-6.27626,53.34587]]}},{"type":"Feature","properties":{"k":"major","n":"Arran Quay"},"geometry":{"type":"LineString","coordinates":[[-6.27626,53.34587],[-6.2759,53.34583]]}},{"type":"Feature","properties":{"k":"major","n":"College Green"},"geometry":{"type":"LineString","coordinates":[[-6.25998,53.34448],[-6.25992,53.34449],[-6.25978,53.34452]]}},{"type":"Feature","properties":{"k":"major","n":"Wood Quay"},"geometry":{"type":"LineString","coordinates":[[-6.26999,53.34513],[-6.27049,53.34509]]}},{"type":"Feature","properties":{"k":"major","n":"Wood Quay"},"geometry":{"type":"LineString","coordinates":[[-6.27198,53.34499],[-6.27209,53.34498]]}},{"type":"Feature","properties":{"k":"major","n":"Wood Quay"},"geometry":{"type":"LineString","coordinates":[[-6.27189,53.34499],[-6.27194,53.34499],[-6.27195,53.34499],[-6.27198,53.34499]]}},{"type":"Feature","properties":{"k":"major","n":"Merchant's Quay"},"geometry":{"type":"LineString","coordinates":[[-6.27209,53.34498],[-6.2722,53.34498]]}},{"type":"Feature","properties":{"k":"minor","n":""},"geometry":{"type":"LineString","coordinates":[[-6.2721,53.34505],[-6.2721,53.34506],[-6.27211,53.34508]]}},{"type":"Feature","properties":{"k":"minor","n":""},"geometry":{"type":"LineString","coordinates":[[-6.27207,53.3449],[-6.27209,53.34498]]}},{"type":"Feature","properties":{"k":"minor","n":""},"geometry":{"type":"LineString","coordinates":[[-6.27207,53.34482],[-6.27208,53.34485],[-6.27207,53.34489]]}},{"type":"Feature","properties":{"k":"minor","n":""},"geometry":{"type":"LineString","coordinates":[[-6.27207,53.34489],[-6.27207,53.3449]]}},{"type":"Feature","properties":{"k":"major","n":"Essex Quay"},"geometry":{"type":"LineString","coordinates":[[-6.26897,53.34523],[-6.26907,53.34522]]}},{"type":"Feature","properties":{"k":"major","n":"Essex Quay"},"geometry":{"type":"LineString","coordinates":[[-6.26895,53.34523],[-6.26897,53.34523]]}},{"type":"Feature","properties":{"k":"major","n":"Essex Quay"},"geometry":{"type":"LineString","coordinates":[[-6.26888,53.34523],[-6.26895,53.34523]]}},{"type":"Feature","properties":{"k":"minor","n":""},"geometry":{"type":"LineString","coordinates":[[-6.26768,53.34548],[-6.26767,53.34544],[-6.26766,53.34542],[-6.26765,53.34539]]}},{"type":"Feature","properties":{"k":"major","n":"Wellington Quay"},"geometry":{"type":"LineString","coordinates":[[-6.26724,53.34539],[-6.26738,53.34537]]}},{"type":"Feature","properties":{"k":"major","n":"Wellington Quay"},"geometry":{"type":"LineString","coordinates":[[-6.26738,53.34537],[-6.26743,53.34536],[-6.26745,53.34536]]}},{"type":"Feature","properties":{"k":"minor","n":""},"geometry":{"type":"LineString","coordinates":[[-6.2533,53.35135],[-6.25322,53.35137],[-6.25313,53.3514]]}},{"type":"Feature","properties":{"k":"major","n":"Burgh Quay"},"geometry":{"type":"LineString","coordinates":[[-6.25636,53.34743],[-6.25654,53.34741],[-6.25665,53.3474]]}},{"type":"Feature","properties":{"k":"pedestrian","n":""},"geometry":{"type":"LineString","coordinates":[[-6.26071,53.34439],[-6.26091,53.34439],[-6.26094,53.34432],[-6.26071,53.34433],[-6.26071,53.34439]]}},{"type":"Feature","properties":{"k":"major","n":"Burgh Quay"},"geometry":{"type":"LineString","coordinates":[[-6.25665,53.3474],[-6.25689,53.34737]]}},{"type":"Feature","properties":{"k":"major","n":"Patrick Street"},"geometry":{"type":"LineString","coordinates":[[-6.27224,53.34061],[-6.27222,53.34048],[-6.27222,53.34041],[-6.27221,53.34035],[-6.27225,53.3402]]}},{"type":"Feature","properties":{"k":"minor","n":""},"geometry":{"type":"LineString","coordinates":[[-6.24347,53.35724],[-6.24338,53.35719],[-6.24333,53.35715]]}},{"type":"Feature","properties":{"k":"minor","n":""},"geometry":{"type":"LineString","coordinates":[[-6.24353,53.35727],[-6.24347,53.35724]]}},{"type":"Feature","properties":{"k":"pedestrian","n":""},"geometry":{"type":"LineString","coordinates":[[-6.27533,53.3539],[-6.27523,53.35389],[-6.27516,53.35387],[-6.27503,53.35384],[-6.2749,53.35382],[-6.27474,53.35381],[-6.27461,53.35382],[-6.27448,53.35384],[-6.2742,53.3539],[-6.27418,53.35391],[-6.27391,53.35398],[-6.27357,53.35406],[-6.27348,53.35408],[-6.27326,53.35414],[-6.27324,53.35408],[-6.27322,53.35405],[-6.27319,53.35391],[-6.27311,53.35387],[-6.2731,53.3537],[-6.2731,53.35368],[-6.27312,53.35365],[-6.27315,53.35362],[-6.27319,53.3536],[-6.27324,53.35359],[-6.27341,53.35377],[-6.27419,53.35377],[-6.27443,53.35375],[-6.27466,53.35373],[-6.27482,53.35372],[-6.27504,53.35372],[-6.27533,53.35375],[-6.27533,53.35382],[-6.27533,53.3539]]}},{"type":"Feature","properties":{"k":"major","n":"Nassau Street"},"geometry":{"type":"LineString","coordinates":[[-6.25751,53.34289],[-6.25683,53.34271],[-6.25629,53.34259]]}},{"type":"Feature","properties":{"k":"major","n":"Mountjoy Square West"},"geometry":{"type":"LineString","coordinates":[[-6.25782,53.35549],[-6.25794,53.35564]]}},{"type":"Feature","properties":{"k":"major","n":"Nassau Street"},"geometry":{"type":"LineString","coordinates":[[-6.25771,53.34293],[-6.25768,53.34293],[-6.25756,53.3429],[-6.25751,53.34289]]}},{"type":"Feature","properties":{"k":"major","n":"Nassau Street"},"geometry":{"type":"LineString","coordinates":[[-6.25801,53.34298],[-6.25792,53.34297],[-6.25778,53.34294],[-6.25771,53.34293]]}},{"type":"Feature","properties":{"k":"major","n":"Leinster Street South"},"geometry":{"type":"LineString","coordinates":[[-6.25453,53.34221],[-6.25442,53.34219]]}},{"type":"Feature","properties":{"k":"major","n":"Nassau Street"},"geometry":{"type":"LineString","coordinates":[[-6.25463,53.34223],[-6.25453,53.34221]]}},{"type":"Feature","properties":{"k":"major","n":"Leinster Street South"},"geometry":{"type":"LineString","coordinates":[[-6.25442,53.34219],[-6.2544,53.34218],[-6.25438,53.34218]]}},{"type":"Feature","properties":{"k":"major","n":"Leinster Street South"},"geometry":{"type":"LineString","coordinates":[[-6.25273,53.34187],[-6.25262,53.34186]]}},{"type":"Feature","properties":{"k":"major","n":"Leinster Street South"},"geometry":{"type":"LineString","coordinates":[[-6.25277,53.34187],[-6.25273,53.34187]]}},{"type":"Feature","properties":{"k":"major","n":"Leinster Street South"},"geometry":{"type":"LineString","coordinates":[[-6.25262,53.34186],[-6.25254,53.34186]]}},{"type":"Feature","properties":{"k":"major","n":"Clare Street"},"geometry":{"type":"LineString","coordinates":[[-6.25237,53.34171],[-6.25244,53.34173],[-6.25248,53.34175],[-6.25252,53.34179],[-6.25253,53.34182],[-6.25254,53.34186]]}},{"type":"Feature","properties":{"k":"major","n":"Clare Street"},"geometry":{"type":"LineString","coordinates":[[-6.25216,53.34164],[-6.25237,53.34171]]}},{"type":"Feature","properties":{"k":"major","n":"Westland Row"},"geometry":{"type":"LineString","coordinates":[[-6.25049,53.34217],[-6.2505,53.3421]]}},{"type":"Feature","properties":{"k":"major","n":"Westland Row"},"geometry":{"type":"LineString","coordinates":[[-6.25031,53.34247],[-6.25049,53.34217]]}},{"type":"Feature","properties":{"k":"major","n":"Westland Row"},"geometry":{"type":"LineString","coordinates":[[-6.24974,53.3434],[-6.24979,53.34331]]}},{"type":"Feature","properties":{"k":"major","n":"Westland Row"},"geometry":{"type":"LineString","coordinates":[[-6.24982,53.34326],[-6.24989,53.34315]]}},{"type":"Feature","properties":{"k":"major","n":"Westland Row"},"geometry":{"type":"LineString","coordinates":[[-6.2497,53.34347],[-6.24972,53.34343],[-6.24973,53.34341]]}},{"type":"Feature","properties":{"k":"major","n":"Westland Row"},"geometry":{"type":"LineString","coordinates":[[-6.24979,53.34331],[-6.24982,53.34326]]}},{"type":"Feature","properties":{"k":"major","n":"Westland Row"},"geometry":{"type":"LineString","coordinates":[[-6.24973,53.34341],[-6.24974,53.3434]]}},{"type":"Feature","properties":{"k":"major","n":"Lombard Street East"},"geometry":{"type":"LineString","coordinates":[[-6.24917,53.34426],[-6.24919,53.34423],[-6.24921,53.34419],[-6.24922,53.34417]]}},{"type":"Feature","properties":{"k":"major","n":"Lombard Street East"},"geometry":{"type":"LineString","coordinates":[[-6.24915,53.34429],[-6.24917,53.34426]]}},{"type":"Feature","properties":{"k":"major","n":"Westland Row"},"geometry":{"type":"LineString","coordinates":[[-6.24941,53.34391],[-6.24952,53.34373]]}},{"type":"Feature","properties":{"k":"major","n":"Lombard Street East"},"geometry":{"type":"LineString","coordinates":[[-6.24922,53.34417],[-6.24928,53.34411]]}},{"type":"Feature","properties":{"k":"major","n":"Westland Row"},"geometry":{"type":"LineString","coordinates":[[-6.24932,53.34406],[-6.24933,53.34403],[-6.24935,53.34401]]}},{"type":"Feature","properties":{"k":"minor","n":""},"geometry":{"type":"LineString","coordinates":[[-6.24406,53.34212],[-6.24408,53.34206]]}},{"type":"Feature","properties":{"k":"major","n":"Sheriff Street Upper"},"geometry":{"type":"LineString","coordinates":[[-6.23636,53.3503],[-6.23526,53.35023],[-6.23517,53.35022],[-6.23502,53.35021]]}},{"type":"Feature","properties":{"k":"minor","n":""},"geometry":{"type":"LineString","coordinates":[[-6.24949,53.34174],[-6.24943,53.34181],[-6.24923,53.34209]]}},{"type":"Feature","properties":{"k":"minor","n":""},"geometry":{"type":"LineString","coordinates":[[-6.245,53.34578],[-6.24486,53.3464],[-6.24485,53.34647]]}},{"type":"Feature","properties":{"k":"major","n":"Bridge Street Lower"},"geometry":{"type":"LineString","coordinates":[[-6.27623,53.34469],[-6.27619,53.34476],[-6.27609,53.34493],[-6.27607,53.34496],[-6.276,53.34508]]}},{"type":"Feature","properties":{"k":"pedestrian","n":""},"geometry":{"type":"LineString","coordinates":[[-6.24823,53.33636],[-6.24817,53.33641],[-6.24778,53.33678],[-6.24744,53.33707]]}},{"type":"Feature","properties":{"k":"minor","n":""},"geometry":{"type":"LineString","coordinates":[[-6.23792,53.33699],[-6.23781,53.33704],[-6.23676,53.33732]]}},{"type":"Feature","properties":{"k":"major","n":"Westland Row"},"geometry":{"type":"LineString","coordinates":[[-6.24989,53.34315],[-6.24994,53.34306]]}},{"type":"Feature","properties":{"k":"major","n":"Bridge Street Upper"},"geometry":{"type":"LineString","coordinates":[[-6.27538,53.34352],[-6.27561,53.34364],[-6.27587,53.34379]]}},{"type":"Feature","properties":{"k":"major","n":"Cornmarket"},"geometry":{"type":"LineString","coordinates":[[-6.27581,53.34319],[-6.27553,53.34327],[-6.27525,53.34332],[-6.27508,53.34335]]}},{"type":"Feature","properties":{"k":"major","n":"Bridge Street Upper"},"geometry":{"type":"LineString","coordinates":[[-6.27587,53.34379],[-6.27564,53.3437],[-6.2755,53.34366]]}},{"type":"Feature","properties":{"k":"minor","n":""},"geometry":{"type":"LineString","coordinates":[[-6.24636,53.33959],[-6.24644,53.33951],[-6.24646,53.33948],[-6.24647,53.33947]]}},{"type":"Feature","properties":{"k":"minor","n":""},"geometry":{"type":"LineString","coordinates":[[-6.24647,53.33947],[-6.24648,53.33946],[-6.24648,53.33946]]}},{"type":"Feature","properties":{"k":"minor","n":""},"geometry":{"type":"LineString","coordinates":[[-6.24941,53.3544],[-6.2495,53.35438],[-6.24966,53.3543],[-6.24974,53.35429],[-6.24984,53.3543]]}},{"type":"Feature","properties":{"k":"pedestrian","n":""},"geometry":{"type":"LineString","coordinates":[[-6.25982,53.35246],[-6.25972,53.35232],[-6.25971,53.35232],[-6.26014,53.35221],[-6.26043,53.35215],[-6.26045,53.35219],[-6.26046,53.3522],[-6.26005,53.35239],[-6.25985,53.35248],[-6.25982,53.35246]]}},{"type":"Feature","properties":{"k":"pedestrian","n":""},"geometry":{"type":"LineString","coordinates":[[-6.26436,53.35414],[-6.26437,53.35415],[-6.26439,53.35417],[-6.2644,53.35416],[-6.26443,53.3542],[-6.26446,53.35421],[-6.26448,53.35421],[-6.2645,53.35421],[-6.26452,53.35421],[-6.26453,53.3542],[-6.26462,53.35417],[-6.26461,53.35416],[-6.26468,53.35414],[-6.26469,53.35415],[-6.2647,53.35414],[-6.26477,53.35412],[-6.26479,53.3541],[-6.2648,53.35409],[-6.2648,53.35407],[-6.2648,53.35405],[-6.26479,53.35404],[-6.26476,53.35402],[-6.26478,53.35402],[-6.26476,53.354],[-6.26474,53.35399],[-6.26436,53.35414]]}},{"type":"Feature","properties":{"k":"pedestrian","n":""},"geometry":{"type":"LineString","coordinates":[[-6.25834,53.34045],[-6.25832,53.34045],[-6.25829,53.34044],[-6.25826,53.34043],[-6.25824,53.34042],[-6.25823,53.3404],[-6.25816,53.3404],[-6.25819,53.34032],[-6.2582,53.34032],[-6.25821,53.34031],[-6.25821,53.3403],[-6.25819,53.34029],[-6.25822,53.34021],[-6.25826,53.34022],[-6.25828,53.34022],[-6.2583,53.34021],[-6.25831,53.3402],[-6.25834,53.3402],[-6.25837,53.3402],[-6.25841,53.3402],[-6.2584,53.34023],[-6.25838,53.34032],[-6.25834,53.34045]]}},{"type":"Feature","properties":{"k":"major","n":"St. Stephen's Green"},"geometry":{"type":"LineString","coordinates":[[-6.25687,53.33897],[-6.25689,53.33898],[-6.25691,53.33899],[-6.25713,53.33905],[-6.25715,53.33906],[-6.25753,53.33916]]}},{"type":"Feature","properties":{"k":"major","n":"Amiens Street"},"geometry":{"type":"LineString","coordinates":[[-6.2495,53.35215],[-6.24929,53.35238],[-6.24925,53.35241]]}},{"type":"Feature","properties":{"k":"minor","n":""},"geometry":{"type":"LineString","coordinates":[[-6.25751,53.35272],[-6.25753,53.35276],[-6.25762,53.35291],[-6.25765,53.35297],[-6.25771,53.35306]]}},{"type":"Feature","properties":{"k":"minor","n":""},"geometry":{"type":"LineString","coordinates":[[-6.23966,53.33898],[-6.23964,53.33902],[-6.23963,53.33907]]}},{"type":"Feature","properties":{"k":"minor","n":""},"geometry":{"type":"LineString","coordinates":[[-6.23963,53.33907],[-6.2396,53.33911]]}},{"type":"Feature","properties":{"k":"major","n":"O'Connell Bridge"},"geometry":{"type":"LineString","coordinates":[[-6.25884,53.34711],[-6.25884,53.34709]]}},{"type":"Feature","properties":{"k":"major","n":"Aston Quay"},"geometry":{"type":"LineString","coordinates":[[-6.25927,53.34689],[-6.25934,53.34688],[-6.25938,53.34687]]}},{"type":"Feature","properties":{"k":"major","n":"Aston Quay"},"geometry":{"type":"LineString","coordinates":[[-6.25938,53.34687],[-6.25944,53.34686]]}},{"type":"Feature","properties":{"k":"major","n":"Aston Quay"},"geometry":{"type":"LineString","coordinates":[[-6.25914,53.34692],[-6.25919,53.34691]]}},{"type":"Feature","properties":{"k":"major","n":"Aston Quay"},"geometry":{"type":"LineString","coordinates":[[-6.26062,53.34658],[-6.26073,53.34656]]}},{"type":"Feature","properties":{"k":"pedestrian","n":""},"geometry":{"type":"LineString","coordinates":[[-6.25423,53.35305],[-6.25421,53.35302],[-6.2542,53.353],[-6.25398,53.35304],[-6.25387,53.35307],[-6.25389,53.35309],[-6.2539,53.35311],[-6.25423,53.35305]]}},{"type":"Feature","properties":{"k":"pedestrian","n":""},"geometry":{"type":"LineString","coordinates":[[-6.25421,53.35312],[-6.2542,53.35309],[-6.25399,53.35313],[-6.25401,53.35315],[-6.25397,53.35316],[-6.25395,53.35316],[-6.25412,53.35326],[-6.25414,53.35325],[-6.25416,53.35324],[-6.2541,53.35315],[-6.25421,53.35312]]}},{"type":"Feature","properties":{"k":"minor","n":""},"geometry":{"type":"LineString","coordinates":[[-6.24276,53.33724],[-6.24252,53.33748]]}},{"type":"Feature","properties":{"k":"minor","n":""},"geometry":{"type":"LineString","coordinates":[[-6.27858,53.3412],[-6.27862,53.34128],[-6.27878,53.3416],[-6.27879,53.34161]]}},{"type":"Feature","properties":{"k":"major","n":"Custom House Quay"},"geometry":{"type":"LineString","coordinates":[[-6.25162,53.34831],[-6.25154,53.3483]]}},{"type":"Feature","properties":{"k":"major","n":"Custom House Quay"},"geometry":{"type":"LineString","coordinates":[[-6.25154,53.3483],[-6.25141,53.34829]]}},{"type":"Feature","properties":{"k":"minor","n":""},"geometry":{"type":"LineString","coordinates":[[-6.23931,53.33852],[-6.23936,53.33848]]}},{"type":"Feature","properties":{"k":"pedestrian","n":""},"geometry":{"type":"LineString","coordinates":[[-6.26922,53.34963],[-6.26924,53.34968]]}},{"type":"Feature","properties":{"k":"major","n":"Ryder's Row"},"geometry":{"type":"LineString","coordinates":[[-6.26916,53.35016],[-6.2693,53.3502],[-6.26933,53.35021],[-6.26946,53.35024]]}},{"type":"Feature","properties":{"k":"major","n":"Frederick Street North"},"geometry":{"type":"LineString","coordinates":[[-6.26512,53.35596],[-6.26506,53.35591]]}},{"type":"Feature","properties":{"k":"major","n":"Frederick Street North"},"geometry":{"type":"LineString","coordinates":[[-6.26506,53.35591],[-6.26494,53.35579],[-6.26482,53.35567]]}},{"type":"Feature","properties":{"k":"major","n":"Frederick Street North"},"geometry":{"type":"LineString","coordinates":[[-6.26525,53.35602],[-6.26519,53.356],[-6.26512,53.35596]]}},{"type":"Feature","properties":{"k":"major","n":"Frederick Street North"},"geometry":{"type":"LineString","coordinates":[[-6.26509,53.35584],[-6.26514,53.35588],[-6.26518,53.3559],[-6.26531,53.35596]]}},{"type":"Feature","properties":{"k":"major","n":"Frederick Street North"},"geometry":{"type":"LineString","coordinates":[[-6.265,53.35578],[-6.26506,53.35582],[-6.26509,53.35584]]}},{"type":"Feature","properties":{"k":"major","n":"Frederick Street North"},"geometry":{"type":"LineString","coordinates":[[-6.26482,53.35567],[-6.26492,53.35573],[-6.265,53.35578]]}},{"type":"Feature","properties":{"k":"major","n":"Blessington Street"},"geometry":{"type":"LineString","coordinates":[[-6.26581,53.35621],[-6.26562,53.35614]]}},{"type":"Feature","properties":{"k":"major","n":"Blessington Street"},"geometry":{"type":"LineString","coordinates":[[-6.26541,53.35609],[-6.26533,53.35606],[-6.26525,53.35602]]}},{"type":"Feature","properties":{"k":"major","n":"Blessington Street"},"geometry":{"type":"LineString","coordinates":[[-6.26793,53.35677],[-6.26784,53.35674]]}},{"type":"Feature","properties":{"k":"major","n":"College Green"},"geometry":{"type":"LineString","coordinates":[[-6.26091,53.34441],[-6.26087,53.34441]]}},{"type":"Feature","properties":{"k":"major","n":"College Green"},"geometry":{"type":"LineString","coordinates":[[-6.26069,53.34429],[-6.2609,53.34428]]}},{"type":"Feature","properties":{"k":"minor","n":""},"geometry":{"type":"LineString","coordinates":[[-6.28186,53.35043],[-6.2817,53.35045]]}},{"type":"Feature","properties":{"k":"minor","n":""},"geometry":{"type":"LineString","coordinates":[[-6.27987,53.35],[-6.27985,53.35002]]}},{"type":"Feature","properties":{"k":"minor","n":""},"geometry":{"type":"LineString","coordinates":[[-6.27985,53.35002],[-6.27985,53.35009]]}},{"type":"Feature","properties":{"k":"major","n":"North King Street"},"geometry":{"type":"LineString","coordinates":[[-6.27927,53.3498],[-6.27932,53.34981],[-6.27949,53.34982]]}},{"type":"Feature","properties":{"k":"major","n":"North King Street"},"geometry":{"type":"LineString","coordinates":[[-6.27924,53.3498],[-6.27927,53.3498]]}},{"type":"Feature","properties":{"k":"major","n":"Queen Street"},"geometry":{"type":"LineString","coordinates":[[-6.27949,53.34982],[-6.2795,53.34978],[-6.27953,53.34967]]}},{"type":"Feature","properties":{"k":"major","n":"North King Street"},"geometry":{"type":"LineString","coordinates":[[-6.27806,53.34972],[-6.27813,53.34971],[-6.27819,53.34971]]}},{"type":"Feature","properties":{"k":"major","n":"North King Street"},"geometry":{"type":"LineString","coordinates":[[-6.27454,53.35014],[-6.27476,53.35012],[-6.27479,53.35011]]}},{"type":"Feature","properties":{"k":"major","n":"Church Street"},"geometry":{"type":"LineString","coordinates":[[-6.27459,53.35002],[-6.27454,53.35014]]}},{"type":"Feature","properties":{"k":"major","n":"Church Street"},"geometry":{"type":"LineString","coordinates":[[-6.2746,53.35],[-6.2746,53.35001],[-6.27459,53.35002]]}},{"type":"Feature","properties":{"k":"major","n":"Church Street"},"geometry":{"type":"LineString","coordinates":[[-6.27461,53.34998],[-6.2746,53.35]]}},{"type":"Feature","properties":{"k":"major","n":"Church Street Upper"},"geometry":{"type":"LineString","coordinates":[[-6.27454,53.35014],[-6.27454,53.35026],[-6.27454,53.35026]]}},{"type":"Feature","properties":{"k":"major","n":"Church Street Upper"},"geometry":{"type":"LineString","coordinates":[[-6.27454,53.35026],[-6.27453,53.35028],[-6.27452,53.35029]]}},{"type":"Feature","properties":{"k":"major","n":"North King Street"},"geometry":{"type":"LineString","coordinates":[[-6.27413,53.35012],[-6.27419,53.35012],[-6.27424,53.35011],[-6.27439,53.35011],[-6.27454,53.35014]]}},{"type":"Feature","properties":{"k":"major","n":"Bolton Street"},"geometry":{"type":"LineString","coordinates":[[-6.26994,53.3512],[-6.26986,53.35128]]}},{"type":"Feature","properties":{"k":"major","n":"North King Street"},"geometry":{"type":"LineString","coordinates":[[-6.27018,53.35099],[-6.27007,53.35107]]}},{"type":"Feature","properties":{"k":"major","n":"North King Street"},"geometry":{"type":"LineString","coordinates":[[-6.27023,53.35095],[-6.27019,53.35098],[-6.27018,53.35099]]}},{"type":"Feature","properties":{"k":"minor","n":""},"geometry":{"type":"LineString","coordinates":[[-6.26131,53.35195],[-6.26131,53.35196]]}},{"type":"Feature","properties":{"k":"major","n":"Cavendish Row"},"geometry":{"type":"LineString","coordinates":[[-6.26158,53.35267],[-6.26158,53.35265],[-6.26159,53.35263],[-6.2616,53.35262]]}},{"type":"Feature","properties":{"k":"major","n":"Cavendish Row"},"geometry":{"type":"LineString","coordinates":[[-6.26158,53.35273],[-6.26158,53.3527],[-6.26158,53.35267]]}},{"type":"Feature","properties":{"k":"major","n":"Cavendish Row"},"geometry":{"type":"LineString","coordinates":[[-6.2616,53.35262],[-6.26162,53.3526],[-6.26163,53.35258],[-6.26164,53.35257]]}},{"type":"Feature","properties":{"k":"major","n":"Cavendish Row"},"geometry":{"type":"LineString","coordinates":[[-6.26184,53.3531],[-6.2617,53.35294]]}},{"type":"Feature","properties":{"k":"major","n":"Parnell Square East"},"geometry":{"type":"LineString","coordinates":[[-6.26217,53.35339],[-6.26216,53.35337],[-6.26193,53.35318]]}},{"type":"Feature","properties":{"k":"major","n":"Parnell Square East"},"geometry":{"type":"LineString","coordinates":[[-6.26225,53.35346],[-6.26217,53.35339]]}},{"type":"Feature","properties":{"k":"major","n":"Parnell Square East"},"geometry":{"type":"LineString","coordinates":[[-6.26311,53.35419],[-6.26298,53.35408],[-6.26291,53.35401]]}},{"type":"Feature","properties":{"k":"major","n":"Amiens Street"},"geometry":{"type":"LineString","coordinates":[[-6.25004,53.35142],[-6.25002,53.35137],[-6.25002,53.35135]]}},{"type":"Feature","properties":{"k":"major","n":"Marrowbone Lane"},"geometry":{"type":"LineString","coordinates":[[-6.28489,53.34028],[-6.28498,53.34025],[-6.28533,53.34011],[-6.28536,53.3401]]}},{"type":"Feature","properties":{"k":"major","n":"Marrowbone Lane"},"geometry":{"type":"LineString","coordinates":[[-6.2848,53.34032],[-6.28483,53.34031],[-6.28489,53.34028]]}},{"type":"Feature","properties":{"k":"major","n":"Marrowbone Lane"},"geometry":{"type":"LineString","coordinates":[[-6.28468,53.34035],[-6.28475,53.34033],[-6.2848,53.34032]]}},{"type":"Feature","properties":{"k":"major","n":"Marrowbone Lane"},"geometry":{"type":"LineString","coordinates":[[-6.28389,53.3405],[-6.28436,53.34042],[-6.28456,53.34038],[-6.28468,53.34035]]}},{"type":"Feature","properties":{"k":"major","n":"Marrowbone Lane"},"geometry":{"type":"LineString","coordinates":[[-6.28361,53.34055],[-6.28371,53.34054],[-6.28389,53.3405]]}},{"type":"Feature","properties":{"k":"major","n":"Marrowbone Lane"},"geometry":{"type":"LineString","coordinates":[[-6.28352,53.34057],[-6.28361,53.34055]]}},{"type":"Feature","properties":{"k":"major","n":"Marrowbone Lane"},"geometry":{"type":"LineString","coordinates":[[-6.28345,53.34058],[-6.28347,53.34058],[-6.28349,53.34057]]}},{"type":"Feature","properties":{"k":"major","n":"Marrowbone Lane"},"geometry":{"type":"LineString","coordinates":[[-6.28349,53.34057],[-6.28352,53.34057]]}},{"type":"Feature","properties":{"k":"major","n":"Marrowbone Lane"},"geometry":{"type":"LineString","coordinates":[[-6.28342,53.34059],[-6.28345,53.34058]]}},{"type":"Feature","properties":{"k":"minor","n":""},"geometry":{"type":"LineString","coordinates":[[-6.27488,53.33923],[-6.27485,53.33927],[-6.27482,53.33929],[-6.27481,53.33931]]}},{"type":"Feature","properties":{"k":"minor","n":""},"geometry":{"type":"LineString","coordinates":[[-6.27481,53.33931],[-6.27473,53.3394]]}},{"type":"Feature","properties":{"k":"major","n":"The Coombe"},"geometry":{"type":"LineString","coordinates":[[-6.27473,53.3394],[-6.27451,53.33934],[-6.27446,53.33933],[-6.2744,53.33932]]}},{"type":"Feature","properties":{"k":"major","n":"North Wall Quay"},"geometry":{"type":"LineString","coordinates":[[-6.24141,53.34764],[-6.24119,53.34762]]}},{"type":"Feature","properties":{"k":"minor","n":""},"geometry":{"type":"LineString","coordinates":[[-6.26997,53.34507],[-6.26995,53.34497]]}},{"type":"Feature","properties":{"k":"minor","n":""},"geometry":{"type":"LineString","coordinates":[[-6.26995,53.34497],[-6.26994,53.34492]]}},{"type":"Feature","properties":{"k":"minor","n":""},"geometry":{"type":"LineString","coordinates":[[-6.26999,53.34513],[-6.26997,53.34507]]}},{"type":"Feature","properties":{"k":"minor","n":""},"geometry":{"type":"LineString","coordinates":[[-6.27005,53.34367],[-6.27,53.34361]]}},{"type":"Feature","properties":{"k":"minor","n":""},"geometry":{"type":"LineString","coordinates":[[-6.27013,53.34374],[-6.27009,53.3437],[-6.27005,53.34367]]}},{"type":"Feature","properties":{"k":"major","n":"North Wall Quay"},"geometry":{"type":"LineString","coordinates":[[-6.23834,53.34744],[-6.23824,53.34743],[-6.23817,53.34743]]}},{"type":"Feature","properties":{"k":"major","n":"North Wall Quay"},"geometry":{"type":"LineString","coordinates":[[-6.23803,53.34742],[-6.23794,53.34741]]}},{"type":"Feature","properties":{"k":"major","n":"North Wall Quay"},"geometry":{"type":"LineString","coordinates":[[-6.23577,53.34727],[-6.23573,53.34726],[-6.23568,53.34726],[-6.23554,53.34725]]}},{"type":"Feature","properties":{"k":"major","n":"North Wall Quay"},"geometry":{"type":"LineString","coordinates":[[-6.23554,53.34725],[-6.23536,53.34724],[-6.2353,53.34723],[-6.23525,53.34723],[-6.23514,53.34722]]}},{"type":"Feature","properties":{"k":"major","n":"Sheriff Street Upper"},"geometry":{"type":"LineString","coordinates":[[-6.24103,53.35054],[-6.24097,53.35056]]}},{"type":"Feature","properties":{"k":"major","n":"Sheriff Street Upper"},"geometry":{"type":"LineString","coordinates":[[-6.24091,53.35058],[-6.24089,53.35059],[-6.24087,53.35059]]}},{"type":"Feature","properties":{"k":"minor","n":""},"geometry":{"type":"LineString","coordinates":[[-6.24103,53.35054],[-6.24096,53.35048]]}},{"type":"Feature","properties":{"k":"minor","n":""},"geometry":{"type":"LineString","coordinates":[[-6.24096,53.35048],[-6.24095,53.35047],[-6.24091,53.35044],[-6.24087,53.35041]]}},{"type":"Feature","properties":{"k":"minor","n":""},"geometry":{"type":"LineString","coordinates":[[-6.24087,53.35041],[-6.24083,53.35037],[-6.24081,53.35034]]}},{"type":"Feature","properties":{"k":"major","n":"Sheriff Street Upper"},"geometry":{"type":"LineString","coordinates":[[-6.24054,53.35059],[-6.2405,53.35059]]}},{"type":"Feature","properties":{"k":"major","n":"Sheriff Street Upper"},"geometry":{"type":"LineString","coordinates":[[-6.24058,53.35059],[-6.24054,53.35059]]}},{"type":"Feature","properties":{"k":"major","n":"Seville Place"},"geometry":{"type":"LineString","coordinates":[[-6.24211,53.35132],[-6.24209,53.35131],[-6.24203,53.35127],[-6.24138,53.35079]]}},{"type":"Feature","properties":{"k":"major","n":"Seville Place"},"geometry":{"type":"LineString","coordinates":[[-6.24213,53.35134],[-6.24212,53.35133],[-6.24211,53.35132]]}},{"type":"Feature","properties":{"k":"major","n":"Seville Place"},"geometry":{"type":"LineString","coordinates":[[-6.24236,53.35151],[-6.24227,53.35144],[-6.24215,53.35135],[-6.24213,53.35134]]}},{"type":"Feature","properties":{"k":"major","n":"Seville Place"},"geometry":{"type":"LineString","coordinates":[[-6.24255,53.35165],[-6.2424,53.35155],[-6.24236,53.35151]]}},{"type":"Feature","properties":{"k":"major","n":"Seville Place"},"geometry":{"type":"LineString","coordinates":[[-6.2434,53.35227],[-6.24337,53.35225],[-6.24325,53.35216],[-6.24318,53.35211],[-6.24298,53.35197],[-6.24289,53.35189],[-6.2427,53.35176],[-6.24255,53.35165]]}},{"type":"Feature","properties":{"k":"major","n":"Seville Place"},"geometry":{"type":"LineString","coordinates":[[-6.24342,53.35228],[-6.24341,53.35228],[-6.2434,53.35227]]}},{"type":"Feature","properties":{"k":"major","n":"Seville Place"},"geometry":{"type":"LineString","coordinates":[[-6.24138,53.35079],[-6.24119,53.35065],[-6.24115,53.35062]]}},{"type":"Feature","properties":{"k":"major","n":"Sheriff Street Upper"},"geometry":{"type":"LineString","coordinates":[[-6.24097,53.35056],[-6.24093,53.35058],[-6.24091,53.35058]]}},{"type":"Feature","properties":{"k":"major","n":"Lombard Street East"},"geometry":{"type":"LineString","coordinates":[[-6.24886,53.34474],[-6.24908,53.3444],[-6.24915,53.34429]]}},{"type":"Feature","properties":{"k":"major","n":"Lombard Street East"},"geometry":{"type":"LineString","coordinates":[[-6.24881,53.34483],[-6.24884,53.34477],[-6.24886,53.34474]]}},{"type":"Feature","properties":{"k":"major","n":"Lombard Street East"},"geometry":{"type":"LineString","coordinates":[[-6.24844,53.34545],[-6.24853,53.3453]]}},{"type":"Feature","properties":{"k":"major","n":"Lombard Street East"},"geometry":{"type":"LineString","coordinates":[[-6.24835,53.34561],[-6.24836,53.34559],[-6.24838,53.34555]]}},{"type":"Feature","properties":{"k":"major","n":"Lombard Street East"},"geometry":{"type":"LineString","coordinates":[[-6.24829,53.34575],[-6.24835,53.34561]]}},{"type":"Feature","properties":{"k":"major","n":"Lombard Street East"},"geometry":{"type":"LineString","coordinates":[[-6.24817,53.34601],[-6.24829,53.34575]]}},{"type":"Feature","properties":{"k":"major","n":"Lombard Street East"},"geometry":{"type":"LineString","coordinates":[[-6.24812,53.34611],[-6.24814,53.34607],[-6.24817,53.34601]]}},{"type":"Feature","properties":{"k":"major","n":"Lombard Street East"},"geometry":{"type":"LineString","coordinates":[[-6.24788,53.34663],[-6.24791,53.34658]]}},{"type":"Feature","properties":{"k":"major","n":"Lombard Street East"},"geometry":{"type":"LineString","coordinates":[[-6.24791,53.34658],[-6.24797,53.34644]]}},{"type":"Feature","properties":{"k":"major","n":"Lombard Street East"},"geometry":{"type":"LineString","coordinates":[[-6.24784,53.34665],[-6.24788,53.34663]]}},{"type":"Feature","properties":{"k":"major","n":"Lombard Street East"},"geometry":{"type":"LineString","coordinates":[[-6.24776,53.34668],[-6.24784,53.34665]]}},{"type":"Feature","properties":{"k":"major","n":"Pearse Street"},"geometry":{"type":"LineString","coordinates":[[-6.24898,53.34405],[-6.24907,53.34407],[-6.24913,53.34408],[-6.24928,53.34411]]}},{"type":"Feature","properties":{"k":"major","n":"Sandwith Street Lower"},"geometry":{"type":"LineString","coordinates":[[-6.24649,53.34373],[-6.24645,53.3437],[-6.24643,53.34366],[-6.24641,53.3436]]}},{"type":"Feature","properties":{"k":"minor","n":""},"geometry":{"type":"LineString","coordinates":[[-6.24639,53.34344],[-6.2464,53.34345],[-6.24641,53.34353]]}},{"type":"Feature","properties":{"k":"major","n":"Pearse Street"},"geometry":{"type":"LineString","coordinates":[[-6.24641,53.34353],[-6.24647,53.34355],[-6.24653,53.34358]]}},{"type":"Feature","properties":{"k":"pedestrian","n":""},"geometry":{"type":"LineString","coordinates":[[-6.27406,53.35185],[-6.27389,53.35183],[-6.27382,53.35183],[-6.27375,53.35196],[-6.27381,53.35197],[-6.27382,53.35197],[-6.27394,53.35199],[-6.27396,53.352],[-6.274,53.35201],[-6.27405,53.35187],[-6.27406,53.35185]]}},{"type":"Feature","properties":{"k":"pedestrian","n":""},"geometry":{"type":"LineString","coordinates":[[-6.28137,53.34881],[-6.28155,53.34882],[-6.2817,53.34884],[-6.2818,53.34885],[-6.28183,53.34887],[-6.28186,53.34888],[-6.28188,53.34875],[-6.28188,53.34875],[-6.28185,53.34873],[-6.28182,53.34871],[-6.28181,53.34871],[-6.28176,53.34871],[-6.28171,53.34872],[-6.28159,53.34871],[-6.28156,53.34871],[-6.28152,53.34868],[-6.28146,53.34868],[-6.2814,53.3487],[-6.28137,53.34881]]}},{"type":"Feature","properties":{"k":"park","n":""},"geometry":{"type":"Polygon","coordinates":[[[-6.23753,53.33898],[-6.23752,53.33898],[-6.23748,53.33896],[-6.23747,53.33897],[-6.23729,53.33889],[-6.23729,53.3389],[-6.23726,53.33888],[-6.23724,53.33887],[-6.23724,53.33885],[-6.23731,53.33886],[-6.23731,53.33883],[-6.23728,53.33883],[-6.2373,53.33872],[-6.23734,53.33872],[-6.23735,53.3387],[-6.23731,53.33869],[-6.23733,53.33861],[-6.23731,53.33861],[-6.23731,53.33857],[-6.23739,53.33855],[-6.23749,53.33858],[-6.23749,53.33859],[-6.23765,53.33864],[-6.23763,53.33865],[-6.23772,53.33867],[-6.23773,53.33866],[-6.23781,53.33868],[-6.2378,53.33869],[-6.23786,53.33871],[-6.23793,53.33862],[-6.23795,53.33862],[-6.23792,53.33879],[-6.2379,53.33878],[-6.23787,53.33877],[-6.23783,53.33878],[-6.23781,53.33881],[-6.23764,53.33877],[-6.23771,53.33889],[-6.2379,53.33885],[-6.23789,53.33887],[-6.23774,53.3389],[-6.23772,53.33898],[-6.23789,53.33895],[-6.23785,53.3391],[-6.23792,53.33911],[-6.23791,53.33914],[-6.23787,53.33914],[-6.2378,53.33913],[-6.2378,53.33913],[-6.23777,53.33911],[-6.23776,53.33912],[-6.2377,53.33909],[-6.23771,53.33908],[-6.23766,53.33905],[-6.23763,53.33904],[-6.23764,53.33903],[-6.23753,53.33898]]]}},{"type":"Feature","properties":{"k":"pedestrian","n":""},"geometry":{"type":"LineString","coordinates":[[-6.26339,53.34719],[-6.2633,53.3469],[-6.26325,53.3467],[-6.2632,53.34663]]}},{"type":"Feature","properties":{"k":"pedestrian","n":""},"geometry":{"type":"LineString","coordinates":[[-6.25247,53.34729],[-6.25226,53.34728],[-6.2521,53.34727],[-6.25206,53.34725],[-6.25205,53.34723],[-6.25207,53.34702],[-6.25209,53.347],[-6.25232,53.34701],[-6.25231,53.34706],[-6.25229,53.34706],[-6.25227,53.34715],[-6.25249,53.34716],[-6.25247,53.34729]]}},{"type":"Feature","properties":{"k":"major","n":"St. Stephen's Green"},"geometry":{"type":"LineString","coordinates":[[-6.25717,53.33628],[-6.25714,53.33632],[-6.25711,53.33635],[-6.25707,53.3364]]}},{"type":"Feature","properties":{"k":"minor","n":""},"geometry":{"type":"LineString","coordinates":[[-6.25369,53.3381],[-6.25363,53.33815]]}},{"type":"Feature","properties":{"k":"minor","n":""},"geometry":{"type":"LineString","coordinates":[[-6.25416,53.33759],[-6.25413,53.33758]]}},{"type":"Feature","properties":{"k":"minor","n":""},"geometry":{"type":"LineString","coordinates":[[-6.25413,53.33758],[-6.25411,53.33758]]}},{"type":"Feature","properties":{"k":"minor","n":""},"geometry":{"type":"LineString","coordinates":[[-6.25565,53.33795],[-6.25549,53.33791],[-6.25544,53.3379]]}},{"type":"Feature","properties":{"k":"minor","n":""},"geometry":{"type":"LineString","coordinates":[[-6.25577,53.33798],[-6.25569,53.33796],[-6.25565,53.33795]]}},{"type":"Feature","properties":{"k":"minor","n":""},"geometry":{"type":"LineString","coordinates":[[-6.25577,53.33798],[-6.25581,53.33793]]}},{"type":"Feature","properties":{"k":"minor","n":""},"geometry":{"type":"LineString","coordinates":[[-6.25581,53.33793],[-6.25583,53.33791],[-6.25584,53.33789]]}},{"type":"Feature","properties":{"k":"major","n":"St. Stephen's Green"},"geometry":{"type":"LineString","coordinates":[[-6.25817,53.33643],[-6.25792,53.33639]]}},{"type":"Feature","properties":{"k":"major","n":"Aungier Street"},"geometry":{"type":"LineString","coordinates":[[-6.26542,53.34139],[-6.26542,53.3414],[-6.26539,53.34148]]}},{"type":"Feature","properties":{"k":"major","n":"Aungier Street"},"geometry":{"type":"LineString","coordinates":[[-6.26543,53.34136],[-6.26542,53.34139]]}},{"type":"Feature","properties":{"k":"major","n":"South Great George's Street"},"geometry":{"type":"LineString","coordinates":[[-6.26539,53.34148],[-6.26538,53.3415],[-6.26532,53.34157],[-6.26529,53.34159]]}},{"type":"Feature","properties":{"k":"minor","n":""},"geometry":{"type":"LineString","coordinates":[[-6.26274,53.34054],[-6.26269,53.3406]]}},{"type":"Feature","properties":{"k":"pedestrian","n":""},"geometry":{"type":"LineString","coordinates":[[-6.26079,53.34002],[-6.26082,53.34001],[-6.26084,53.34001],[-6.26087,53.34]]}},{"type":"Feature","properties":{"k":"pedestrian","n":""},"geometry":{"type":"LineString","coordinates":[[-6.26074,53.34006],[-6.26078,53.34003],[-6.26079,53.34002]]}},{"type":"Feature","properties":{"k":"pedestrian","n":""},"geometry":{"type":"LineString","coordinates":[[-6.26079,53.34002],[-6.26073,53.33997]]}},{"type":"Feature","properties":{"k":"major","n":"Patrick Street"},"geometry":{"type":"LineString","coordinates":[[-6.27232,53.34035],[-6.27233,53.34042],[-6.27233,53.34046],[-6.27234,53.34051],[-6.27235,53.34056],[-6.27235,53.34059],[-6.27236,53.34062]]}},{"type":"Feature","properties":{"k":"major","n":"Patrick Street"},"geometry":{"type":"LineString","coordinates":[[-6.27236,53.34062],[-6.27236,53.34066],[-6.27237,53.34068],[-6.27237,53.34069]]}},{"type":"Feature","properties":{"k":"major","n":"Patrick Street"},"geometry":{"type":"LineString","coordinates":[[-6.27225,53.34072],[-6.27225,53.34069],[-6.27225,53.34066]]}},{"type":"Feature","properties":{"k":"major","n":"Patrick Street"},"geometry":{"type":"LineString","coordinates":[[-6.27225,53.34066],[-6.27224,53.34061]]}},{"type":"Feature","properties":{"k":"major","n":"McKenny's Bridge"},"geometry":{"type":"LineString","coordinates":[[-6.24051,53.33764],[-6.24048,53.33763],[-6.24043,53.3376]]}},{"type":"Feature","properties":{"k":"pedestrian","n":""},"geometry":{"type":"LineString","coordinates":[[-6.26772,53.3424],[-6.2678,53.34249],[-6.26785,53.34254],[-6.26784,53.34256],[-6.26752,53.34263],[-6.26747,53.34256],[-6.2674,53.34247],[-6.26755,53.34244],[-6.26758,53.34243],[-6.26772,53.3424]]}},{"type":"Feature","properties":{"k":"pedestrian","n":""},"geometry":{"type":"LineString","coordinates":[[-6.24596,53.34816],[-6.24598,53.34802],[-6.24593,53.34802],[-6.24569,53.348],[-6.24553,53.34799],[-6.2455,53.34799],[-6.2455,53.34803],[-6.24559,53.34809],[-6.24568,53.34815],[-6.24596,53.34816]]}},{"type":"Feature","properties":{"k":"pedestrian","n":""},"geometry":{"type":"LineString","coordinates":[[-6.253,53.34179],[-6.25297,53.34182],[-6.25294,53.34183],[-6.25285,53.34182],[-6.25281,53.34181],[-6.25277,53.34182],[-6.25271,53.3418],[-6.25266,53.34177],[-6.25262,53.34172],[-6.25263,53.3417],[-6.25277,53.34174],[-6.253,53.34179]]}},{"type":"Feature","properties":{"k":"pedestrian","n":""},"geometry":{"type":"LineString","coordinates":[[-6.24063,53.34932],[-6.24074,53.34932],[-6.24075,53.34926],[-6.24077,53.34917],[-6.24072,53.34916],[-6.24066,53.34915],[-6.24063,53.3493],[-6.24063,53.34932]]}},{"type":"Feature","properties":{"k":"pedestrian","n":""},"geometry":{"type":"LineString","coordinates":[[-6.25202,53.34074],[-6.25198,53.34078],[-6.2519,53.34075],[-6.2519,53.34076],[-6.25178,53.34072],[-6.2518,53.34068],[-6.2518,53.34067],[-6.25195,53.34048],[-6.25167,53.3404],[-6.2517,53.34037],[-6.25172,53.34035],[-6.25175,53.34032],[-6.2523,53.34048],[-6.25224,53.34056],[-6.25221,53.34055],[-6.25216,53.34061],[-6.25212,53.34066],[-6.25208,53.34064],[-6.25204,53.34069],[-6.252,53.34074],[-6.25202,53.34074]]}},{"type":"Feature","properties":{"k":"major","n":"Memorial Road"},"geometry":{"type":"LineString","coordinates":[[-6.25217,53.34939],[-6.25213,53.34939],[-6.25206,53.34939]]}},{"type":"Feature","properties":{"k":"major","n":"Memorial Road"},"geometry":{"type":"LineString","coordinates":[[-6.25192,53.34939],[-6.25181,53.34939]]}},{"type":"Feature","properties":{"k":"major","n":"Amiens Street"},"geometry":{"type":"LineString","coordinates":[[-6.25106,53.34988],[-6.25104,53.34992]]}},{"type":"Feature","properties":{"k":"major","n":"Memorial Road"},"geometry":{"type":"LineString","coordinates":[[-6.25111,53.34981],[-6.25106,53.34988]]}},{"type":"Feature","properties":{"k":"major","n":"Beresford Place"},"geometry":{"type":"LineString","coordinates":[[-6.25262,53.34945],[-6.2525,53.34943]]}},{"type":"Feature","properties":{"k":"major","n":"Beresford Place"},"geometry":{"type":"LineString","coordinates":[[-6.2525,53.34943],[-6.25246,53.34943]]}},{"type":"Feature","properties":{"k":"major","n":"Memorial Road"},"geometry":{"type":"LineString","coordinates":[[-6.25188,53.34919],[-6.25186,53.34918],[-6.25183,53.34916],[-6.25181,53.34914]]}},{"type":"Feature","properties":{"k":"major","n":"Memorial Road"},"geometry":{"type":"LineString","coordinates":[[-6.25181,53.34914],[-6.25179,53.34913]]}},{"type":"Feature","properties":{"k":"minor","n":""},"geometry":{"type":"LineString","coordinates":[[-6.24898,53.35285],[-6.24895,53.35287]]}},{"type":"Feature","properties":{"k":"major","n":"North Strand Road"},"geometry":{"type":"LineString","coordinates":[[-6.24642,53.35495],[-6.24633,53.35503]]}},{"type":"Feature","properties":{"k":"major","n":"Seville Place"},"geometry":{"type":"LineString","coordinates":[[-6.24607,53.35426],[-6.24567,53.35396],[-6.24553,53.35385],[-6.24546,53.3538]]}},{"type":"Feature","properties":{"k":"pedestrian","n":""},"geometry":{"type":"LineString","coordinates":[[-6.24731,53.35388],[-6.24737,53.35385],[-6.24739,53.35383],[-6.24745,53.35378],[-6.24736,53.35374],[-6.24732,53.35377],[-6.24728,53.35381],[-6.24723,53.35385],[-6.24731,53.35388]]}},{"type":"Feature","properties":{"k":"minor","n":""},"geometry":{"type":"LineString","coordinates":[[-6.28317,53.35296],[-6.28334,53.35292],[-6.28336,53.35291],[-6.28336,53.35288]]}},{"type":"Feature","properties":{"k":"minor","n":""},"geometry":{"type":"LineString","coordinates":[[-6.28271,53.35306],[-6.283,53.353],[-6.28317,53.35296]]}},{"type":"Feature","properties":{"k":"major","n":"Wellington Quay"},"geometry":{"type":"LineString","coordinates":[[-6.26498,53.34572],[-6.26506,53.34571],[-6.26606,53.34556]]}},{"type":"Feature","properties":{"k":"major","n":"Wellington Quay"},"geometry":{"type":"LineString","coordinates":[[-6.2648,53.34575],[-6.26495,53.34573],[-6.26498,53.34572]]}},{"type":"Feature","properties":{"k":"major","n":"Wellington Quay"},"geometry":{"type":"LineString","coordinates":[[-6.26348,53.34596],[-6.26356,53.34595]]}},{"type":"Feature","properties":{"k":"major","n":"Wellington Quay"},"geometry":{"type":"LineString","coordinates":[[-6.26339,53.34598],[-6.26348,53.34596]]}},{"type":"Feature","properties":{"k":"major","n":"Wellington Quay"},"geometry":{"type":"LineString","coordinates":[[-6.26255,53.34615],[-6.2628,53.34609]]}},{"type":"Feature","properties":{"k":"major","n":"Wellington Quay"},"geometry":{"type":"LineString","coordinates":[[-6.2628,53.34609],[-6.26296,53.34606],[-6.26302,53.34605]]}},{"type":"Feature","properties":{"k":"major","n":"Essex Quay"},"geometry":{"type":"LineString","coordinates":[[-6.26763,53.34534],[-6.26775,53.34533]]}},{"type":"Feature","properties":{"k":"minor","n":""},"geometry":{"type":"LineString","coordinates":[[-6.27418,53.34953],[-6.27421,53.34953],[-6.27443,53.34951]]}},{"type":"Feature","properties":{"k":"minor","n":""},"geometry":{"type":"LineString","coordinates":[[-6.27402,53.34986],[-6.27358,53.34987]]}},{"type":"Feature","properties":{"k":"minor","n":""},"geometry":{"type":"LineString","coordinates":[[-6.24161,53.35515],[-6.24172,53.35521],[-6.2418,53.35525],[-6.24187,53.35529],[-6.24218,53.35547]]}},{"type":"Feature","properties":{"k":"minor","n":""},"geometry":{"type":"LineString","coordinates":[[-6.24218,53.35547],[-6.24227,53.35553],[-6.24228,53.35553],[-6.24256,53.35574],[-6.24274,53.35587],[-6.24314,53.35618]]}},{"type":"Feature","properties":{"k":"minor","n":""},"geometry":{"type":"LineString","coordinates":[[-6.27443,53.34951],[-6.27446,53.3495],[-6.27469,53.3495]]}},{"type":"Feature","properties":{"k":"minor","n":""},"geometry":{"type":"LineString","coordinates":[[-6.27455,53.34921],[-6.27351,53.34927]]}},{"type":"Feature","properties":{"k":"minor","n":""},"geometry":{"type":"LineString","coordinates":[[-6.27462,53.34832],[-6.27339,53.34839]]}},{"type":"Feature","properties":{"k":"minor","n":""},"geometry":{"type":"LineString","coordinates":[[-6.27033,53.33365],[-6.26965,53.3337],[-6.26958,53.3337],[-6.26951,53.33371]]}},{"type":"Feature","properties":{"k":"minor","n":""},"geometry":{"type":"LineString","coordinates":[[-6.26957,53.33405],[-6.26951,53.33371]]}},{"type":"Feature","properties":{"k":"minor","n":""},"geometry":{"type":"LineString","coordinates":[[-6.27208,53.35091],[-6.27254,53.35089]]}},{"type":"Feature","properties":{"k":"minor","n":""},"geometry":{"type":"LineString","coordinates":[[-6.27245,53.34681],[-6.27245,53.34682],[-6.27242,53.34684],[-6.2724,53.34685],[-6.2723,53.34686],[-6.27156,53.34693]]}},{"type":"Feature","properties":{"k":"minor","n":""},"geometry":{"type":"LineString","coordinates":[[-6.27156,53.34693],[-6.27152,53.34694]]}},{"type":"Feature","properties":{"k":"minor","n":""},"geometry":{"type":"LineString","coordinates":[[-6.27136,53.34619],[-6.27161,53.34616],[-6.27183,53.34614]]}},{"type":"Feature","properties":{"k":"minor","n":""},"geometry":{"type":"LineString","coordinates":[[-6.27183,53.34614],[-6.27172,53.34576],[-6.27169,53.34572],[-6.27167,53.34566],[-6.27166,53.34561]]}},{"type":"Feature","properties":{"k":"major","n":"Amiens Street"},"geometry":{"type":"LineString","coordinates":[[-6.24824,53.35326],[-6.24719,53.35425],[-6.24709,53.35434],[-6.24696,53.35445],[-6.24681,53.35459],[-6.24677,53.35462],[-6.24675,53.35465],[-6.24669,53.3547]]}},{"type":"Feature","properties":{"k":"pedestrian","n":""},"geometry":{"type":"LineString","coordinates":[[-6.25912,53.33967],[-6.25913,53.33966],[-6.25915,53.33964],[-6.25913,53.33961],[-6.25912,53.33961],[-6.25894,53.33956],[-6.25892,53.33956],[-6.25889,53.33956],[-6.25885,53.33957],[-6.25882,53.33959],[-6.25883,53.33959],[-6.25885,53.33959],[-6.25912,53.33967]]}},{"type":"Feature","properties":{"k":"minor","n":""},"geometry":{"type":"LineString","coordinates":[[-6.2594,53.34751],[-6.25944,53.34762],[-6.25946,53.34766]]}},{"type":"Feature","properties":{"k":"minor","n":""},"geometry":{"type":"LineString","coordinates":[[-6.25971,53.34823],[-6.25973,53.34826],[-6.25973,53.34827],[-6.25975,53.34833]]}},{"type":"Feature","properties":{"k":"minor","n":""},"geometry":{"type":"LineString","coordinates":[[-6.25977,53.34837],[-6.25978,53.34838],[-6.25981,53.34846],[-6.25982,53.34848]]}},{"type":"Feature","properties":{"k":"minor","n":""},"geometry":{"type":"LineString","coordinates":[[-6.26012,53.34916],[-6.26035,53.34969],[-6.2604,53.34979]]}},{"type":"Feature","properties":{"k":"minor","n":""},"geometry":{"type":"LineString","coordinates":[[-6.2601,53.34911],[-6.26011,53.34914],[-6.26012,53.34916]]}},{"type":"Feature","properties":{"k":"minor","n":""},"geometry":{"type":"LineString","coordinates":[[-6.26097,53.35118],[-6.26104,53.35134],[-6.26117,53.35165],[-6.26125,53.35181],[-6.2613,53.35192]]}},{"type":"Feature","properties":{"k":"minor","n":""},"geometry":{"type":"LineString","coordinates":[[-6.26094,53.35112],[-6.26096,53.35116],[-6.26097,53.35118]]}},{"type":"Feature","properties":{"k":"minor","n":""},"geometry":{"type":"LineString","coordinates":[[-6.2604,53.34979],[-6.26044,53.34988]]}},{"type":"Feature","properties":{"k":"minor","n":""},"geometry":{"type":"LineString","coordinates":[[-6.2613,53.35192],[-6.26131,53.35195]]}},{"type":"Feature","properties":{"k":"minor","n":""},"geometry":{"type":"LineString","coordinates":[[-6.26159,53.35243],[-6.26167,53.35245],[-6.26176,53.35245]]}},{"type":"Feature","properties":{"k":"major","n":"Frederick Street North"},"geometry":{"type":"LineString","coordinates":[[-6.26368,53.35467],[-6.26365,53.35464],[-6.26362,53.35461]]}},{"type":"Feature","properties":{"k":"major","n":"Frederick Street North"},"geometry":{"type":"LineString","coordinates":[[-6.2636,53.35459],[-6.26353,53.35453]]}},{"type":"Feature","properties":{"k":"major","n":"Frederick Street North"},"geometry":{"type":"LineString","coordinates":[[-6.26362,53.35461],[-6.26361,53.3546],[-6.2636,53.35459]]}},{"type":"Feature","properties":{"k":"major","n":"Frederick Street North"},"geometry":{"type":"LineString","coordinates":[[-6.26406,53.35501],[-6.26401,53.35497]]}},{"type":"Feature","properties":{"k":"major","n":"Blessington Street"},"geometry":{"type":"LineString","coordinates":[[-6.26626,53.35633],[-6.26601,53.35626],[-6.26581,53.35621]]}},{"type":"Feature","properties":{"k":"pedestrian","n":""},"geometry":{"type":"LineString","coordinates":[[-6.26002,53.35331],[-6.25998,53.35333],[-6.25995,53.35333],[-6.25993,53.35334],[-6.25986,53.35335],[-6.2599,53.35338],[-6.25991,53.35339],[-6.26005,53.35333],[-6.26004,53.35332],[-6.26002,53.35331]]}},{"type":"Feature","properties":{"k":"pedestrian","n":""},"geometry":{"type":"LineString","coordinates":[[-6.27839,53.34312],[-6.27838,53.34302],[-6.27838,53.343],[-6.27853,53.343],[-6.27858,53.343],[-6.27871,53.343],[-6.27893,53.343],[-6.27899,53.343],[-6.279,53.34305],[-6.27906,53.34304],[-6.27906,53.343],[-6.27909,53.343],[-6.27914,53.343],[-6.27914,53.34308],[-6.27917,53.34308],[-6.27917,53.34312],[-6.27905,53.34313],[-6.27907,53.34323],[-6.27918,53.34323],[-6.27919,53.34324],[-6.27907,53.34326],[-6.27909,53.3433],[-6.27901,53.34331],[-6.27899,53.34327],[-6.279,53.34325],[-6.27901,53.34323],[-6.27899,53.3432],[-6.27887,53.34321],[-6.27879,53.34309],[-6.27864,53.34311],[-6.2786,53.34312],[-6.27858,53.34312],[-6.27839,53.34312]]}},{"type":"Feature","properties":{"k":"pedestrian","n":""},"geometry":{"type":"LineString","coordinates":[[-6.25366,53.35445],[-6.25365,53.35447],[-6.25366,53.3545],[-6.2537,53.35456],[-6.25375,53.35457],[-6.25392,53.35455],[-6.25395,53.35452],[-6.25396,53.35451],[-6.25395,53.35449],[-6.25391,53.35442],[-6.25388,53.35441],[-6.25385,53.3544],[-6.25375,53.35442],[-6.25368,53.35443],[-6.25366,53.35445]]}},{"type":"Feature","properties":{"k":"minor","n":""},"geometry":{"type":"LineString","coordinates":[[-6.24648,53.33946],[-6.24651,53.33943],[-6.24652,53.33942]]}},{"type":"Feature","properties":{"k":"water","n":""},"geometry":{"type":"Polygon","coordinates":[[[-6.24206,53.34531],[-6.2419,53.34525],[-6.24191,53.34518],[-6.24209,53.34519],[-6.24206,53.34531]]]}},{"type":"Feature","properties":{"k":"major","n":"Burgh Quay"},"geometry":{"type":"LineString","coordinates":[[-6.2586,53.34704],[-6.25879,53.347]]}},{"type":"Feature","properties":{"k":"major","n":"Westmoreland Street"},"geometry":{"type":"LineString","coordinates":[[-6.25917,53.34582],[-6.25915,53.34591],[-6.25915,53.34594],[-6.25913,53.34627],[-6.25913,53.34648],[-6.25914,53.34673],[-6.25914,53.34679],[-6.25914,53.34687],[-6.25914,53.34692]]}},{"type":"Feature","properties":{"k":"major","n":"Aston Quay"},"geometry":{"type":"LineString","coordinates":[[-6.25919,53.34691],[-6.25927,53.34689]]}},{"type":"Feature","properties":{"k":"minor","n":""},"geometry":{"type":"LineString","coordinates":[[-6.25918,53.34774],[-6.25915,53.34769],[-6.2591,53.34758]]}},{"type":"Feature","properties":{"k":"major","n":"Bachelors Walk"},"geometry":{"type":"LineString","coordinates":[[-6.25964,53.34746],[-6.25953,53.34749],[-6.2594,53.34751]]}},{"type":"Feature","properties":{"k":"minor","n":""},"geometry":{"type":"LineString","coordinates":[[-6.2606,53.34573],[-6.26063,53.34573],[-6.26149,53.34567],[-6.26182,53.34565]]}},{"type":"Feature","properties":{"k":"major","n":"Matt Talbot Memorial Bridge"},"geometry":{"type":"LineString","coordinates":[[-6.25158,53.34814],[-6.25158,53.34814]]}},{"type":"Feature","properties":{"k":"major","n":"Custom House Quay"},"geometry":{"type":"LineString","coordinates":[[-6.25205,53.34831],[-6.25199,53.34831],[-6.25185,53.34831],[-6.25178,53.34831],[-6.25175,53.34831]]}},{"type":"Feature","properties":{"k":"major","n":"North Wall Quay"},"geometry":{"type":"LineString","coordinates":[[-6.25131,53.34834],[-6.25124,53.34829]]}},{"type":"Feature","properties":{"k":"major","n":"North Wall Quay"},"geometry":{"type":"LineString","coordinates":[[-6.25134,53.34836],[-6.25131,53.34834]]}},{"type":"Feature","properties":{"k":"major","n":"North Wall Quay"},"geometry":{"type":"LineString","coordinates":[[-6.25137,53.34839],[-6.25136,53.34838],[-6.25134,53.34836]]}},{"type":"Feature","properties":{"k":"minor","n":""},"geometry":{"type":"LineString","coordinates":[[-6.24117,53.34774],[-6.24117,53.34773],[-6.24117,53.34772],[-6.24119,53.34762]]}},{"type":"Feature","properties":{"k":"minor","n":""},"geometry":{"type":"LineString","coordinates":[[-6.24116,53.3478],[-6.24117,53.34776],[-6.24117,53.34774]]}},{"type":"Feature","properties":{"k":"minor","n":""},"geometry":{"type":"LineString","coordinates":[[-6.24098,53.34894],[-6.24099,53.3489],[-6.24099,53.34889]]}},{"type":"Feature","properties":{"k":"minor","n":""},"geometry":{"type":"LineString","coordinates":[[-6.24099,53.34889],[-6.24099,53.34888],[-6.241,53.34884]]}},{"type":"Feature","properties":{"k":"major","n":"Aston Quay"},"geometry":{"type":"LineString","coordinates":[[-6.26008,53.34671],[-6.26034,53.34665],[-6.26057,53.34659],[-6.26062,53.34658]]}},{"type":"Feature","properties":{"k":"pedestrian","n":""},"geometry":{"type":"LineString","coordinates":[[-6.25273,53.34029],[-6.25271,53.34029],[-6.25269,53.34028],[-6.25275,53.34022],[-6.25277,53.34022],[-6.25279,53.34023],[-6.25276,53.34026],[-6.25273,53.34029]]}},{"type":"Feature","properties":{"k":"minor","n":""},"geometry":{"type":"LineString","coordinates":[[-6.28368,53.34147],[-6.28378,53.34148],[-6.28388,53.3415],[-6.28391,53.34152]]}},{"type":"Feature","properties":{"k":"major","n":"Butt Bridge"},"geometry":{"type":"LineString","coordinates":[[-6.255,53.34751],[-6.25499,53.34752]]}},{"type":"Feature","properties":{"k":"minor","n":""},"geometry":{"type":"LineString","coordinates":[[-6.24941,53.3518],[-6.24955,53.3518],[-6.24966,53.35179]]}},{"type":"Feature","properties":{"k":"major","n":"Seville Place"},"geometry":{"type":"LineString","coordinates":[[-6.24669,53.3547],[-6.24659,53.35464],[-6.24655,53.35461]]}},{"type":"Feature","properties":{"k":"major","n":"Seville Place"},"geometry":{"type":"LineString","coordinates":[[-6.24655,53.35461],[-6.24651,53.35459],[-6.24648,53.35457]]}},{"type":"Feature","properties":{"k":"major","n":"Portland Row"},"geometry":{"type":"LineString","coordinates":[[-6.24681,53.3548],[-6.24677,53.35477],[-6.24669,53.3547]]}},{"type":"Feature","properties":{"k":"major","n":"Queen Street"},"geometry":{"type":"LineString","coordinates":[[-6.27953,53.34967],[-6.27955,53.34961]]}},{"type":"Feature","properties":{"k":"minor","n":""},"geometry":{"type":"LineString","coordinates":[[-6.25232,53.3501],[-6.25235,53.35007],[-6.25248,53.34987]]}},{"type":"Feature","properties":{"k":"pedestrian","n":""},"geometry":{"type":"LineString","coordinates":[[-6.25269,53.35027],[-6.25268,53.35026],[-6.25267,53.35025],[-6.25265,53.35021]]}},{"type":"Feature","properties":{"k":"minor","n":""},"geometry":{"type":"LineString","coordinates":[[-6.25211,53.35016],[-6.2522,53.35015],[-6.25227,53.35013],[-6.25232,53.3501]]}},{"type":"Feature","properties":{"k":"minor","n":""},"geometry":{"type":"LineString","coordinates":[[-6.26669,53.3489],[-6.26713,53.35],[-6.26715,53.35004],[-6.26718,53.35012]]}},{"type":"Feature","properties":{"k":"minor","n":""},"geometry":{"type":"LineString","coordinates":[[-6.27605,53.33443],[-6.27601,53.3345],[-6.27598,53.33456],[-6.27596,53.33459],[-6.27588,53.3347],[-6.27577,53.3348],[-6.2757,53.33485]]}},{"type":"Feature","properties":{"k":"major","n":"Baggot Street Lower"},"geometry":{"type":"LineString","coordinates":[[-6.24915,53.33678],[-6.24925,53.33682]]}},{"type":"Feature","properties":{"k":"major","n":"Moss Street"},"geometry":{"type":"LineString","coordinates":[[-6.25183,53.34737],[-6.25186,53.34732]]}},{"type":"Feature","properties":{"k":"minor","n":""},"geometry":{"type":"LineString","coordinates":[[-6.2421,53.33613],[-6.24088,53.33691],[-6.24018,53.33736],[-6.24009,53.33742]]}},{"type":"Feature","properties":{"k":"major","n":"St. Stephen's Green"},"geometry":{"type":"LineString","coordinates":[[-6.2557,53.33858],[-6.25572,53.33859],[-6.25578,53.33862],[-6.25585,53.33865],[-6.2559,53.33866],[-6.2565,53.33882]]}},{"type":"Feature","properties":{"k":"major","n":"St. Stephen's Green"},"geometry":{"type":"LineString","coordinates":[[-6.25652,53.33896],[-6.25652,53.33894],[-6.25651,53.33892],[-6.25649,53.3389],[-6.25645,53.33889]]}},{"type":"Feature","properties":{"k":"minor","n":""},"geometry":{"type":"LineString","coordinates":[[-6.24826,53.34957],[-6.24869,53.34959]]}},{"type":"Feature","properties":{"k":"major","n":"Phibsborough Road"},"geometry":{"type":"LineString","coordinates":[[-6.27361,53.35653],[-6.27359,53.35629],[-6.27355,53.35587]]}},{"type":"Feature","properties":{"k":"minor","n":""},"geometry":{"type":"LineString","coordinates":[[-6.26855,53.34244],[-6.26945,53.34217]]}},{"type":"Feature","properties":{"k":"minor","n":""},"geometry":{"type":"LineString","coordinates":[[-6.26985,53.34256],[-6.26991,53.34237],[-6.26997,53.34216],[-6.26998,53.34212]]}},{"type":"Feature","properties":{"k":"minor","n":""},"geometry":{"type":"LineString","coordinates":[[-6.25991,53.34831],[-6.26028,53.34827]]}},{"type":"Feature","properties":{"k":"major","n":"Eden Quay"},"geometry":{"type":"LineString","coordinates":[[-6.25897,53.34761],[-6.25861,53.34769]]}},{"type":"Feature","properties":{"k":"major","n":"Eden Quay"},"geometry":{"type":"LineString","coordinates":[[-6.25861,53.34769],[-6.25838,53.34774]]}},{"type":"Feature","properties":{"k":"major","n":"Moss Street"},"geometry":{"type":"LineString","coordinates":[[-6.25186,53.34732],[-6.25189,53.34727],[-6.2519,53.34725]]}},{"type":"Feature","properties":{"k":"major","n":"O'Connell Bridge"},"geometry":{"type":"LineString","coordinates":[[-6.25895,53.34731],[-6.25892,53.34725],[-6.25891,53.34723]]}},{"type":"Feature","properties":{"k":"minor","n":""},"geometry":{"type":"LineString","coordinates":[[-6.2595,53.3484],[-6.2595,53.34839],[-6.25946,53.34831],[-6.25944,53.34828]]}},{"type":"Feature","properties":{"k":"minor","n":""},"geometry":{"type":"LineString","coordinates":[[-6.25958,53.34856],[-6.25955,53.3485],[-6.25954,53.34846],[-6.25953,53.34845]]}},{"type":"Feature","properties":{"k":"minor","n":""},"geometry":{"type":"LineString","coordinates":[[-6.25967,53.34877],[-6.25961,53.34862],[-6.25958,53.34856]]}},{"type":"Feature","properties":{"k":"minor","n":""},"geometry":{"type":"LineString","coordinates":[[-6.25979,53.34902],[-6.25972,53.34887],[-6.25967,53.34877]]}},{"type":"Feature","properties":{"k":"minor","n":""},"geometry":{"type":"LineString","coordinates":[[-6.26017,53.34991],[-6.26013,53.34982]]}},{"type":"Feature","properties":{"k":"minor","n":""},"geometry":{"type":"LineString","coordinates":[[-6.26018,53.34993],[-6.26017,53.34991]]}},{"type":"Feature","properties":{"k":"minor","n":""},"geometry":{"type":"LineString","coordinates":[[-6.26004,53.34898],[-6.26009,53.34909],[-6.2601,53.34911]]}},{"type":"Feature","properties":{"k":"major","n":"Dorset Street Upper"},"geometry":{"type":"LineString","coordinates":[[-6.26531,53.35596],[-6.26567,53.35552]]}},{"type":"Feature","properties":{"k":"major","n":"Marrowbone Lane"},"geometry":{"type":"LineString","coordinates":[[-6.28178,53.34147],[-6.28181,53.3414]]}},{"type":"Feature","properties":{"k":"major","n":"Marrowbone Lane"},"geometry":{"type":"LineString","coordinates":[[-6.28181,53.3414],[-6.28182,53.34138]]}},{"type":"Feature","properties":{"k":"major","n":"Cork Street"},"geometry":{"type":"LineString","coordinates":[[-6.27964,53.33861],[-6.27947,53.33866]]}},{"type":"Feature","properties":{"k":"major","n":"Cork Street"},"geometry":{"type":"LineString","coordinates":[[-6.27977,53.33857],[-6.27971,53.33859],[-6.27969,53.33859]]}},{"type":"Feature","properties":{"k":"minor","n":""},"geometry":{"type":"LineString","coordinates":[[-6.27947,53.33866],[-6.27926,53.33872],[-6.27925,53.33873]]}},{"type":"Feature","properties":{"k":"minor","n":""},"geometry":{"type":"LineString","coordinates":[[-6.2792,53.33874],[-6.27917,53.33875],[-6.27911,53.33875]]}},{"type":"Feature","properties":{"k":"minor","n":""},"geometry":{"type":"LineString","coordinates":[[-6.27925,53.33873],[-6.27922,53.33874],[-6.2792,53.33874]]}},{"type":"Feature","properties":{"k":"major","n":"Cork Street"},"geometry":{"type":"LineString","coordinates":[[-6.27969,53.33859],[-6.27967,53.3386],[-6.27964,53.33861]]}},{"type":"Feature","properties":{"k":"minor","n":""},"geometry":{"type":"LineString","coordinates":[[-6.27519,53.33732],[-6.27524,53.33738]]}},{"type":"Feature","properties":{"k":"minor","n":""},"geometry":{"type":"LineString","coordinates":[[-6.27604,53.3389],[-6.27581,53.33891]]}},{"type":"Feature","properties":{"k":"minor","n":""},"geometry":{"type":"LineString","coordinates":[[-6.27613,53.3389],[-6.27604,53.3389]]}},{"type":"Feature","properties":{"k":"minor","n":""},"geometry":{"type":"LineString","coordinates":[[-6.27565,53.33892],[-6.27548,53.33894],[-6.27537,53.33896]]}},{"type":"Feature","properties":{"k":"minor","n":""},"geometry":{"type":"LineString","coordinates":[[-6.27581,53.33891],[-6.27572,53.33891],[-6.27565,53.33892]]}},{"type":"Feature","properties":{"k":"minor","n":""},"geometry":{"type":"LineString","coordinates":[[-6.27911,53.33875],[-6.27885,53.33878],[-6.2787,53.33879],[-6.2781,53.3388]]}},{"type":"Feature","properties":{"k":"minor","n":""},"geometry":{"type":"LineString","coordinates":[[-6.27807,53.33881],[-6.27805,53.33881],[-6.27802,53.33881]]}},{"type":"Feature","properties":{"k":"minor","n":""},"geometry":{"type":"LineString","coordinates":[[-6.2781,53.3388],[-6.27807,53.33881]]}},{"type":"Feature","properties":{"k":"minor","n":""},"geometry":{"type":"LineString","coordinates":[[-6.27802,53.33881],[-6.27799,53.33881]]}},{"type":"Feature","properties":{"k":"major","n":"Kildare Street"},"geometry":{"type":"LineString","coordinates":[[-6.25517,53.34106],[-6.25519,53.34103],[-6.25525,53.34093],[-6.25525,53.34092]]}},{"type":"Feature","properties":{"k":"major","n":"Kildare Street"},"geometry":{"type":"LineString","coordinates":[[-6.25525,53.34092],[-6.2553,53.34084]]}},{"type":"Feature","properties":{"k":"major","n":"Kildare Street"},"geometry":{"type":"LineString","coordinates":[[-6.2553,53.34084],[-6.25533,53.34078]]}},{"type":"Feature","properties":{"k":"major","n":"Kildare Street"},"geometry":{"type":"LineString","coordinates":[[-6.25533,53.34078],[-6.25534,53.34077],[-6.25535,53.34076]]}},{"type":"Feature","properties":{"k":"pedestrian","n":""},"geometry":{"type":"LineString","coordinates":[[-6.26541,53.34511],[-6.26519,53.34512],[-6.26518,53.34506],[-6.26521,53.34506],[-6.2652,53.34495],[-6.2652,53.34494],[-6.26521,53.34494],[-6.2652,53.34489],[-6.2652,53.34486],[-6.26545,53.34485],[-6.26546,53.34486],[-6.2655,53.34488],[-6.26553,53.34505],[-6.26555,53.34505],[-6.26556,53.3451],[-6.26548,53.34511],[-6.26545,53.34511],[-6.26541,53.34511]]}},{"type":"Feature","properties":{"k":"major","n":"Bachelors Walk"},"geometry":{"type":"LineString","coordinates":[[-6.2632,53.34663],[-6.26236,53.34682]]}},{"type":"Feature","properties":{"k":"minor","n":""},"geometry":{"type":"LineString","coordinates":[[-6.2769,53.34548],[-6.27691,53.34546]]}},{"type":"Feature","properties":{"k":"pedestrian","n":""},"geometry":{"type":"LineString","coordinates":[[-6.27765,53.35021],[-6.27768,53.35021],[-6.27768,53.35017],[-6.2777,53.34981],[-6.2777,53.3498],[-6.2777,53.34979],[-6.27768,53.34979],[-6.27757,53.3498],[-6.27753,53.3498],[-6.27753,53.34982],[-6.27753,53.34983],[-6.27759,53.34984],[-6.27761,53.34986],[-6.27758,53.35014],[-6.2776,53.35018],[-6.27762,53.35021],[-6.27765,53.35021]]}},{"type":"Feature","properties":{"k":"minor","n":""},"geometry":{"type":"LineString","coordinates":[[-6.24389,53.35668],[-6.24397,53.35673]]}},{"type":"Feature","properties":{"k":"pedestrian","n":""},"geometry":{"type":"LineString","coordinates":[[-6.26665,53.3488],[-6.26739,53.34868]]}},{"type":"Feature","properties":{"k":"major","n":"Parnell Street"},"geometry":{"type":"LineString","coordinates":[[-6.26735,53.35014],[-6.26734,53.35015],[-6.26731,53.35016],[-6.26721,53.35019]]}},{"type":"Feature","properties":{"k":"major","n":"Parnell Street"},"geometry":{"type":"LineString","coordinates":[[-6.26718,53.35012],[-6.26727,53.3501],[-6.2673,53.35009]]}},{"type":"Feature","properties":{"k":"major","n":"Parnell Street"},"geometry":{"type":"LineString","coordinates":[[-6.26738,53.3501],[-6.26781,53.34999]]}},{"type":"Feature","properties":{"k":"minor","n":""},"geometry":{"type":"LineString","coordinates":[[-6.26827,53.34987],[-6.26825,53.34988],[-6.26824,53.34989],[-6.26823,53.34992]]}},{"type":"Feature","properties":{"k":"major","n":"Parnell Street"},"geometry":{"type":"LineString","coordinates":[[-6.26805,53.34994],[-6.26813,53.34992],[-6.26818,53.34992],[-6.26818,53.34992]]}},{"type":"Feature","properties":{"k":"major","n":"Parnell Street"},"geometry":{"type":"LineString","coordinates":[[-6.26818,53.34992],[-6.26821,53.34992],[-6.26823,53.34992]]}},{"type":"Feature","properties":{"k":"minor","n":""},"geometry":{"type":"LineString","coordinates":[[-6.2684,53.34983],[-6.26827,53.34987]]}},{"type":"Feature","properties":{"k":"pedestrian","n":""},"geometry":{"type":"LineString","coordinates":[[-6.26922,53.34963],[-6.26914,53.34965]]}},{"type":"Feature","properties":{"k":"major","n":"Parnell Street"},"geometry":{"type":"LineString","coordinates":[[-6.26788,53.34998],[-6.26796,53.34996]]}},{"type":"Feature","properties":{"k":"major","n":"Parnell Street"},"geometry":{"type":"LineString","coordinates":[[-6.26738,53.3501],[-6.26735,53.35014]]}},{"type":"Feature","properties":{"k":"major","n":"Parnell Street"},"geometry":{"type":"LineString","coordinates":[[-6.2673,53.35009],[-6.26738,53.3501]]}},{"type":"Feature","properties":{"k":"major","n":"Parnell Street"},"geometry":{"type":"LineString","coordinates":[[-6.26781,53.34999],[-6.26788,53.34998]]}},{"type":"Feature","properties":{"k":"minor","n":""},"geometry":{"type":"LineString","coordinates":[[-6.23835,53.35321],[-6.23864,53.35334],[-6.2387,53.35339],[-6.23878,53.35355]]}},{"type":"Feature","properties":{"k":"pedestrian","n":""},"geometry":{"type":"LineString","coordinates":[[-6.28201,53.35563],[-6.28199,53.35566]]}},{"type":"Feature","properties":{"k":"pedestrian","n":""},"geometry":{"type":"LineString","coordinates":[[-6.28137,53.35543],[-6.28132,53.35545]]}},{"type":"Feature","properties":{"k":"pedestrian","n":""},"geometry":{"type":"LineString","coordinates":[[-6.28101,53.35531],[-6.28103,53.35529]]}},{"type":"Feature","properties":{"k":"minor","n":""},"geometry":{"type":"LineString","coordinates":[[-6.28152,53.34148],[-6.28134,53.34147],[-6.28079,53.34149]]}},{"type":"Feature","properties":{"k":"major","n":"Parnell Square West"},"geometry":{"type":"LineString","coordinates":[[-6.2632,53.352],[-6.26371,53.35233],[-6.26388,53.35246],[-6.26426,53.35271]]}},{"type":"Feature","properties":{"k":"pedestrian","n":""},"geometry":{"type":"LineString","coordinates":[[-6.2564,53.33832],[-6.25624,53.33836]]}},{"type":"Feature","properties":{"k":"pedestrian","n":""},"geometry":{"type":"LineString","coordinates":[[-6.25963,53.33917],[-6.25962,53.33917],[-6.25964,53.33918],[-6.25964,53.33919],[-6.25963,53.33919],[-6.25962,53.3392],[-6.25956,53.33917],[-6.25953,53.33916],[-6.2594,53.33909],[-6.25928,53.33901],[-6.25919,53.33896],[-6.25907,53.33889],[-6.25907,53.33889],[-6.25914,53.3389],[-6.25924,53.33894],[-6.25932,53.33898],[-6.25934,53.33899],[-6.25934,53.339],[-6.25935,53.339],[-6.25935,53.339],[-6.25944,53.33907],[-6.25956,53.33913],[-6.25963,53.33917]]}},{"type":"Feature","properties":{"k":"pedestrian","n":""},"geometry":{"type":"LineString","coordinates":[[-6.2605,53.33965],[-6.26049,53.33964]]}},{"type":"Feature","properties":{"k":"pedestrian","n":""},"geometry":{"type":"LineString","coordinates":[[-6.28138,53.35548],[-6.28139,53.35547],[-6.28142,53.35545],[-6.28144,53.35544],[-6.28141,53.35542],[-6.28119,53.35533],[-6.28114,53.35531],[-6.2809,53.35521],[-6.28082,53.35525],[-6.28086,53.35527],[-6.28089,53.35528],[-6.28091,53.35527],[-6.28101,53.35531],[-6.28125,53.35542],[-6.28132,53.35545],[-6.28138,53.35548]]}},{"type":"Feature","properties":{"k":"pedestrian","n":""},"geometry":{"type":"LineString","coordinates":[[-6.27925,53.3543],[-6.27927,53.35427],[-6.27931,53.35425],[-6.27937,53.35423],[-6.27955,53.35424],[-6.27971,53.35426],[-6.27994,53.3543],[-6.28004,53.35434],[-6.28029,53.35443],[-6.28046,53.35448],[-6.28046,53.35457],[-6.28047,53.35466],[-6.28028,53.35462],[-6.28023,53.35461],[-6.28022,53.3546],[-6.28025,53.35454],[-6.27987,53.35445],[-6.27993,53.35437],[-6.27989,53.35436],[-6.27964,53.3543],[-6.27961,53.3543],[-6.27957,53.35437],[-6.27927,53.3543],[-6.27925,53.3543]]}},{"type":"Feature","properties":{"k":"minor","n":""},"geometry":{"type":"LineString","coordinates":[[-6.28254,53.3468],[-6.28253,53.34682]]}},{"type":"Feature","properties":{"k":"major","n":"Ellis Quay"},"geometry":{"type":"LineString","coordinates":[[-6.28284,53.34692],[-6.28282,53.34691],[-6.28251,53.34688]]}},{"type":"Feature","properties":{"k":"pedestrian","n":""},"geometry":{"type":"LineString","coordinates":[[-6.25875,53.33886],[-6.25875,53.33884],[-6.25875,53.3388],[-6.2587,53.33881],[-6.25861,53.33882],[-6.25843,53.33882],[-6.25828,53.3388],[-6.25804,53.33876],[-6.25803,53.33876],[-6.25802,53.33877],[-6.25799,53.33877],[-6.25799,53.33878],[-6.25799,53.33878],[-6.25805,53.3388],[-6.25824,53.33885],[-6.25842,53.33887],[-6.25863,53.33887],[-6.25875,53.33886]]}},{"type":"Feature","properties":{"k":"minor","n":""},"geometry":{"type":"LineString","coordinates":[[-6.24454,53.35651],[-6.24462,53.35655],[-6.24468,53.35657],[-6.24473,53.35659],[-6.24478,53.35661]]}},{"type":"Feature","properties":{"k":"minor","n":""},"geometry":{"type":"LineString","coordinates":[[-6.2444,53.35643],[-6.24447,53.35647],[-6.24448,53.35648]]}},{"type":"Feature","properties":{"k":"minor","n":""},"geometry":{"type":"LineString","coordinates":[[-6.24448,53.35648],[-6.24451,53.35649],[-6.24454,53.35651]]}},{"type":"Feature","properties":{"k":"minor","n":""},"geometry":{"type":"LineString","coordinates":[[-6.24478,53.35661],[-6.24482,53.35662],[-6.24494,53.35668]]}},{"type":"Feature","properties":{"k":"minor","n":""},"geometry":{"type":"LineString","coordinates":[[-6.26994,53.34319],[-6.26994,53.34316],[-6.26993,53.34313]]}},{"type":"Feature","properties":{"k":"minor","n":""},"geometry":{"type":"LineString","coordinates":[[-6.26997,53.3432],[-6.26994,53.34319]]}},{"type":"Feature","properties":{"k":"minor","n":""},"geometry":{"type":"LineString","coordinates":[[-6.26978,53.3432],[-6.26981,53.34319],[-6.26986,53.34319],[-6.26986,53.34319],[-6.26994,53.34319]]}},{"type":"Feature","properties":{"k":"minor","n":""},"geometry":{"type":"LineString","coordinates":[[-6.26884,53.3434],[-6.26888,53.34339]]}},{"type":"Feature","properties":{"k":"minor","n":""},"geometry":{"type":"LineString","coordinates":[[-6.26876,53.34342],[-6.26884,53.3434]]}},{"type":"Feature","properties":{"k":"minor","n":""},"geometry":{"type":"LineString","coordinates":[[-6.26755,53.34374],[-6.26759,53.34373],[-6.2676,53.34372]]}},{"type":"Feature","properties":{"k":"minor","n":""},"geometry":{"type":"LineString","coordinates":[[-6.26765,53.34406],[-6.26763,53.34402]]}},{"type":"Feature","properties":{"k":"minor","n":""},"geometry":{"type":"LineString","coordinates":[[-6.26763,53.34402],[-6.26762,53.34399]]}},{"type":"Feature","properties":{"k":"minor","n":""},"geometry":{"type":"LineString","coordinates":[[-6.26762,53.34399],[-6.2676,53.34393]]}},{"type":"Feature","properties":{"k":"minor","n":""},"geometry":{"type":"LineString","coordinates":[[-6.26752,53.34363],[-6.26754,53.34366],[-6.26759,53.34373]]}},{"type":"Feature","properties":{"k":"minor","n":""},"geometry":{"type":"LineString","coordinates":[[-6.23721,53.34591],[-6.23691,53.34589]]}},{"type":"Feature","properties":{"k":"minor","n":""},"geometry":{"type":"LineString","coordinates":[[-6.27042,53.35633],[-6.27043,53.3563],[-6.27053,53.35605],[-6.27065,53.3557],[-6.27067,53.35566]]}},{"type":"Feature","properties":{"k":"pedestrian","n":""},"geometry":{"type":"LineString","coordinates":[[-6.23644,53.3496],[-6.2356,53.34955]]}},{"type":"Feature","properties":{"k":"pedestrian","n":""},"geometry":{"type":"LineString","coordinates":[[-6.27818,53.35583],[-6.27805,53.35585],[-6.27803,53.35584],[-6.27803,53.35582],[-6.27806,53.35577],[-6.27815,53.35577],[-6.27817,53.35578],[-6.27818,53.35581],[-6.27818,53.35583]]}},{"type":"Feature","properties":{"k":"pedestrian","n":""},"geometry":{"type":"LineString","coordinates":[[-6.27837,53.35582],[-6.27835,53.35583],[-6.27835,53.35582],[-6.27827,53.35582],[-6.27827,53.35579],[-6.27826,53.35576],[-6.27834,53.35575],[-6.27833,53.35574],[-6.27836,53.35574],[-6.27836,53.35577],[-6.27837,53.35582]]}},{"type":"Feature","properties":{"k":"pedestrian","n":""},"geometry":{"type":"LineString","coordinates":[[-6.26624,53.35687],[-6.26591,53.35678],[-6.26598,53.35669],[-6.26599,53.35668],[-6.26634,53.35676],[-6.26633,53.35677],[-6.26624,53.35687]]}},{"type":"Feature","properties":{"k":"major","n":"Pearse Street"},"geometry":{"type":"LineString","coordinates":[[-6.24928,53.34411],[-6.24934,53.34412]]}},{"type":"Feature","properties":{"k":"major","n":"Pearse Street"},"geometry":{"type":"LineString","coordinates":[[-6.24934,53.34412],[-6.24941,53.34414],[-6.24944,53.34414]]}},{"type":"Feature","properties":{"k":"major","n":"Pearse Street"},"geometry":{"type":"LineString","coordinates":[[-6.24794,53.34385],[-6.24815,53.34389]]}},{"type":"Feature","properties":{"k":"major","n":"Pearse Street"},"geometry":{"type":"LineString","coordinates":[[-6.24815,53.34389],[-6.2483,53.34392],[-6.2484,53.34394]]}},{"type":"Feature","properties":{"k":"major","n":"Parnell Street"},"geometry":{"type":"LineString","coordinates":[[-6.26238,53.35215],[-6.26248,53.35207],[-6.2625,53.35206]]}},{"type":"Feature","properties":{"k":"major","n":"Parnell Street"},"geometry":{"type":"LineString","coordinates":[[-6.2625,53.35206],[-6.26256,53.35203],[-6.26257,53.35202]]}},{"type":"Feature","properties":{"k":"major","n":"Grand Canal Street Lower"},"geometry":{"type":"LineString","coordinates":[[-6.24084,53.33932],[-6.24049,53.33918],[-6.2401,53.33903],[-6.23988,53.33895],[-6.23988,53.33894],[-6.2397,53.33889]]}},{"type":"Feature","properties":{"k":"major","n":"Grand Canal Street Lower"},"geometry":{"type":"LineString","coordinates":[[-6.24123,53.33947],[-6.24084,53.33932]]}},{"type":"Feature","properties":{"k":"major","n":"Grand Canal Street Lower"},"geometry":{"type":"LineString","coordinates":[[-6.24216,53.33988],[-6.24206,53.33984],[-6.24201,53.33982],[-6.24198,53.33981],[-6.24188,53.33977]]}},{"type":"Feature","properties":{"k":"major","n":"Grand Canal Street Lower"},"geometry":{"type":"LineString","coordinates":[[-6.24172,53.33969],[-6.24176,53.33971],[-6.24184,53.33974]]}},{"type":"Feature","properties":{"k":"minor","n":""},"geometry":{"type":"LineString","coordinates":[[-6.24202,53.33935],[-6.24179,53.33963],[-6.24172,53.33969]]}},{"type":"Feature","properties":{"k":"major","n":"Grand Canal Street Lower"},"geometry":{"type":"LineString","coordinates":[[-6.24184,53.33974],[-6.24188,53.33977]]}},{"type":"Feature","properties":{"k":"major","n":"Pearse Street"},"geometry":{"type":"LineString","coordinates":[[-6.24653,53.34358],[-6.24647,53.3436],[-6.24641,53.3436]]}},{"type":"Feature","properties":{"k":"major","n":"Pearse Street"},"geometry":{"type":"LineString","coordinates":[[-6.24653,53.34358],[-6.2467,53.34361]]}},{"type":"Feature","properties":{"k":"major","n":"Sandwith Street Lower"},"geometry":{"type":"LineString","coordinates":[[-6.24661,53.34387],[-6.24656,53.34378]]}},{"type":"Feature","properties":{"k":"major","n":"Sandwith Street Lower"},"geometry":{"type":"LineString","coordinates":[[-6.24656,53.34378],[-6.24649,53.34373]]}},{"type":"Feature","properties":{"k":"major","n":"Tara Street"},"geometry":{"type":"LineString","coordinates":[[-6.25515,53.34582],[-6.25515,53.34586],[-6.25515,53.34589]]}},{"type":"Feature","properties":{"k":"major","n":"Tara Street"},"geometry":{"type":"LineString","coordinates":[[-6.25515,53.34589],[-6.25515,53.34591]]}},{"type":"Feature","properties":{"k":"major","n":"Westland Row"},"geometry":{"type":"LineString","coordinates":[[-6.24952,53.34373],[-6.24956,53.34366],[-6.24965,53.34351]]}},{"type":"Feature","properties":{"k":"major","n":"Westland Row"},"geometry":{"type":"LineString","coordinates":[[-6.24935,53.34401],[-6.24936,53.344],[-6.2494,53.34394],[-6.24941,53.34391]]}},{"type":"Feature","properties":{"k":"major","n":"Westland Row"},"geometry":{"type":"LineString","coordinates":[[-6.24965,53.34351],[-6.2497,53.34347]]}},{"type":"Feature","properties":{"k":"major","n":"Parnell Street"},"geometry":{"type":"LineString","coordinates":[[-6.26176,53.35245],[-6.26181,53.35243],[-6.26187,53.3524],[-6.26203,53.35232]]}},{"type":"Feature","properties":{"k":"major","n":"Parnell Street"},"geometry":{"type":"LineString","coordinates":[[-6.26257,53.35202],[-6.26264,53.35198],[-6.26274,53.3519]]}},{"type":"Feature","properties":{"k":"major","n":"Parnell Street"},"geometry":{"type":"LineString","coordinates":[[-6.26294,53.35176],[-6.26304,53.35172]]}},{"type":"Feature","properties":{"k":"major","n":"Usher's Island"},"geometry":{"type":"LineString","coordinates":[[-6.28266,53.3464],[-6.2828,53.34642]]}},{"type":"Feature","properties":{"k":"pedestrian","n":""},"geometry":{"type":"LineString","coordinates":[[-6.24842,53.34851],[-6.24867,53.34852],[-6.2489,53.34853],[-6.24891,53.3485]]}},{"type":"Feature","properties":{"k":"major","n":"Custom House Quay"},"geometry":{"type":"LineString","coordinates":[[-6.24854,53.3481],[-6.24824,53.34808]]}},{"type":"Feature","properties":{"k":"major","n":"North Strand Road"},"geometry":{"type":"LineString","coordinates":[[-6.24446,53.35639],[-6.2444,53.35643]]}},{"type":"Feature","properties":{"k":"major","n":"Custom House Quay"},"geometry":{"type":"LineString","coordinates":[[-6.24854,53.3481],[-6.24868,53.34807],[-6.24881,53.34808]]}},{"type":"Feature","properties":{"k":"major","n":"Custom House Quay"},"geometry":{"type":"LineString","coordinates":[[-6.24798,53.34807],[-6.24792,53.34806],[-6.24789,53.34806]]}},{"type":"Feature","properties":{"k":"major","n":"Custom House Quay"},"geometry":{"type":"LineString","coordinates":[[-6.24789,53.34806],[-6.24784,53.34806]]}},{"type":"Feature","properties":{"k":"minor","n":""},"geometry":{"type":"LineString","coordinates":[[-6.23882,53.34236],[-6.2388,53.34244]]}},{"type":"Feature","properties":{"k":"minor","n":""},"geometry":{"type":"LineString","coordinates":[[-6.24967,53.35195],[-6.24958,53.35189],[-6.24954,53.35186],[-6.24941,53.3518]]}},{"type":"Feature","properties":{"k":"major","n":"Leeson Street Lower"},"geometry":{"type":"LineString","coordinates":[[-6.25526,53.3344],[-6.25536,53.3345],[-6.25563,53.33475],[-6.25581,53.33494]]}},{"type":"Feature","properties":{"k":"major","n":"Leeson Street Lower"},"geometry":{"type":"LineString","coordinates":[[-6.25583,53.33495],[-6.25585,53.33497],[-6.25586,53.33498]]}},{"type":"Feature","properties":{"k":"major","n":"Leeson Street Lower"},"geometry":{"type":"LineString","coordinates":[[-6.25581,53.33494],[-6.25583,53.33495]]}},{"type":"Feature","properties":{"k":"major","n":"Leeson Street Lower"},"geometry":{"type":"LineString","coordinates":[[-6.25586,53.33498],[-6.25587,53.33499]]}},{"type":"Feature","properties":{"k":"major","n":"Usher's Island"},"geometry":{"type":"LineString","coordinates":[[-6.28354,53.34648],[-6.28378,53.3465],[-6.28393,53.34651],[-6.28395,53.34651],[-6.28402,53.34651],[-6.28404,53.34652]]}},{"type":"Feature","properties":{"k":"major","n":"Victoria Quay"},"geometry":{"type":"LineString","coordinates":[[-6.28414,53.34652],[-6.2843,53.34652]]}},{"type":"Feature","properties":{"k":"major","n":"Usher's Island"},"geometry":{"type":"LineString","coordinates":[[-6.28404,53.34652],[-6.28414,53.34652]]}},{"type":"Feature","properties":{"k":"major","n":"Victoria Quay"},"geometry":{"type":"LineString","coordinates":[[-6.2843,53.34652],[-6.28471,53.34653]]}},{"type":"Feature","properties":{"k":"major","n":"Victoria Quay"},"geometry":{"type":"LineString","coordinates":[[-6.28499,53.34654],[-6.28525,53.34655],[-6.28558,53.34656]]}},{"type":"Feature","properties":{"k":"major","n":"Victoria Quay"},"geometry":{"type":"LineString","coordinates":[[-6.28471,53.34653],[-6.28499,53.34654]]}},{"type":"Feature","properties":{"k":"pedestrian","n":""},"geometry":{"type":"LineString","coordinates":[[-6.26988,53.34728],[-6.26975,53.34729],[-6.26965,53.3473],[-6.26948,53.3473],[-6.26947,53.3472],[-6.26985,53.34718],[-6.26988,53.34728]]}},{"type":"Feature","properties":{"k":"pedestrian","n":""},"geometry":{"type":"LineString","coordinates":[[-6.26914,53.34467],[-6.26892,53.3447],[-6.26874,53.34472],[-6.26871,53.34466],[-6.2687,53.34465],[-6.26897,53.34461],[-6.26907,53.34459],[-6.26911,53.34458],[-6.26912,53.3446],[-6.26914,53.34467]]}},{"type":"Feature","properties":{"k":"pedestrian","n":""},"geometry":{"type":"LineString","coordinates":[[-6.26759,53.34542],[-6.26779,53.34601],[-6.26768,53.34601],[-6.2676,53.34573],[-6.26757,53.34563],[-6.26751,53.34544],[-6.26745,53.34541],[-6.26755,53.3454],[-6.26759,53.34542]]}},{"type":"Feature","properties":{"k":"pedestrian","n":""},"geometry":{"type":"LineString","coordinates":[[-6.26508,53.351],[-6.26505,53.35103],[-6.26498,53.35102],[-6.26495,53.35101],[-6.2648,53.35101],[-6.26478,53.351],[-6.26477,53.35098],[-6.26492,53.35096],[-6.26511,53.35092],[-6.26515,53.35091],[-6.26517,53.35094],[-6.26506,53.35099],[-6.26508,53.351]]}},{"type":"Feature","properties":{"k":"major","n":"Dame Street"},"geometry":{"type":"LineString","coordinates":[[-6.26655,53.34417],[-6.26629,53.34418]]}},{"type":"Feature","properties":{"k":"major","n":"Dame Street"},"geometry":{"type":"LineString","coordinates":[[-6.26629,53.34418],[-6.26612,53.34418]]}},{"type":"Feature","properties":{"k":"minor","n":""},"geometry":{"type":"LineString","coordinates":[[-6.23966,53.35671],[-6.23913,53.35698]]}},{"type":"Feature","properties":{"k":"major","n":"North Wall Quay"},"geometry":{"type":"LineString","coordinates":[[-6.23817,53.34743],[-6.23803,53.34742]]}},{"type":"Feature","properties":{"k":"major","n":"North Wall Quay"},"geometry":{"type":"LineString","coordinates":[[-6.2389,53.34748],[-6.23847,53.34745]]}},{"type":"Feature","properties":{"k":"major","n":"North Wall Quay"},"geometry":{"type":"LineString","coordinates":[[-6.23847,53.34745],[-6.23834,53.34744]]}},{"type":"Feature","properties":{"k":"minor","n":""},"geometry":{"type":"LineString","coordinates":[[-6.26787,53.34604],[-6.26786,53.346]]}},{"type":"Feature","properties":{"k":"minor","n":""},"geometry":{"type":"LineString","coordinates":[[-6.27245,53.33842],[-6.27265,53.33842]]}},{"type":"Feature","properties":{"k":"major","n":"Kevin Street Upper"},"geometry":{"type":"LineString","coordinates":[[-6.27118,53.33846],[-6.27092,53.3384],[-6.27072,53.33836]]}},{"type":"Feature","properties":{"k":"major","n":"Gardiner Street Middle"},"geometry":{"type":"LineString","coordinates":[[-6.25703,53.3544],[-6.2572,53.35465]]}},{"type":"Feature","properties":{"k":"major","n":"Gardiner Street Middle"},"geometry":{"type":"LineString","coordinates":[[-6.2574,53.35492],[-6.25741,53.35494],[-6.25747,53.35502]]}},{"type":"Feature","properties":{"k":"major","n":"Summerhill"},"geometry":{"type":"LineString","coordinates":[[-6.25658,53.35436],[-6.256,53.35459],[-6.25571,53.3547],[-6.25353,53.35553],[-6.2533,53.35561],[-6.25325,53.35563],[-6.25303,53.35565]]}},{"type":"Feature","properties":{"k":"major","n":"Church Street"},"geometry":{"type":"LineString","coordinates":[[-6.27529,53.34644],[-6.27528,53.34645]]}},{"type":"Feature","properties":{"k":"major","n":"Church Street"},"geometry":{"type":"LineString","coordinates":[[-6.27517,53.34669],[-6.27507,53.34698],[-6.27505,53.34703],[-6.27504,53.34705],[-6.27503,53.34707]]}},{"type":"Feature","properties":{"k":"pedestrian","n":""},"geometry":{"type":"LineString","coordinates":[[-6.25275,53.34671],[-6.25273,53.34687]]}},{"type":"Feature","properties":{"k":"major","n":"Leinster Street South"},"geometry":{"type":"LineString","coordinates":[[-6.25438,53.34218],[-6.25436,53.34218]]}},{"type":"Feature","properties":{"k":"water","n":""},"geometry":{"type":"Polygon","coordinates":[[[-6.24741,53.33623],[-6.24737,53.33621],[-6.2475,53.33613],[-6.24754,53.33616],[-6.24741,53.33623]]]}},{"type":"Feature","properties":{"k":"pedestrian","n":""},"geometry":{"type":"LineString","coordinates":[[-6.27351,53.34695],[-6.27347,53.34694],[-6.27344,53.34694],[-6.27344,53.34692],[-6.27348,53.34693],[-6.27352,53.34693],[-6.27351,53.34695]]}},{"type":"Feature","properties":{"k":"water","n":""},"geometry":{"type":"Polygon","coordinates":[[[-6.23757,53.33889],[-6.23758,53.33889],[-6.2376,53.33889],[-6.23761,53.33888],[-6.23762,53.33888],[-6.23763,53.33887],[-6.23763,53.33886],[-6.23784,53.33883],[-6.23788,53.33884],[-6.2379,53.33881],[-6.23786,53.3388],[-6.23784,53.33882],[-6.23763,53.33885],[-6.23762,53.33884],[-6.23761,53.33883],[-6.23759,53.33883],[-6.23758,53.33883],[-6.23756,53.33883],[-6.23755,53.33883],[-6.23754,53.33884],[-6.23753,53.33885],[-6.23753,53.33885],[-6.23753,53.33886],[-6.23753,53.33887],[-6.23753,53.33887],[-6.23754,53.33888],[-6.23755,53.33889],[-6.23757,53.33889]]]}},{"type":"Feature","properties":{"k":"major","n":"Pearse Street"},"geometry":{"type":"LineString","coordinates":[[-6.25531,53.34527],[-6.25566,53.34537]]}},{"type":"Feature","properties":{"k":"major","n":"Pearse Street"},"geometry":{"type":"LineString","coordinates":[[-6.25566,53.34537],[-6.25592,53.34543],[-6.2564,53.34556],[-6.25646,53.34557]]}},{"type":"Feature","properties":{"k":"major","n":"Tara Street"},"geometry":{"type":"LineString","coordinates":[[-6.25515,53.34549],[-6.25515,53.34582]]}},{"type":"Feature","properties":{"k":"pedestrian","n":""},"geometry":{"type":"LineString","coordinates":[[-6.24744,53.33707],[-6.24753,53.33709],[-6.24838,53.33737],[-6.24844,53.33739]]}},{"type":"Feature","properties":{"k":"pedestrian","n":""},"geometry":{"type":"LineString","coordinates":[[-6.24449,53.33697],[-6.24446,53.33696],[-6.24442,53.33695],[-6.24439,53.33691],[-6.2444,53.33686],[-6.24458,53.33671],[-6.24488,53.33683],[-6.24482,53.33689],[-6.24464,53.33683],[-6.24459,53.33684],[-6.24454,53.33688],[-6.24452,53.33691],[-6.24453,53.33692],[-6.24449,53.33697]]}},{"type":"Feature","properties":{"k":"major","n":"North Circular Road"},"geometry":{"type":"LineString","coordinates":[[-6.28499,53.358],[-6.28434,53.35815],[-6.28408,53.35822],[-6.28283,53.35856],[-6.28266,53.35861]]}},{"type":"Feature","properties":{"k":"minor","n":""},"geometry":{"type":"LineString","coordinates":[[-6.26676,53.3521],[-6.26666,53.35204],[-6.26637,53.35188],[-6.26611,53.35174],[-6.26585,53.35162]]}},{"type":"Feature","properties":{"k":"minor","n":""},"geometry":{"type":"LineString","coordinates":[[-6.26585,53.35162],[-6.26504,53.35117]]}},{"type":"Feature","properties":{"k":"minor","n":""},"geometry":{"type":"LineString","coordinates":[[-6.23665,53.33918],[-6.23662,53.33928],[-6.2366,53.33939],[-6.23659,53.33942]]}},{"type":"Feature","properties":{"k":"minor","n":""},"geometry":{"type":"LineString","coordinates":[[-6.26592,53.34681],[-6.26638,53.34674],[-6.26736,53.34659]]}},{"type":"Feature","properties":{"k":"minor","n":""},"geometry":{"type":"LineString","coordinates":[[-6.26736,53.34659],[-6.26747,53.34657],[-6.26806,53.34648]]}},{"type":"Feature","properties":{"k":"minor","n":""},"geometry":{"type":"LineString","coordinates":[[-6.26971,53.34897],[-6.26954,53.34831]]}},{"type":"Feature","properties":{"k":"major","n":"Constitution Hill"},"geometry":{"type":"LineString","coordinates":[[-6.27312,53.35422],[-6.27301,53.35418],[-6.27293,53.35407],[-6.27291,53.35402]]}},{"type":"Feature","properties":{"k":"minor","n":""},"geometry":{"type":"LineString","coordinates":[[-6.27189,53.35443],[-6.27165,53.35432]]}},{"type":"Feature","properties":{"k":"major","n":"Western Way"},"geometry":{"type":"LineString","coordinates":[[-6.27294,53.35432],[-6.27297,53.35429],[-6.27299,53.35425],[-6.27301,53.35418]]}},{"type":"Feature","properties":{"k":"major","n":"Church Street Upper"},"geometry":{"type":"LineString","coordinates":[[-6.27411,53.351],[-6.2741,53.35102],[-6.27387,53.35136]]}},{"type":"Feature","properties":{"k":"major","n":"Constitution Hill"},"geometry":{"type":"LineString","coordinates":[[-6.27306,53.35312],[-6.27311,53.35292],[-6.27322,53.35256]]}},{"type":"Feature","properties":{"k":"major","n":"Western Way"},"geometry":{"type":"LineString","coordinates":[[-6.27239,53.3549],[-6.27237,53.35493],[-6.27234,53.35497],[-6.27224,53.35505],[-6.2721,53.35513],[-6.27198,53.35519]]}},{"type":"Feature","properties":{"k":"minor","n":""},"geometry":{"type":"LineString","coordinates":[[-6.28048,53.3332],[-6.28056,53.33316],[-6.28076,53.3331],[-6.28172,53.33296],[-6.28186,53.33294],[-6.28193,53.33295],[-6.28198,53.33299],[-6.28201,53.33302]]}},{"type":"Feature","properties":{"k":"major","n":"Phibsborough Road"},"geometry":{"type":"LineString","coordinates":[[-6.27345,53.35787],[-6.27347,53.35778]]}},{"type":"Feature","properties":{"k":"major","n":"Phibsborough Road"},"geometry":{"type":"LineString","coordinates":[[-6.27359,53.35703],[-6.2736,53.35692],[-6.2736,53.35681],[-6.27361,53.35653]]}},{"type":"Feature","properties":{"k":"minor","n":""},"geometry":{"type":"LineString","coordinates":[[-6.27821,53.35574],[-6.27816,53.3556]]}},{"type":"Feature","properties":{"k":"minor","n":""},"geometry":{"type":"LineString","coordinates":[[-6.27855,53.3564],[-6.27849,53.35629]]}},{"type":"Feature","properties":{"k":"water","n":""},"geometry":{"type":"Polygon","coordinates":[[[-6.25528,53.34941],[-6.25521,53.34925],[-6.25506,53.34927],[-6.25513,53.34943],[-6.25528,53.34941]]]}},{"type":"Feature","properties":{"k":"minor","n":""},"geometry":{"type":"LineString","coordinates":[[-6.27734,53.34098],[-6.27739,53.34108],[-6.27756,53.34146]]}},{"type":"Feature","properties":{"k":"major","n":"College Green"},"geometry":{"type":"LineString","coordinates":[[-6.26054,53.3443],[-6.26069,53.34429]]}},{"type":"Feature","properties":{"k":"minor","n":""},"geometry":{"type":"LineString","coordinates":[[-6.25155,53.33959],[-6.25125,53.33948],[-6.25106,53.33941]]}},{"type":"Feature","properties":{"k":"major","n":"Inns Quay"},"geometry":{"type":"LineString","coordinates":[[-6.27563,53.34581],[-6.27551,53.3458],[-6.27542,53.34579]]}},{"type":"Feature","properties":{"k":"minor","n":""},"geometry":{"type":"LineString","coordinates":[[-6.27699,53.34706],[-6.27698,53.34708],[-6.27698,53.3471],[-6.27697,53.34711],[-6.27697,53.34713],[-6.27696,53.34717],[-6.27693,53.34728]]}},{"type":"Feature","properties":{"k":"major","n":"Marrowbone Lane"},"geometry":{"type":"LineString","coordinates":[[-6.28325,53.34061],[-6.28342,53.34059]]}},{"type":"Feature","properties":{"k":"major","n":"Merrion Square North"},"geometry":{"type":"LineString","coordinates":[[-6.2475,53.34001],[-6.24729,53.33993]]}},{"type":"Feature","properties":{"k":"pedestrian","n":""},"geometry":{"type":"LineString","coordinates":[[-6.26925,53.34947],[-6.26917,53.34949]]}},{"type":"Feature","properties":{"k":"major","n":"Camden Street Lower"},"geometry":{"type":"LineString","coordinates":[[-6.26546,53.33645],[-6.26537,53.33621],[-6.26536,53.33617],[-6.26534,53.33613],[-6.26526,53.33583]]}},{"type":"Feature","properties":{"k":"pedestrian","n":""},"geometry":{"type":"LineString","coordinates":[[-6.25952,53.34327],[-6.2595,53.3433],[-6.25949,53.34334],[-6.25942,53.34331],[-6.25938,53.34329],[-6.25933,53.34327],[-6.25933,53.34326],[-6.25927,53.34322],[-6.25923,53.34319],[-6.25916,53.34316],[-6.25916,53.34315],[-6.2592,53.34316],[-6.25936,53.34321],[-6.2594,53.34322],[-6.25946,53.34324],[-6.25948,53.34325],[-6.25952,53.34327]]}},{"type":"Feature","properties":{"k":"water","n":""},"geometry":{"type":"Polygon","coordinates":[[[-6.26827,53.34341],[-6.26825,53.34338],[-6.26823,53.34338],[-6.26823,53.34337],[-6.26789,53.34344],[-6.26792,53.34349],[-6.26826,53.34342],[-6.26825,53.34341],[-6.26827,53.34341]]]}},{"type":"Feature","properties":{"k":"major","n":"Baggot Street Lower"},"geometry":{"type":"LineString","coordinates":[[-6.24651,53.33506],[-6.24694,53.33535]]}},{"type":"Feature","properties":{"k":"pedestrian","n":""},"geometry":{"type":"LineString","coordinates":[[-6.23545,53.3416],[-6.23523,53.34158],[-6.23526,53.34149],[-6.23538,53.34151],[-6.23548,53.34152],[-6.23545,53.3416]]}},{"type":"Feature","properties":{"k":"major","n":"Nassau Street"},"geometry":{"type":"LineString","coordinates":[[-6.25629,53.34259],[-6.25615,53.34256],[-6.25578,53.34248]]}},{"type":"Feature","properties":{"k":"minor","n":""},"geometry":{"type":"LineString","coordinates":[[-6.25877,53.34857],[-6.25859,53.34861],[-6.25775,53.34873],[-6.25762,53.34875]]}},{"type":"Feature","properties":{"k":"minor","n":""},"geometry":{"type":"LineString","coordinates":[[-6.25152,53.34455],[-6.25148,53.34466],[-6.25148,53.34468]]}},{"type":"Feature","properties":{"k":"minor","n":""},"geometry":{"type":"LineString","coordinates":[[-6.27442,53.34691],[-6.27442,53.34695],[-6.27481,53.34698],[-6.27498,53.34699],[-6.27507,53.34698]]}},{"type":"Feature","properties":{"k":"minor","n":""},"geometry":{"type":"LineString","coordinates":[[-6.27262,53.35412],[-6.27093,53.35362]]}},{"type":"Feature","properties":{"k":"minor","n":""},"geometry":{"type":"LineString","coordinates":[[-6.24548,53.35119],[-6.24544,53.35143],[-6.24545,53.35148],[-6.24547,53.35151]]}},{"type":"Feature","properties":{"k":"minor","n":""},"geometry":{"type":"LineString","coordinates":[[-6.24788,53.35169],[-6.2483,53.35172],[-6.24834,53.35173]]}},{"type":"Feature","properties":{"k":"minor","n":""},"geometry":{"type":"LineString","coordinates":[[-6.24695,53.35163],[-6.24759,53.35167]]}},{"type":"Feature","properties":{"k":"minor","n":""},"geometry":{"type":"LineString","coordinates":[[-6.24759,53.35167],[-6.24788,53.35169],[-6.24788,53.35169]]}},{"type":"Feature","properties":{"k":"minor","n":""},"geometry":{"type":"LineString","coordinates":[[-6.24555,53.35091],[-6.24551,53.35102],[-6.24548,53.35119]]}},{"type":"Feature","properties":{"k":"minor","n":""},"geometry":{"type":"LineString","coordinates":[[-6.24627,53.35158],[-6.24665,53.35161],[-6.24695,53.35163]]}},{"type":"Feature","properties":{"k":"minor","n":""},"geometry":{"type":"LineString","coordinates":[[-6.2703,53.35669],[-6.27164,53.35682],[-6.272,53.35685]]}},{"type":"Feature","properties":{"k":"minor","n":""},"geometry":{"type":"LineString","coordinates":[[-6.27888,53.34115],[-6.27858,53.3412]]}},{"type":"Feature","properties":{"k":"major","n":"North Circular Road"},"geometry":{"type":"LineString","coordinates":[[-6.28543,53.3579],[-6.28499,53.358]]}},{"type":"Feature","properties":{"k":"minor","n":""},"geometry":{"type":"LineString","coordinates":[[-6.26494,53.34543],[-6.26505,53.34568],[-6.26506,53.34571]]}},{"type":"Feature","properties":{"k":"minor","n":""},"geometry":{"type":"LineString","coordinates":[[-6.2818,53.35317],[-6.28154,53.35313]]}},{"type":"Feature","properties":{"k":"minor","n":""},"geometry":{"type":"LineString","coordinates":[[-6.28225,53.35327],[-6.28232,53.35325],[-6.28284,53.35334]]}},{"type":"Feature","properties":{"k":"minor","n":""},"geometry":{"type":"LineString","coordinates":[[-6.28225,53.35327],[-6.2818,53.35317]]}},{"type":"Feature","properties":{"k":"minor","n":""},"geometry":{"type":"LineString","coordinates":[[-6.28336,53.35288],[-6.28322,53.35262]]}},{"type":"Feature","properties":{"k":"minor","n":""},"geometry":{"type":"LineString","coordinates":[[-6.26804,53.35607],[-6.26801,53.3562],[-6.268,53.35628],[-6.26798,53.35638],[-6.26797,53.35649],[-6.26796,53.35657],[-6.26795,53.35663],[-6.26793,53.35677]]}},{"type":"Feature","properties":{"k":"major","n":"Granby Row"},"geometry":{"type":"LineString","coordinates":[[-6.26604,53.3539],[-6.26608,53.35392],[-6.2668,53.35417],[-6.26692,53.35421]]}},{"type":"Feature","properties":{"k":"major","n":"Berkeley Street"},"geometry":{"type":"LineString","coordinates":[[-6.26824,53.35723],[-6.26817,53.35715],[-6.26813,53.3571]]}},{"type":"Feature","properties":{"k":"major","n":"Berkeley Street"},"geometry":{"type":"LineString","coordinates":[[-6.2686,53.35763],[-6.26824,53.35723]]}},{"type":"Feature","properties":{"k":"minor","n":""},"geometry":{"type":"LineString","coordinates":[[-6.25907,53.35448],[-6.25974,53.35492]]}},{"type":"Feature","properties":{"k":"minor","n":""},"geometry":{"type":"LineString","coordinates":[[-6.25907,53.35448],[-6.259,53.3545],[-6.25873,53.35458]]}},{"type":"Feature","properties":{"k":"major","n":"Gardiner Street Middle"},"geometry":{"type":"LineString","coordinates":[[-6.2572,53.35465],[-6.2574,53.35492]]}},{"type":"Feature","properties":{"k":"major","n":"Gardiner Street Middle"},"geometry":{"type":"LineString","coordinates":[[-6.25747,53.35502],[-6.25782,53.35549]]}},{"type":"Feature","properties":{"k":"minor","n":""},"geometry":{"type":"LineString","coordinates":[[-6.27224,53.3577],[-6.27238,53.35688]]}},{"type":"Feature","properties":{"k":"minor","n":""},"geometry":{"type":"LineString","coordinates":[[-6.27238,53.35688],[-6.27242,53.35666],[-6.27247,53.35636]]}},{"type":"Feature","properties":{"k":"minor","n":""},"geometry":{"type":"LineString","coordinates":[[-6.26693,53.35153],[-6.26622,53.35108]]}},{"type":"Feature","properties":{"k":"minor","n":""},"geometry":{"type":"LineString","coordinates":[[-6.26383,53.34793],[-6.26419,53.34787],[-6.26435,53.34785],[-6.26484,53.34778],[-6.26487,53.34777],[-6.26489,53.34777]]}},{"type":"Feature","properties":{"k":"pedestrian","n":""},"geometry":{"type":"LineString","coordinates":[[-6.23934,53.34177],[-6.23939,53.34157],[-6.23929,53.34157],[-6.23907,53.34155],[-6.23903,53.34175],[-6.23924,53.34176],[-6.23934,53.34177]]}},{"type":"Feature","properties":{"k":"major","n":"Memorial Road"},"geometry":{"type":"LineString","coordinates":[[-6.2515,53.34921],[-6.25151,53.34916],[-6.25152,53.34908],[-6.25152,53.34906]]}},{"type":"Feature","properties":{"k":"major","n":"Amiens Street"},"geometry":{"type":"LineString","coordinates":[[-6.2507,53.35013],[-6.25072,53.35008],[-6.25078,53.35],[-6.2508,53.34997],[-6.25081,53.34994],[-6.25082,53.34994],[-6.25083,53.34991],[-6.25088,53.34985]]}},{"type":"Feature","properties":{"k":"major","n":"Amiens Street"},"geometry":{"type":"LineString","coordinates":[[-6.25011,53.35115],[-6.25027,53.35085],[-6.25044,53.35056],[-6.25051,53.35045]]}},{"type":"Feature","properties":{"k":"major","n":"Amiens Street"},"geometry":{"type":"LineString","coordinates":[[-6.25012,53.35139],[-6.25007,53.35141],[-6.25004,53.35142]]}},{"type":"Feature","properties":{"k":"major","n":"Amiens Street"},"geometry":{"type":"LineString","coordinates":[[-6.25014,53.35135],[-6.25012,53.35139]]}},{"type":"Feature","properties":{"k":"major","n":"Amiens Street"},"geometry":{"type":"LineString","coordinates":[[-6.25004,53.35129],[-6.25005,53.35127]]}},{"type":"Feature","properties":{"k":"major","n":"Amiens Street"},"geometry":{"type":"LineString","coordinates":[[-6.25002,53.35135],[-6.25002,53.35132],[-6.25003,53.35131],[-6.25004,53.35129]]}},{"type":"Feature","properties":{"k":"major","n":"Amiens Street"},"geometry":{"type":"LineString","coordinates":[[-6.25005,53.35127],[-6.25007,53.35122],[-6.25011,53.35115]]}},{"type":"Feature","properties":{"k":"major","n":"Amiens Street"},"geometry":{"type":"LineString","coordinates":[[-6.25027,53.35113],[-6.2502,53.35126],[-6.25018,53.3513],[-6.25016,53.35133],[-6.25014,53.35135]]}},{"type":"Feature","properties":{"k":"major","n":"Amiens Street"},"geometry":{"type":"LineString","coordinates":[[-6.2507,53.35041],[-6.25066,53.35048]]}},{"type":"Feature","properties":{"k":"major","n":"Amiens Street"},"geometry":{"type":"LineString","coordinates":[[-6.25051,53.35045],[-6.2507,53.35013]]}},{"type":"Feature","properties":{"k":"major","n":"Eden Quay"},"geometry":{"type":"LineString","coordinates":[[-6.25838,53.34774],[-6.25799,53.34783]]}},{"type":"Feature","properties":{"k":"major","n":"Eden Quay"},"geometry":{"type":"LineString","coordinates":[[-6.25624,53.34813],[-6.25575,53.34819]]}},{"type":"Feature","properties":{"k":"major","n":"Ormond Quay Lower"},"geometry":{"type":"LineString","coordinates":[[-6.26789,53.34608],[-6.26772,53.34609],[-6.26686,53.34615],[-6.2666,53.34618]]}},{"type":"Feature","properties":{"k":"major","n":"Ormond Quay Lower"},"geometry":{"type":"LineString","coordinates":[[-6.2666,53.34618],[-6.2657,53.34626]]}},{"type":"Feature","properties":{"k":"major","n":"Bachelors Walk"},"geometry":{"type":"LineString","coordinates":[[-6.26053,53.34725],[-6.26005,53.34736]]}},{"type":"Feature","properties":{"k":"major","n":"Seville Place"},"geometry":{"type":"LineString","coordinates":[[-6.24621,53.35437],[-6.24607,53.35426]]}},{"type":"Feature","properties":{"k":"major","n":"Portland Row"},"geometry":{"type":"LineString","coordinates":[[-6.24726,53.35514],[-6.24698,53.35492]]}},{"type":"Feature","properties":{"k":"minor","n":""},"geometry":{"type":"LineString","coordinates":[[-6.25441,53.35074],[-6.25456,53.35071],[-6.25484,53.35066]]}},{"type":"Feature","properties":{"k":"minor","n":""},"geometry":{"type":"LineString","coordinates":[[-6.25484,53.35066],[-6.25513,53.35061]]}},{"type":"Feature","properties":{"k":"major","n":"Inns Quay"},"geometry":{"type":"LineString","coordinates":[[-6.2728,53.34557],[-6.27242,53.34557],[-6.27221,53.34558]]}},{"type":"Feature","properties":{"k":"major","n":"Burgh Quay"},"geometry":{"type":"LineString","coordinates":[[-6.25802,53.34717],[-6.25847,53.34707],[-6.25852,53.34706],[-6.2586,53.34704]]}},{"type":"Feature","properties":{"k":"major","n":"Merchant's Quay"},"geometry":{"type":"LineString","coordinates":[[-6.27475,53.34517],[-6.27538,53.34522],[-6.27557,53.34524],[-6.27563,53.34525],[-6.27568,53.34525],[-6.27587,53.34528]]}},{"type":"Feature","properties":{"k":"major","n":"Usher's Quay"},"geometry":{"type":"LineString","coordinates":[[-6.27611,53.34532],[-6.27637,53.34537],[-6.27663,53.34543]]}},{"type":"Feature","properties":{"k":"major","n":"Usher's Quay"},"geometry":{"type":"LineString","coordinates":[[-6.27977,53.34603],[-6.28032,53.34615],[-6.28039,53.34616],[-6.28043,53.34617],[-6.28051,53.34618]]}},{"type":"Feature","properties":{"k":"major","n":"Usher's Island"},"geometry":{"type":"LineString","coordinates":[[-6.28078,53.34621],[-6.2813,53.34627]]}},{"type":"Feature","properties":{"k":"major","n":"Sarsfield Quay"},"geometry":{"type":"LineString","coordinates":[[-6.2853,53.34703],[-6.28486,53.34702],[-6.28468,53.34701]]}},{"type":"Feature","properties":{"k":"major","n":"Ellis Quay"},"geometry":{"type":"LineString","coordinates":[[-6.28335,53.34695],[-6.2832,53.34694],[-6.28306,53.34692],[-6.28288,53.3469],[-6.28284,53.34692]]}},{"type":"Feature","properties":{"k":"major","n":"Church Street"},"geometry":{"type":"LineString","coordinates":[[-6.27528,53.34645],[-6.2752,53.34661],[-6.27517,53.34669]]}},{"type":"Feature","properties":{"k":"major","n":"Church Street"},"geometry":{"type":"LineString","coordinates":[[-6.27483,53.34767],[-6.27481,53.34778],[-6.27477,53.34801]]}},{"type":"Feature","properties":{"k":"major","n":"Custom House Quay"},"geometry":{"type":"LineString","coordinates":[[-6.24824,53.34808],[-6.24798,53.34807]]}},{"type":"Feature","properties":{"k":"major","n":"North Wall Quay"},"geometry":{"type":"LineString","coordinates":[[-6.24226,53.34769],[-6.24204,53.34768],[-6.24172,53.34766],[-6.24152,53.34764],[-6.24146,53.34764],[-6.24141,53.34764]]}},{"type":"Feature","properties":{"k":"major","n":"North Wall Quay"},"geometry":{"type":"LineString","coordinates":[[-6.24287,53.34773],[-6.24226,53.34769]]}},{"type":"Feature","properties":{"k":"major","n":"North Wall Quay"},"geometry":{"type":"LineString","coordinates":[[-6.23514,53.34722],[-6.23463,53.34718]]}}]}